30,10,34,10,4,28,8,0,0,0,0,0,0,0,0,0,0,0,0,0,0,0,0,0,0,0,0,0,0,0,1,3,1,2,2,2,3,0,0,0,0,0,0,0,0,0,0,0,0,0,0,0,0,0,0,0,0,0,0,0,1,3,1,2,2,2,3,0,0,0,0,0,0,0,0,0,0,0,0,0,0,0,0,0,0,0,0,0,0,0
8,32,4,10,10,0,0,0,0,0,0,0,0,0,0,0,0,0,0,0,0,0,0,0,0,0,0,0,0,0,4,1,2,2,3,0,0,0,0,0,0,0,0,0,0,0,0,0,0,0,0,0,0,0,0,0,0,0,0,0,3,1,2,2,3,0,0,0,0,0,0,0,0,0,0,0,0,0,0,0,0,0,0,0,0,0,0,0,0,0
35,40,25,7,6,2,26,1,7,28,2,31,12,6,16,1,52,4,10,10,58,11,2,19,4,18,0,0,0,0,4,4,1,2,2,3,1,2,2,2,2,3,1,2,2,2,2,2,2,3,1,2,3,1,2,3,0,0,0,0,4,4,1,2,2,3,1,2,2,2,2,3,1,2,2,2,2,2,2,3,1,2,3,1,2,3,0,0,0,0
3,1,4,10,33,15,20,0,0,0,0,0,0,0,0,0,0,0,0,0,0,0,0,0,0,0,0,0,0,0,1,2,2,3,1,2,3,0,0,0,0,0,0,0,0,0,0,0,0,0,0,0,0,0,0,0,0,0,0,0,1,2,2,3,1,2,3,0,0,0,0,0,0,0,0,0,0,0,0,0,0,0,0,0,0,0,0,0,0,0
10,6,7,49,2,5,5,10,2,6,18,0,0,0,0,0,0,0,0,0,0,0,0,0,0,0,0,0,0,0,1,2,2,3,1,2,2,2,2,2,3,0,0,0,0,0,0,0,0,0,0,0,0,0,0,0,0,0,0,0,1,2,2,3,1,2,2,2,2,2,3,0,0,0,0,0,0,0,0,0,0,0,0,0,0,0,0,0,0,0
25,6,16,14,11,5,18,38,0,0,0,0,0,0,0,0,0,0,0,0,0,0,0,0,0,0,0,0,0,0,1,2,3,4,1,2,2,3,0,0,0,0,0,0,0,0,0,0,0,0,0,0,0,0,0,0,0,0,0,0,1,2,3,4,1,2,2,3,0,0,0,0,0,0,0,0,0,0,0,0,0,0,0,0,0,0,0,0,0,0
10,25,7,11,31,14,16,1,30,1,7,16,59,0,0,0,0,0,0,0,0,0,0,0,0,0,0,0,0,0,1,2,2,2,3,4,1,2,2,2,2,3,4,0,0,0,0,0,0,0,0,0,0,0,0,0,0,0,0,0,1,2,2,2,3,4,1,2,2,2,2,3,1,0,0,0,0,0,0,0,0,0,0,0,0,0,0,0,0,0
21,14,18,30,7,14,60,28,10,19,4,10,10,26,6,8,2,8,0,0,0,0,0,0,0,0,0,0,0,0,4,4,1,2,3,4,1,2,3,1,2,2,3,1,2,2,2,3,0,0,0,0,0,0,0,0,0,0,0,0,4,4,1,2,3,4,1,2,3,1,2,2,3,1,2,2,2,3,0,0,0,0,0,0,0,0,0,0,0,0
24,27,14,15,9,13,33,15,23,27,9,34,17,33,26,13,0,0,0,0,0,0,0,0,0,0,0,0,0,0,1,3,4,1,2,2,2,2,3,1,2,2,2,2,2,3,0,0,0,0,0,0,0,0,0,0,0,0,0,0,1,3,4,1,2,2,2,2,2,2,3,1,2,2,2,3,0,0,0,0,0,0,0,0,0,0,0,0,0,0
27,9,19,26,14,34,20,9,26,27,14,12,20,63,9,0,0,0,0,0,0,0,0,0,0,0,0,0,0,0,1,2,2,3,4,1,2,2,2,3,4,1,2,2,3,0,0,0,0,0,0,0,0,0,0,0,0,0,0,0,1,2,2,3,4,1,2,2,2,3,4,1,2,2,3,0,0,0,0,0,0,0,0,0,0,0,0,0,0,0
32,28,14,21,4,18,18,1,3,14,21,4,2,3,6,44,0,0,0,0,0,0,0,0,0,0,0,0,0,0,1,3,4,1,2,2,2,2,3,4,1,2,2,2,2,3,0,0,0,0,0,0,0,0,0,0,0,0,0,0,1,3,4,1,2,2,2,2,3,4,1,2,2,2,2,3,0,0,0,0,0,0,0,0,0,0,0,0,0,0
19,9,26,26,13,57,24,9,14,35,22,27,57,0,0,0,0,0,0,0,0,0,0,0,0,0,0,0,0,0,1,2,2,3,1,2,2,3,4,1,2,2,3,0,0,0,0,0,0,0,0,0,0,0,0,0,0,0,0,0,1,2,2,2,2,2,2,3,4,1,2,2,3,0,0,0,0,0,0,0,0,0,0,0,0,0,0,0,0,0
2,5,49,14,6,7,30,5,14,31,4,3,16,52,4,3,1,53,1,3,8,6,5,7,14,21,6,7,5,3,1,2,3,4,1,2,2,3,4,1,2,2,2,2,2,2,3,1,2,2,2,2,2,3,4,1,2,2,2,3,1,2,3,4,1,2,2,3,4,1,2,2,2,2,2,2,3,1,2,2,2,2,2,3,4,1,2,2,2,3
2,1,7,8,5,3,14,5,32,5,25,7,16,8,0,0,0,0,0,0,0,0,0,0,0,0,0,0,0,0,1,2,2,2,2,3,4,1,2,2,2,2,2,3,0,0,0,0,0,0,0,0,0,0,0,0,0,0,0,0,1,2,2,2,2,3,4,1,2,2,2,2,2,3,0,0,0,0,0,0,0,0,0,0,0,0,0,0,0,0
10,1,6,2,11,31,16,1,37,0,0,0,0,0,0,0,0,0,0,0,0,0,0,0,0,0,0,0,0,0,1,2,2,2,2,3,1,2,3,0,0,0,0,0,0,0,0,0,0,0,0,0,0,0,0,0,0,0,0,0,1,2,2,2,2,3,1,2,3,0,0,0,0,0,0,0,0,0,0,0,0,0,0,0,0,0,0,0,0,0
58,12,29,12,36,14,19,22,26,22,23,14,17,34,13,9,15,14,20,27,0,0,0,0,0,0,0,0,0,0,1,3,1,2,3,4,1,2,2,2,3,4,1,2,2,2,3,4,1,3,0,0,0,0,0,0,0,0,0,0,1,2,2,2,3,4,1,2,2,2,3,4,1,2,2,2,3,4,1,3,0,0,0,0,0,0,0,0,0,0
26,22,22,56,33,24,14,19,22,29,24,26,9,13,9,0,0,0,0,0,0,0,0,0,0,0,0,0,0,0,1,2,2,2,2,3,4,1,2,2,2,2,2,2,3,0,0,0,0,0,0,0,0,0,0,0,0,0,0,0,1,2,2,2,2,3,4,1,2,2,2,2,2,2,3,0,0,0,0,0,0,0,0,0,0,0,0,0,0,0
58,12,34,33,23,14,26,17,29,35,27,17,0,0,0,0,0,0,0,0,0,0,0,0,0,0,0,0,0,0,1,3,1,2,3,4,1,2,2,2,2,3,0,0,0,0,0,0,0,0,0,0,0,0,0,0,0,0,0,0,1,3,1,2,3,4,1,2,2,2,2,3,0,0,0,0,0,0,0,0,0,0,0,0,0,0,0,0,0,0
39,54,29,14,36,15,22,33,24,0,0,0,0,0,0,0,0,0,0,0,0,0,0,0,0,0,0,0,0,0,1,2,3,4,1,2,2,2,3,0,0,0,0,0,0,0,0,0,0,0,0,0,0,0,0,0,0,0,0,0,1,2,3,4,1,2,2,2,3,0,0,0,0,0,0,0,0,0,0,0,0,0,0,0,0,0,0,0,0,0
49,1,38,8,13,5,27,1,10,1,2,1,0,0,0,0,0,0,0,0,0,0,0,0,0,0,0,0,0,0,1,2,2,3,1,3,1,2,2,2,2,3,0,0,0,0,0,0,0,0,0,0,0,0,0,0,0,0,0,0,1,2,2,3,1,3,1,2,2,2,2,3,0,0,0,0,0,0,0,0,0,0,0,0,0,0,0,0,0,0
20,7,8,2,4,7,2,6,4,2,6,5,7,12,1,2,0,0,0,0,0,0,0,0,0,0,0,0,0,0,1,2,2,2,2,2,2,2,2,2,2,2,3,1,2,3,0,0,0,0,0,0,0,0,0,0,0,0,0,0,1,2,2,2,2,2,2,2,2,2,2,2,3,1,2,3,0,0,0,0,0,0,0,0,0,0,0,0,0,0
8,11,5,3,1,14,21,4,44,0,0,0,0,0,0,0,0,0,0,0,0,0,0,0,0,0,0,0,0,0,1,2,2,2,3,4,1,2,3,0,0,0,0,0,0,0,0,0,0,0,0,0,0,0,0,0,0,0,0,0,1,2,2,2,3,4,1,2,3,0,0,0,0,0,0,0,0,0,0,0,0,0,0,0,0,0,0,0,0,0
18,3,5,18,4,28,4,2,1,23,1,2,35,4,11,49,52,4,3,16,62,25,6,11,49,18,3,5,18,0,1,2,2,2,2,2,2,2,3,1,2,3,1,2,2,2,2,2,2,3,1,2,2,2,3,1,2,2,3,0,1,2,2,2,2,2,2,2,3,1,2,3,1,2,2,2,2,2,2,3,1,2,2,2,3,1,2,2,3,0
29,22,12,47,14,19,62,35,27,0,0,0,0,0,0,0,0,0,0,0,0,0,0,0,0,0,0,0,0,0,1,2,3,4,4,1,2,2,3,0,0,0,0,0,0,0,0,0,0,0,0,0,0,0,0,0,0,0,0,0,1,2,3,4,4,1,2,2,3,0,0,0,0,0,0,0,0,0,0,0,0,0,0,0,0,0,0,0,0,0
10,6,32,59,4,37,4,0,0,0,0,0,0,0,0,0,0,0,0,0,0,0,0,0,0,0,0,0,0,0,1,2,3,1,2,2,3,0,0,0,0,0,0,0,0,0,0,0,0,0,0,0,0,0,0,0,0,0,0,0,1,2,3,1,2,2,3,0,0,0,0,0,0,0,0,0,0,0,0,0,0,0,0,0,0,0,0,0,0,0
1,44,1,11,25,2,1,14,10,7,0,0,0,0,0,0,0,0,0,0,0,0,0,0,0,0,0,0,0,0,1,2,2,2,2,2,3,4,1,3,0,0,0,0,0,0,0,0,0,0,0,0,0,0,0,0,0,0,0,0,1,2,2,2,2,2,3,4,1,3,0,0,0,0,0,0,0,0,0,0,0,0,0,0,0,0,0,0,0,0
25,7,6,14,52,5,3,49,8,2,4,2,6,5,7,8,0,0,0,0,0,0,0,0,0,0,0,0,0,0,1,2,3,4,1,2,2,2,2,2,2,2,2,2,2,3,0,0,0,0,0,0,0,0,0,0,0,0,0,0,1,2,3,4,1,2,2,2,2,2,2,2,2,2,2,3,0,0,0,0,0,0,0,0,0,0,0,0,0,0
16,32,3,1,28,14,6,7,6,2,14,18,3,6,7,2,0,0,0,0,0,0,0,0,0,0,0,0,0,0,1,2,2,2,3,4,1,2,2,3,4,1,2,2,2,3,0,0,0,0,0,0,0,0,0,0,0,0,0,0,1,2,2,2,3,4,1,2,2,3,4,1,2,2,2,3,0,0,0,0,0,0,0,0,0,0,0,0,0,0
20,27,19,14,33,24,27,17,13,9,12,9,15,53,9,15,19,26,20,9,23,13,0,0,0,0,0,0,0,0,1,2,3,4,1,2,2,2,2,3,1,2,2,2,2,3,1,2,2,2,2,3,0,0,0,0,0,0,0,0,1,2,3,4,1,2,2,2,2,3,1,2,2,2,2,3,1,2,2,2,2,3,0,0,0,0,0,0,0,0
30,2,18,17,16,4,18,2,1,3,0,0,0,0,0,0,0,0,0,0,0,0,0,0,0,0,0,0,0,0,1,2,3,1,2,2,2,2,2,3,0,0,0,0,0,0,0,0,0,0,0,0,0,0,0,0,0,0,0,0,1,2,3,1,2,2,2,2,2,3,0,0,0,0,0,0,0,0,0,0,0,0,0,0,0,0,0,0,0,0
35,27,34,14,27,54,20,27,13,39,0,0,0,0,0,0,0,0,0,0,0,0,0,0,0,0,0,0,0,0,1,2,3,4,4,1,2,2,2,3,0,0,0,0,0,0,0,0,0,0,0,0,0,0,0,0,0,0,0,0,1,2,3,4,1,2,2,2,2,3,0,0,0,0,0,0,0,0,0,0,0,0,0,0,0,0,0,0,0,0
2,1,21,18,35,28,19,5,10,5,3,0,0,0,0,0,0,0,0,0,0,0,0,0,0,0,0,0,0,0,1,2,2,3,1,3,1,2,2,2,3,0,0,0,0,0,0,0,0,0,0,0,0,0,0,0,0,0,0,0,1,2,2,3,1,3,1,2,2,2,3,0,0,0,0,0,0,0,0,0,0,0,0,0,0,0,0,0,0,0
8,7,16,14,18,11,21,14,18,10,25,28,6,7,14,16,3,5,18,0,0,0,0,0,0,0,0,0,0,0,1,2,3,4,1,2,3,4,1,2,2,2,2,3,4,1,2,2,3,0,0,0,0,0,0,0,0,0,0,0,1,2,3,4,1,2,3,4,1,2,2,2,2,3,4,1,2,2,3,0,0,0,0,0,0,0,0,0,0,0
34,3,1,1,37,1,3,32,54,6,7,16,5,52,0,0,0,0,0,0,0,0,0,0,0,0,0,0,0,0,1,2,2,3,1,2,2,3,1,2,2,2,2,3,0,0,0,0,0,0,0,0,0,0,0,0,0,0,0,0,1,2,2,3,1,2,2,3,1,2,2,2,2,3,0,0,0,0,0,0,0,0,0,0,0,0,0,0,0,0
12,33,35,26,17,23,36,14,17,15,17,35,20,19,14,9,36,57,24,13,0,0,0,0,0,0,0,0,0,0,1,2,2,2,2,2,3,4,1,2,2,2,2,3,4,1,2,2,2,3,0,0,0,0,0,0,0,0,0,0,1,2,2,2,2,2,3,4,1,2,2,2,2,3,4,1,2,2,2,3,0,0,0,0,0,0,0,0,0,0
21,18,41,30,30,14,28,1,2,14,2,3,4,11,49,14,2,38,18,1,0,0,0,0,0,0,0,0,0,0,1,3,4,1,3,4,1,2,3,4,1,2,2,2,3,4,1,2,2,3,0,0,0,0,0,0,0,0,0,0,1,3,4,1,3,4,1,2,3,4,1,2,2,2,3,4,1,2,2,3,0,0,0,0,0,0,0,0,0,0
23,12,14,62,33,20,19,56,26,17,33,23,19,39,14,15,33,23,14,56,9,57,0,0,0,0,0,0,0,0,1,3,4,1,2,2,2,3,1,2,2,2,2,3,4,1,2,3,4,1,2,3,0,0,0,0,0,0,0,0,1,3,4,1,2,2,2,2,2,2,2,2,2,3,4,1,2,3,4,1,2,3,0,0,0,0,0,0,0,0
7,8,20,21,4,18,22,30,30,10,6,7,1,13,5,22,7,10,6,7,1,19,5,18,38,0,0,0,0,0,1,3,1,2,2,3,1,2,2,2,2,2,3,1,3,1,2,2,2,2,3,1,2,2,3,0,0,0,0,0,1,3,1,2,2,3,1,2,2,2,2,2,3,1,3,1,2,2,2,2,3,1,2,2,3,0,0,0,0,0
28,3,4,21,14,37,8,4,0,0,0,0,0,0,0,0,0,0,0,0,0,0,0,0,0,0,0,0,0,0,1,2,2,3,4,1,2,3,0,0,0,0,0,0,0,0,0,0,0,0,0,0,0,0,0,0,0,0,0,0,1,2,2,3,4,1,2,3,0,0,0,0,0,0,0,0,0,0,0,0,0,0,0,0,0,0,0,0,0,0
24,15,14,29,27,14,22,24,9,23,14,34,20,26,9,0,0,0,0,0,0,0,0,0,0,0,0,0,0,0,1,3,4,1,3,4,1,2,2,3,4,1,2,2,3,0,0,0,0,0,0,0,0,0,0,0,0,0,0,0,1,3,4,1,3,4,1,2,2,3,4,1,2,2,3,0,0,0,0,0,0,0,0,0,0,0,0,0,0,0
21,4,7,4,28,1,3,14,18,31,14,11,5,7,2,3,5,10,14,32,10,5,11,49,0,0,0,0,0,0,1,2,2,2,2,2,3,4,1,3,4,1,2,2,2,2,2,3,4,1,2,2,2,3,0,0,0,0,0,0,1,2,2,2,2,2,3,4,1,3,4,1,2,2,2,2,2,3,4,1,2,2,2,3,0,0,0,0,0,0
8,1,2,14,28,10,5,32,18,3,1,11,0,0,0,0,0,0,0,0,0,0,0,0,0,0,0,0,0,0,1,2,3,4,1,2,2,3,1,2,2,3,0,0,0,0,0,0,0,0,0,0,0,0,0,0,0,0,0,0,1,2,3,4,1,2,2,3,1,2,2,3,0,0,0,0,0,0,0,0,0,0,0,0,0,0,0,0,0,0
55,29,26,19,5,7,30,6,28,14,13,57,24,9,27,9,34,14,26,20,12,13,14,17,13,13,15,0,0,0,1,2,3,1,2,2,2,2,3,4,1,2,2,2,2,2,3,4,1,2,2,3,4,1,2,2,3,0,0,0,1,2,3,1,2,2,2,2,3,4,1,2,2,2,2,2,3,4,1,2,2,3,4,1,2,2,3,0,0,0
4,24,45,24,39,1,4,16,1,3,0,0,0,0,0,0,0,0,0,0,0,0,0,0,0,0,0,0,0,0,4,4,4,4,1,2,2,2,2,3,0,0,0,0,0,0,0,0,0,0,0,0,0,0,0,0,0,0,0,0,4,3,4,4,1,2,2,2,2,3,0,0,0,0,0,0,0,0,0,0,0,0,0,0,0,0,0,0,0,0
18,4,3,4,21,14,3,1,8,14,10,1,7,28,2,31,0,0,0,0,0,0,0,0,0,0,0,0,0,0,1,2,2,2,3,4,1,2,3,4,1,2,2,2,2,3,0,0,0,0,0,0,0,0,0,0,0,0,0,0,1,2,2,2,3,4,1,2,3,4,1,2,2,2,2,3,0,0,0,0,0,0,0,0,0,0,0,0,0,0
4,3,28,8,32,25,30,30,1,3,0,0,0,0,0,0,0,0,0,0,0,0,0,0,0,0,0,0,0,0,1,2,2,3,1,2,2,2,2,3,0,0,0,0,0,0,0,0,0,0,0,0,0,0,0,0,0,0,0,0,1,2,2,3,1,2,2,2,2,3,0,0,0,0,0,0,0,0,0,0,0,0,0,0,0,0,0,0,0,0
30,18,29,1,16,6,4,20,7,30,5,41,14,20,7,30,5,14,53,1,3,8,6,5,7,0,0,0,0,0,1,3,1,2,2,2,3,1,2,2,3,4,4,1,2,2,3,4,1,2,2,2,2,2,3,0,0,0,0,0,1,3,1,2,2,2,3,1,2,2,3,4,4,1,2,2,3,4,1,2,2,2,2,2,3,0,0,0,0,0
2,31,6,8,14,5,18,2,6,5,7,4,10,12,25,18,1,3,11,10,4,8,8,13,38,18,1,0,0,0,1,2,2,3,4,1,2,2,2,2,2,2,3,1,2,2,2,2,2,2,2,2,3,1,2,2,3,0,0,0,1,2,2,3,4,1,2,2,2,2,2,2,3,1,2,2,2,2,2,2,2,2,3,1,2,2,3,0,0,0
29,17,13,15,22,12,56,17,14,19,22,27,9,19,14,20,27,14,17,33,27,20,22,14,29,24,9,36,47,0,1,2,2,2,2,2,2,3,4,1,2,2,2,3,4,1,3,4,1,2,2,2,3,4,1,2,2,3,4,0,1,2,2,2,2,2,2,3,4,1,2,2,2,3,4,1,3,4,1,2,2,2,3,4,1,2,2,3,4,0
16,5,14,10,6,8,2,14,30,7,0,0,0,0,0,0,0,0,0,0,0,0,0,0,0,0,0,0,0,0,1,3,4,1,2,2,3,4,1,3,0,0,0,0,0,0,0,0,0,0,0,0,0,0,0,0,0,0,0,0,1,3,4,1,2,2,3,4,1,3,0,0,0,0,0,0,0,0,0,0,0,0,0,0,0,0,0,0,0,0
36,1,2,39,6,28,31,1,8,2,20,7,10,6,7,1,24,4,3,1,7,2,0,0,0,0,0,0,0,0,1,2,3,1,2,2,2,2,2,3,1,2,2,2,2,3,1,2,2,2,2,3,0,0,0,0,0,0,0,0,1,2,3,1,2,2,2,2,2,3,1,2,2,2,2,3,1,2,2,2,2,3,0,0,0,0,0,0,0,0
16,32,11,14,11,2,18,0,0,0,0,0,0,0,0,0,0,0,0,0,0,0,0,0,0,0,0,0,0,0,1,2,3,4,1,2,3,0,0,0,0,0,0,0,0,0,0,0,0,0,0,0,0,0,0,0,0,0,0,0,1,2,3,4,1,2,3,0,0,0,0,0,0,0,0,0,0,0,0,0,0,0,0,0,0,0,0,0,0,0
7,8,20,17,32,5,25,2,29,5,16,25,10,1,0,0,0,0,0,0,0,0,0,0,0,0,0,0,0,0,1,3,4,1,2,2,2,3,1,2,2,2,2,3,0,0,0,0,0,0,0,0,0,0,0,0,0,0,0,0,1,3,4,1,2,2,2,3,1,2,2,2,2,3,0,0,0,0,0,0,0,0,0,0,0,0,0,0,0,0
19,10,1,4,7,33,18,35,1,30,5,3,1,15,1,30,10,5,52,0,0,0,0,0,0,0,0,0,0,0,1,2,2,2,3,1,3,1,2,2,2,2,3,1,2,2,2,2,3,0,0,0,0,0,0,0,0,0,0,0,1,2,2,2,3,1,3,1,2,2,2,2,3,1,2,2,2,2,3,0,0,0,0,0,0,0,0,0,0,0
37,1,11,14,2,3,4,7,8,18,5,8,1,0,0,0,0,0,0,0,0,0,0,0,0,0,0,0,0,0,1,2,3,4,1,2,2,2,2,2,2,2,3,0,0,0,0,0,0,0,0,0,0,0,0,0,0,0,0,0,1,2,3,4,1,2,2,2,2,2,2,2,3,0,0,0,0,0,0,0,0,0,0,0,0,0,0,0,0,0
28,1,2,14,10,5,28,14,30,6,10,1,0,0,0,0,0,0,0,0,0,0,0,0,0,0,0,0,0,0,1,2,3,4,1,2,3,4,1,2,2,3,0,0,0,0,0,0,0,0,0,0,0,0,0,0,0,0,0,0,1,2,3,4,1,2,3,4,1,2,2,3,0,0,0,0,0,0,0,0,0,0,0,0,0,0,0,0,0,0
20,34,13,38,18,1,29,4,7,4,28,1,3,14,20,34,14,17,13,13,17,19,39,29,9,23,13,12,0,0,1,3,1,2,2,3,1,2,2,2,2,2,3,4,1,3,4,1,2,2,2,2,2,2,2,2,2,3,0,0,1,3,1,2,2,3,1,2,2,2,2,2,3,4,1,3,4,1,2,2,2,2,2,2,2,2,2,3,0,0
6,8,29,4,44,7,25,21,6,7,28,3,5,25,18,29,5,16,6,30,6,1,16,0,0,0,0,0,0,0,1,3,1,2,3,1,2,3,1,3,1,2,2,2,3,1,2,2,2,2,2,2,3,0,0,0,0,0,0,0,1,3,1,2,2,2,2,2,2,2,2,2,2,2,3,1,2,2,2,2,2,2,3,0,0,0,0,0,0,0
11,21,16,14,8,2,5,18,0,0,0,0,0,0,0,0,0,0,0,0,0,0,0,0,0,0,0,0,0,0,1,2,3,4,1,2,2,3,0,0,0,0,0,0,0,0,0,0,0,0,0,0,0,0,0,0,0,0,0,0,1,2,3,4,1,2,2,3,0,0,0,0,0,0,0,0,0,0,0,0,0,0,0,0,0,0,0,0,0,0
39,4,7,16,10,1,62,25,1,3,38,15,1,11,5,7,37,1,3,8,6,5,7,0,0,0,0,0,0,0,1,2,2,2,2,3,1,2,2,2,3,1,2,2,2,2,2,2,2,2,2,2,3,0,0,0,0,0,0,0,1,2,2,2,2,3,1,2,2,2,3,1,2,2,2,2,2,2,2,2,2,2,3,0,0,0,0,0,0,0
8,1,2,15,1,7,16,1,3,1,3,22,18,1,7,20,11,5,7,0,0,0,0,0,0,0,0,0,0,0,1,2,3,1,2,2,2,2,2,2,3,1,2,2,3,1,2,2,3,0,0,0,0,0,0,0,0,0,0,0,1,2,3,1,2,2,2,2,2,2,3,1,2,2,3,1,2,2,3,0,0,0,0,0,0,0,0,0,0,0
18,3,1,8,1,7,2,4,2,6,5,7,34,4,11,4,16,1,0,0,0,0,0,0,0,0,0,0,0,0,1,2,2,2,2,2,2,2,2,2,2,3,1,2,2,2,2,3,0,0,0,0,0,0,0,0,0,0,0,0,1,2,2,2,2,2,2,2,2,2,2,3,1,2,2,2,2,3,0,0,0,0,0,0,0,0,0,0,0,0
4,19,5,7,30,36,5,10,16,0,0,0,0,0,0,0,0,0,0,0,0,0,0,0,0,0,0,0,0,0,4,1,2,2,3,1,2,2,3,0,0,0,0,0,0,0,0,0,0,0,0,0,0,0,0,0,0,0,0,0,4,1,2,2,3,1,2,2,3,0,0,0,0,0,0,0,0,0,0,0,0,0,0,0,0,0,0,0,0,0
20,55,24,4,2,31,24,3,5,11,1,8,8,5,3,0,0,0,0,0,0,0,0,0,0,0,0,0,0,0,1,3,1,2,2,3,1,2,2,2,2,2,2,2,3,0,0,0,0,0,0,0,0,0,0,0,0,0,0,0,1,3,1,2,2,3,1,2,2,2,2,2,2,2,3,0,0,0,0,0,0,0,0,0,0,0,0,0,0,0
11,4,10,11,21,4,7,16,30,18,4,8,21,8,2,4,3,2,0,0,0,0,0,0,0,0,0,0,0,0,1,2,2,3,4,1,2,3,1,3,1,2,3,1,2,2,2,3,0,0,0,0,0,0,0,0,0,0,0,0,1,2,2,2,2,2,2,2,3,1,2,2,3,1,2,2,2,3,0,0,0,0,0,0,0,0,0,0,0,0
12,23,20,34,34,9,15,14,9,23,13,15,57,0,0,0,0,0,0,0,0,0,0,0,0,0,0,0,0,0,1,2,2,2,2,2,3,4,1,2,2,2,3,0,0,0,0,0,0,0,0,0,0,0,0,0,0,0,0,0,1,2,2,2,2,2,3,4,1,2,2,2,3,0,0,0,0,0,0,0,0,0,0,0,0,0,0,0,0,0
18,3,5,16,25,11,2,33,24,27,17,13,9,12,62,26,0,0,0,0,0,0,0,0,0,0,0,0,0,0,1,2,2,2,2,2,3,1,2,2,2,2,3,1,2,3,0,0,0,0,0,0,0,0,0,0,0,0,0,0,1,2,2,2,2,2,3,1,2,2,2,2,3,1,2,3,0,0,0,0,0,0,0,0,0,0,0,0,0,0
12,1,3,37,1,3,19,5,7,30,14,12,9,23,12,9,14,35,22,27,57,14,12,13,9,24,0,0,0,0,1,2,2,2,2,3,1,2,2,3,4,1,2,2,2,3,4,1,2,2,3,4,1,2,2,3,0,0,0,0,1,2,2,2,2,3,1,2,2,3,4,1,2,2,2,3,4,1,2,2,3,4,1,2,2,3,0,0,0,0
25,8,3,15,1,8,25,10,2,8,0,0,0,0,0,0,0,0,0,0,0,0,0,0,0,0,0,0,0,0,1,2,3,1,2,2,2,2,2,3,0,0,0,0,0,0,0,0,0,0,0,0,0,0,0,0,0,0,0,0,1,2,3,1,2,2,2,2,2,3,0,0,0,0,0,0,0,0,0,0,0,0,0,0,0,0,0,0,0,0
26,29,14,12,9,26,9,19,13,20,13,9,29,0,0,0,0,0,0,0,0,0,0,0,0,0,0,0,0,0,1,3,4,1,2,2,2,2,3,1,2,2,3,0,0,0,0,0,0,0,0,0,0,0,0,0,0,0,0,0,1,3,4,1,2,2,2,2,2,2,2,3,1,0,0,0,0,0,0,0,0,0,0,0,0,0,0,0,0,0
27,26,26,6,8,2,0,0,0,0,0,0,0,0,0,0,0,0,0,0,0,0,0,0,0,0,0,0,0,0,1,3,1,2,2,3,0,0,0,0,0,0,0,0,0,0,0,0,0,0,0,0,0,0,0,0,0,0,0,0,1,3,1,2,2,3,0,0,0,0,0,0,0,0,0,0,0,0,0,0,0,0,0,0,0,0,0,0,0,0
11,3,1,4,2,1,14,59,4,37,4,14,37,21,14,6,21,18,10,0,0,0,0,0,0,0,0,0,0,0,1,2,2,2,2,3,4,1,2,2,3,4,1,3,4,1,2,2,3,0,0,0,0,0,0,0,0,0,0,0,1,2,2,2,2,3,4,1,2,2,3,4,1,3,4,1,2,2,3,0,0,0,0,0,0,0,0,0,0,0
27,5,8,12,1,2,15,1,10,29,4,44,34,39,0,0,0,0,0,0,0,0,0,0,0,0,0,0,0,0,1,2,3,1,2,3,1,2,3,1,2,3,1,3,0,0,0,0,0,0,0,0,0,0,0,0,0,0,0,0,1,2,3,1,2,3,1,2,3,1,2,3,1,3,0,0,0,0,0,0,0,0,0,0,0,0,0,0,0,0
1,44,18,10,5,16,1,16,27,6,8,18,10,4,38,0,0,0,0,0,0,0,0,0,0,0,0,0,0,0,1,2,2,2,2,2,2,3,1,2,2,2,2,2,3,0,0,0,0,0,0,0,0,0,0,0,0,0,0,0,1,2,2,2,2,2,2,3,1,2,2,2,2,2,3,0,0,0,0,0,0,0,0,0,0,0,0,0,0,0
31,37,4,10,0,0,0,0,0,0,0,0,0,0,0,0,0,0,0,0,0,0,0,0,0,0,0,0,0,0,4,1,2,3,0,0,0,0,0,0,0,0,0,0,0,0,0,0,0,0,0,0,0,0,0,0,0,0,0,0,1,2,2,3,0,0,0,0,0,0,0,0,0,0,0,0,0,0,0,0,0,0,0,0,0,0,0,0,0,0
2,31,6,8,14,30,6,1,10,16,14,47,46,14,11,54,5,3,16,8,34,2,7,9,7,16,0,0,0,0,1,2,2,3,4,1,2,2,2,3,4,1,3,4,4,1,2,2,2,3,1,2,3,1,2,3,0,0,0,0,1,2,2,3,4,1,2,2,2,3,4,1,3,4,4,1,2,2,2,3,1,2,3,1,2,3,0,0,0,0
7,8,56,1,38,24,4,6,3,20,7,30,5,12,2,3,0,0,0,0,0,0,0,0,0,0,0,0,0,0,1,3,1,2,3,1,2,2,3,1,2,2,3,1,2,3,0,0,0,0,0,0,0,0,0,0,0,0,0,0,1,3,1,2,3,1,2,2,3,1,2,2,3,1,2,3,0,0,0,0,0,0,0,0,0,0,0,0,0,0
7,30,19,5,21,18,15,1,18,0,0,0,0,0,0,0,0,0,0,0,0,0,0,0,0,0,0,0,0,0,1,3,1,2,2,3,1,2,3,0,0,0,0,0,0,0,0,0,0,0,0,0,0,0,0,0,0,0,0,0,1,3,1,2,2,3,1,2,3,0,0,0,0,0,0,0,0,0,0,0,0,0,0,0,0,0,0,0,0,0
4,10,8,4,14,10,6,8,18,14,2,0,0,0,0,0,0,0,0,0,0,0,0,0,0,0,0,0,0,0,1,2,2,3,4,1,2,2,3,4,4,0,0,0,0,0,0,0,0,0,0,0,0,0,0,0,0,0,0,0,1,2,2,3,4,1,2,2,3,4,4,0,0,0,0,0,0,0,0,0,0,0,0,0,0,0,0,0,0,0
32,32,14,3,1,28,14,10,4,8,2,14,11,10,5,32,32,1,3,8,0,0,0,0,0,0,0,0,0,0,1,3,4,1,2,3,4,1,2,2,3,4,1,2,2,2,2,2,2,3,0,0,0,0,0,0,0,0,0,0,1,3,4,1,2,3,4,1,2,2,3,4,1,2,2,2,2,2,2,3,0,0,0,0,0,0,0,0,0,0
2,44,2,29,6,8,11,0,0,0,0,0,0,0,0,0,0,0,0,0,0,0,0,0,0,0,0,0,0,0,1,2,3,1,2,2,3,0,0,0,0,0,0,0,0,0,0,0,0,0,0,0,0,0,0,0,0,0,0,0,1,2,3,1,2,2,3,0,0,0,0,0,0,0,0,0,0,0,0,0,0,0,0,0,0,0,0,0,0,0
6,7,11,10,25,16,1,8,14,17,12,13,14,6,7,0,0,0,0,0,0,0,0,0,0,0,0,0,0,0,1,2,2,2,2,2,2,3,4,1,2,3,4,1,3,0,0,0,0,0,0,0,0,0,0,0,0,0,0,0,1,2,2,2,2,2,2,3,4,1,2,3,4,1,3,0,0,0,0,0,0,0,0,0,0,0,0,0,0,0
21,18,3,26,5,28,24,4,28,1,24,2,3,0,0,0,0,0,0,0,0,0,0,0,0,0,0,0,0,0,1,2,3,1,2,3,1,2,2,3,1,2,3,0,0,0,0,0,0,0,0,0,0,0,0,0,0,0,0,0,1,2,3,1,2,3,1,2,2,3,1,2,3,0,0,0,0,0,0,0,0,0,0,0,0,0,0,0,0,0
34,22,15,29,14,27,17,13,17,22,35,58,9,19,13,14,19,22,23,12,13,15,33,19,13,22,15,0,0,0,1,2,2,3,4,1,2,2,3,1,2,2,2,2,3,4,1,2,2,2,2,2,2,2,2,2,3,0,0,0,1,2,2,3,4,1,2,2,2,2,2,2,2,2,3,4,1,2,2,2,2,2,2,2,2,2,3,0,0,0
12,20,36,23,17,13,33,15,9,14,53,9,15,20,34,20,9,15,14,19,22,23,13,15,17,19,13,20,27,0,1,2,2,2,2,2,2,2,3,4,1,2,2,2,2,2,2,3,4,1,2,2,2,2,2,2,3,1,3,0,1,2,2,2,2,2,2,2,3,4,1,2,2,2,2,2,2,3,4,1,2,2,2,2,2,2,3,1,3,0
2,5,16,4,38,34,10,1,44,6,16,4,2,1,0,0,0,0,0,0,0,0,0,0,0,0,0,0,0,0,1,2,2,2,3,1,2,2,2,3,1,2,2,3,0,0,0,0,0,0,0,0,0,0,0,0,0,0,0,0,1,2,2,2,3,1,2,2,2,2,2,2,2,3,0,0,0,0,0,0,0,0,0,0,0,0,0,0,0,0
18,20,27,6,8,18,24,4,3,1,7,2,0,0,0,0,0,0,0,0,0,0,0,0,0,0,0,0,0,0,4,1,2,2,2,3,1,2,2,2,2,3,0,0,0,0,0,0,0,0,0,0,0,0,0,0,0,0,0,0,4,1,2,2,2,3,1,2,2,2,2,3,0,0,0,0,0,0,0,0,0,0,0,0,0,0,0,0,0,0
21,12,38,8,24,3,1,30,8,0,0,0,0,0,0,0,0,0,0,0,0,0,0,0,0,0,0,0,0,0,4,1,2,3,1,2,2,2,3,0,0,0,0,0,0,0,0,0,0,0,0,0,0,0,0,0,0,0,0,0,4,1,2,3,1,2,2,2,3,0,0,0,0,0,0,0,0,0,0,0,0,0,0,0,0,0,0,0,0,0
11,5,7,8,25,21,1,33,7,21,4,18,18,1,16,27,4,2,4,8,2,5,3,1,34,6,1,10,16,0,1,2,2,2,2,2,3,1,2,2,2,2,2,2,3,1,2,2,2,2,2,2,2,3,1,2,2,2,3,0,1,2,2,2,2,2,3,1,2,2,2,2,2,2,3,1,2,2,2,2,2,2,2,3,1,2,2,2,3,0
58,55,35,3,5,4,16,11,4,8,2,0,0,0,0,0,0,0,0,0,0,0,0,0,0,0,0,0,0,0,1,3,1,2,2,2,2,2,2,2,3,0,0,0,0,0,0,0,0,0,0,0,0,0,0,0,0,0,0,0,1,3,1,2,2,2,2,2,2,2,3,0,0,0,0,0,0,0,0,0,0,0,0,0,0,0,0,0,0,0
32,5,16,38,7,4,21,1,0,0,0,0,0,0,0,0,0,0,0,0,0,0,0,0,0,0,0,0,0,0,1,2,2,3,1,2,2,3,0,0,0,0,0,0,0,0,0,0,0,0,0,0,0,0,0,0,0,0,0,0,1,2,2,3,1,2,2,3,0,0,0,0,0,0,0,0,0,0,0,0,0,0,0,0,0,0,0,0,0,0
20,23,13,14,15,22,54,14,39,22,26,20,27,17,57,12,14,12,13,17,15,13,0,0,0,0,0,0,0,0,1,2,3,4,1,2,3,4,1,2,2,2,2,2,2,3,4,1,2,2,2,3,0,0,0,0,0,0,0,0,1,2,3,4,1,2,3,4,1,2,2,2,2,2,2,3,4,1,2,2,2,3,0,0,0,0,0,0,0,0
4,3,2,14,18,6,44,32,25,30,14,30,3,1,1,14,8,31,4,10,10,5,52,0,0,0,0,0,0,0,1,2,3,4,1,2,3,1,2,3,4,1,2,2,3,4,1,2,2,2,2,2,3,0,0,0,0,0,0,0,1,2,3,4,1,2,3,1,2,3,4,1,2,2,3,4,1,2,2,2,2,2,3,0,0,0,0,0,0,0
26,6,7,49,14,20,23,53,9,15,12,9,24,15,22,24,0,0,0,0,0,0,0,0,0,0,0,0,0,0,1,2,2,3,4,1,2,2,2,2,2,3,1,2,2,3,0,0,0,0,0,0,0,0,0,0,0,0,0,0,1,2,2,3,4,1,2,2,2,2,2,3,1,2,2,3,0,0,0,0,0,0,0,0,0,0,0,0,0,0
2,28,1,26,5,11,49,1,16,0,0,0,0,0,0,0,0,0,0,0,0,0,0,0,0,0,0,0,0,0,1,2,3,1,2,2,2,2,3,0,0,0,0,0,0,0,0,0,0,0,0,0,0,0,0,0,0,0,0,0,1,2,3,1,2,2,2,2,3,0,0,0,0,0,0,0,0,0,0,0,0,0,0,0,0,0,0,0,0,0
11,25,3,3,1,7,2,19,2,44,0,0,0,0,0,0,0,0,0,0,0,0,0,0,0,0,0,0,0,0,1,2,2,2,2,2,3,1,2,3,0,0,0,0,0,0,0,0,0,0,0,0,0,0,0,0,0,0,0,0,1,2,2,2,2,2,3,1,2,3,0,0,0,0,0,0,0,0,0,0,0,0,0,0,0,0,0,0,0,0
37,6,1,52,44,0,0,0,0,0,0,0,0,0,0,0,0,0,0,0,0,0,0,0,0,0,0,0,0,0,1,2,2,3,4,0,0,0,0,0,0,0,0,0,0,0,0,0,0,0,0,0,0,0,0,0,0,0,0,0,1,2,2,3,3,0,0,0,0,0,0,0,0,0,0,0,0,0,0,0,0,0,0,0,0,0,0,0,0,0
23,12,14,39,56,9,57,14,19,33,15,15,9,23,13,14,33,12,9,15,0,0,0,0,0,0,0,0,0,0,1,3,4,1,2,2,3,4,1,2,2,2,2,2,3,4,1,2,2,3,0,0,0,0,0,0,0,0,0,0,1,3,4,1,2,2,3,4,1,2,2,2,2,2,3,4,1,2,2,3,0,0,0,0,0,0,0,0,0,0
12,6,7,4,37,6,47,13,38,18,1,9,11,10,25,8,1,0,0,0,0,0,0,0,0,0,0,0,0,0,1,2,2,2,2,3,4,1,2,2,3,1,2,2,2,2,3,0,0,0,0,0,0,0,0,0,0,0,0,0,1,2,2,2,2,3,4,1,2,2,3,1,2,2,2,2,3,0,0,0,0,0,0,0,0,0,0,0,0,0
2,31,1,20,21,18,10,0,0,0,0,0,0,0,0,0,0,0,0,0,0,0,0,0,0,0,0,0,0,0,1,2,3,1,2,2,3,0,0,0,0,0,0,0,0,0,0,0,0,0,0,0,0,0,0,0,0,0,0,0,1,2,3,1,2,2,3,0,0,0,0,0,0,0,0,0,0,0,0,0,0,0,0,0,0,0,0,0,0,0
34,29,14,27,9,34,23,14,17,15,17,35,20,19,0,0,0,0,0,0,0,0,0,0,0,0,0,0,0,0,1,3,4,1,2,2,3,4,1,2,2,2,2,3,0,0,0,0,0,0,0,0,0,0,0,0,0,0,0,0,1,3,4,1,2,2,3,4,1,2,2,2,2,3,0,0,0,0,0,0,0,0,0,0,0,0,0,0,0,0
12,4,37,1,27,5,11,25,21,1,7,2,20,7,2,1,3,7,4,10,0,0,0,0,0,0,0,0,0,0,1,2,2,3,1,2,2,2,2,2,2,3,1,2,2,2,2,2,2,3,0,0,0,0,0,0,0,0,0,0,1,2,2,3,1,2,2,2,2,2,2,3,1,2,2,2,2,2,2,3,0,0,0,0,0,0,0,0,0,0
58,17,53,17,14,13,0,0,0,0,0,0,0,0,0,0,0,0,0,0,0,0,0,0,0,0,0,0,0,0,1,2,2,3,4,4,0,0,0,0,0,0,0,0,0,0,0,0,0,0,0,0,0,0,0,0,0,0,0,0,1,2,2,3,4,1,0,0,0,0,0,0,0,0,0,0,0,0,0,0,0,0,0,0,0,0,0,0,0,0
26,4,25,7,11,31,14,22,12,14,26,20,23,33,55,0,0,0,0,0,0,0,0,0,0,0,0,0,0,0,1,2,2,2,2,3,4,1,3,4,1,2,2,2,3,0,0,0,0,0,0,0,0,0,0,0,0,0,0,0,1,2,2,2,2,3,4,1,3,4,1,2,2,2,3,0,0,0,0,0,0,0,0,0,0,0,0,0,0,0
31,11,25,3,3,0,0,0,0,0,0,0,0,0,0,0,0,0,0,0,0,0,0,0,0,0,0,0,0,0,4,1,2,2,3,0,0,0,0,0,0,0,0,0,0,0,0,0,0,0,0,0,0,0,0,0,0,0,0,0,1,2,2,2,3,0,0,0,0,0,0,0,0,0,0,0,0,0,0,0,0,0,0,0,0,0,0,0,0,0
21,16,14,52,4,6,2,1,3,14,8,1,21,0,0,0,0,0,0,0,0,0,0,0,0,0,0,0,0,0,1,3,4,1,2,2,2,2,3,4,1,2,3,0,0,0,0,0,0,0,0,0,0,0,0,0,0,0,0,0,1,3,4,1,2,2,2,2,3,4,1,2,3,0,0,0,0,0,0,0,0,0,0,0,0,0,0,0,0,0
20,19,10,6,1,7,2,27,4,2,4,20,2,1,21,0,0,0,0,0,0,0,0,0,0,0,0,0,0,0,4,1,2,2,2,2,3,1,2,2,3,1,2,2,3,0,0,0,0,0,0,0,0,0,0,0,0,0,0,0,1,2,2,2,2,2,3,1,2,2,3,1,2,2,3,0,0,0,0,0,0,0,0,0,0,0,0,0,0,0
7,8,13,4,32,10,1,22,25,2,1,3,34,3,4,21,1,0,0,0,0,0,0,0,0,0,0,0,0,0,1,3,1,2,2,2,3,1,2,2,2,3,1,2,2,2,3,0,0,0,0,0,0,0,0,0,0,0,0,0,1,3,1,2,2,2,3,1,2,2,2,3,1,2,2,2,3,0,0,0,0,0,0,0,0,0,0,0,0,0
39,12,5,25,7,16,8,24,3,1,30,1,3,1,7,11,1,24,4,7,1,10,0,0,0,0,0,0,0,0,1,2,2,2,2,2,3,1,2,2,2,2,2,2,2,2,3,1,2,2,2,3,0,0,0,0,0,0,0,0,1,2,2,2,2,2,3,1,2,2,2,2,2,2,2,2,3,1,2,2,2,3,0,0,0,0,0,0,0,0
33,18,16,4,2,1,15,1,8,34,6,10,1,0,0,0,0,0,0,0,0,0,0,0,0,0,0,0,0,0,1,2,2,2,2,3,1,2,3,1,2,2,3,0,0,0,0,0,0,0,0,0,0,0,0,0,0,0,0,0,1,2,2,2,2,3,1,2,3,1,2,2,3,0,0,0,0,0,0,0,0,0,0,0,0,0,0,0,0,0
29,24,14,15,9,12,33,29,9,23,9,55,13,0,0,0,0,0,0,0,0,0,0,0,0,0,0,0,0,0,1,3,4,1,2,2,2,2,3,1,2,2,3,0,0,0,0,0,0,0,0,0,0,0,0,0,0,0,0,0,1,3,4,1,2,2,2,2,2,2,2,2,3,0,0,0,0,0,0,0,0,0,0,0,0,0,0,0,0,0
8,1,4,3,11,31,12,6,2,1,35,25,2,2,5,7,24,49,0,0,0,0,0,0,0,0,0,0,0,0,1,2,2,2,2,3,1,2,2,3,1,2,2,2,2,3,1,3,0,0,0,0,0,0,0,0,0,0,0,0,1,2,2,2,2,3,1,2,2,3,1,2,2,2,2,3,1,3,0,0,0,0,0,0,0,0,0,0,0,0
22,7,35,7,19,10,6,11,49,1,16,19,10,5,8,1,11,31,4,2,0,0,0,0,0,0,0,0,0,0,1,3,1,3,1,2,2,2,2,2,3,1,2,2,2,3,1,2,2,3,0,0,0,0,0,0,0,0,0,0,1,3,1,3,1,2,2,2,2,2,3,1,2,2,2,2,2,2,2,3,0,0,0,0,0,0,0,0,0,0
7,7,19,5,7,2,4,11,2,0,0,0,0,0,0,0,0,0,0,0,0,0,0,0,0,0,0,0,0,0,1,3,1,2,2,2,2,2,3,0,0,0,0,0,0,0,0,0,0,0,0,0,0,0,0,0,0,0,0,0,1,3,1,2,2,2,2,2,3,0,0,0,0,0,0,0,0,0,0,0,0,0,0,0,0,0,0,0,0,0
2,1,8,2,39,1,6,28,31,2,22,30,30,8,1,2,54,36,12,51,47,0,0,0,0,0,0,0,0,0,1,2,2,3,1,2,2,2,2,3,1,2,2,2,2,3,1,2,3,1,3,0,0,0,0,0,0,0,0,0,1,2,2,3,1,2,2,2,2,3,1,2,2,2,2,3,1,2,3,4,4,0,0,0,0,0,0,0,0,0
4,15,5,52,9,7,16,57,0,0,0,0,0,0,0,0,0,0,0,0,0,0,0,0,0,0,0,0,0,0,4,1,2,3,1,2,3,4,0,0,0,0,0,0,0,0,0,0,0,0,0,0,0,0,0,0,0,0,0,0,4,1,2,3,1,2,3,4,0,0,0,0,0,0,0,0,0,0,0,0,0,0,0,0,0,0,0,0,0,0
59,4,37,4,44,14,21,4,7,4,28,1,21,1,7,2,14,3,1,21,5,2,1,14,3,21,6,0,0,0,1,2,2,2,3,4,1,2,2,2,2,2,2,2,2,3,4,1,2,2,2,2,3,4,1,2,3,0,0,0,1,2,2,2,3,4,1,2,2,2,2,2,2,2,2,3,4,1,2,2,2,2,3,4,1,2,3,0,0,0
20,27,12,14,27,26,14,15,9,12,33,29,9,23,9,55,13,0,0,0,0,0,0,0,0,0,0,0,0,0,1,2,3,4,1,3,4,1,2,2,2,2,2,2,2,2,3,0,0,0,0,0,0,0,0,0,0,0,0,0,1,2,3,4,1,3,4,1,2,2,2,2,2,2,2,2,3,0,0,0,0,0,0,0,0,0,0,0,0,0
19,22,27,9,19,14,29,12,63,39,0,0,0,0,0,0,0,0,0,0,0,0,0,0,0,0,0,0,0,0,1,2,2,2,3,4,1,2,2,3,0,0,0,0,0,0,0,0,0,0,0,0,0,0,0,0,0,0,0,0,1,2,2,2,3,4,1,2,2,3,0,0,0,0,0,0,0,0,0,0,0,0,0,0,0,0,0,0,0,0
25,37,4,10,14,16,37,0,0,0,0,0,0,0,0,0,0,0,0,0,0,0,0,0,0,0,0,0,0,0,1,2,2,3,4,1,3,0,0,0,0,0,0,0,0,0,0,0,0,0,0,0,0,0,0,0,0,0,0,0,1,2,2,3,4,1,3,0,0,0,0,0,0,0,0,0,0,0,0,0,0,0,0,0,0,0,0,0,0,0
3,4,7,16,5,21,23,25,21,32,1,3,36,1,7,0,0,0,0,0,0,0,0,0,0,0,0,0,0,0,1,2,2,2,2,3,1,2,2,2,2,3,1,2,3,0,0,0,0,0,0,0,0,0,0,0,0,0,0,0,1,2,2,2,2,3,1,2,2,2,2,3,1,2,3,0,0,0,0,0,0,0,0,0,0,0,0,0,0,0
1,7,16,55,29,26,27,5,11,25,21,1,7,2,0,0,0,0,0,0,0,0,0,0,0,0,0,0,0,0,1,2,3,1,2,3,1,2,2,2,2,2,2,3,0,0,0,0,0,0,0,0,0,0,0,0,0,0,0,0,1,2,3,1,2,3,1,2,2,2,2,2,2,3,0,0,0,0,0,0,0,0,0,0,0,0,0,0,0,0
8,7,16,14,11,2,10,14,1,10,1,21,14,6,7,30,5,14,28,1,2,14,7,25,21,6,16,0,0,0,1,2,3,4,1,2,3,4,1,2,2,3,4,1,2,2,3,4,1,2,3,4,1,2,3,1,3,0,0,0,1,2,3,4,1,2,3,4,1,2,2,3,4,1,2,2,3,4,1,2,3,4,1,2,2,2,3,0,0,0
28,3,1,1,7,15,36,35,0,0,0,0,0,0,0,0,0,0,0,0,0,0,0,0,0,0,0,0,0,0,1,2,2,2,3,1,2,3,0,0,0,0,0,0,0,0,0,0,0,0,0,0,0,0,0,0,0,0,0,0,1,2,2,2,3,1,2,3,0,0,0,0,0,0,0,0,0,0,0,0,0,0,0,0,0,0,0,0,0,0
16,1,18,10,5,38,12,32,32,0,0,0,0,0,0,0,0,0,0,0,0,0,0,0,0,0,0,0,0,0,1,2,2,2,2,3,1,2,3,0,0,0,0,0,0,0,0,0,0,0,0,0,0,0,0,0,0,0,0,0,1,2,2,2,2,3,1,2,3,0,0,0,0,0,0,0,0,0,0,0,0,0,0,0,0,0,0,0,0,0
1,44,18,5,3,2,24,39,57,26,20,24,20,23,13,9,15,34,6,10,1,0,0,0,0,0,0,0,0,0,1,2,2,2,2,3,1,2,2,2,2,2,2,2,2,2,3,1,2,2,3,0,0,0,0,0,0,0,0,0,1,2,2,2,2,3,1,2,2,2,2,2,2,2,2,2,3,1,2,2,3,0,0,0,0,0,0,0,0,0
27,32,14,31,14,31,4,8,31,14,11,4,10,10,32,4,11,49,0,0,0,0,0,0,0,0,0,0,0,0,1,3,4,4,4,1,2,2,3,4,1,2,2,2,2,2,2,3,0,0,0,0,0,0,0,0,0,0,0,0,1,3,4,4,4,1,2,2,3,4,1,2,2,2,2,2,2,3,0,0,0,0,0,0,0,0,0,0,0,0
30,8,19,5,7,2,3,5,10,0,0,0,0,0,0,0,0,0,0,0,0,0,0,0,0,0,0,0,0,0,1,3,1,2,2,2,2,2,3,0,0,0,0,0,0,0,0,0,0,0,0,0,0,0,0,0,0,0,0,0,1,3,1,2,2,2,2,2,3,0,0,0,0,0,0,0,0,0,0,0,0,0,0,0,0,0,0,0,0,0
28,1,2,19,10,6,1,7,2,20,16,35,38,19,10,6,1,7,2,23,4,21,1,0,0,0,0,0,0,0,1,2,3,1,2,2,2,2,3,1,3,1,3,1,2,2,2,2,3,1,2,2,3,0,0,0,0,0,0,0,1,2,3,1,2,2,2,2,3,1,3,1,3,1,2,2,2,2,3,1,2,2,3,0,0,0,0,0,0,0
21,1,7,25,6,2,1,21,0,0,0,0,0,0,0,0,0,0,0,0,0,0,0,0,0,0,0,0,0,0,1,2,2,3,1,2,2,3,0,0,0,0,0,0,0,0,0,0,0,0,0,0,0,0,0,0,0,0,0,0,1,2,2,3,1,2,2,3,0,0,0,0,0,0,0,0,0,0,0,0,0,0,0,0,0,0,0,0,0,0
4,30,14,16,1,30,4,25,10,2,14,16,5,25,32,10,1,14,18,11,21,14,21,4,18,18,6,7,28,0,1,3,4,1,2,2,2,2,2,3,4,1,2,2,2,2,3,4,1,2,3,4,1,2,2,2,2,2,3,0,1,3,4,1,2,2,2,2,2,3,4,1,2,2,2,2,3,4,1,2,3,4,1,2,2,2,2,2,3,0
28,14,60,1,28,10,5,32,4,10,8,14,16,14,2,1,3,3,4,6,7,23,5,6,8,1,13,38,18,1,4,4,1,3,1,2,2,2,2,2,3,4,4,4,1,2,2,2,2,2,3,1,2,2,2,3,1,2,2,3,4,4,1,2,3,1,2,2,2,2,3,4,4,4,1,2,2,2,2,2,3,1,2,2,2,3,1,2,2,3
8,1,2,27,6,8,18,10,4,38,24,6,11,25,2,3,1,0,0,0,0,0,0,0,0,0,0,0,0,0,1,2,3,1,2,2,2,2,2,3,1,2,2,2,2,2,3,0,0,0,0,0,0,0,0,0,0,0,0,0,1,2,3,1,2,2,2,2,2,3,1,2,2,2,2,2,3,0,0,0,0,0,0,0,0,0,0,0,0,0
39,25,30,30,14,20,7,6,2,0,0,0,0,0,0,0,0,0,0,0,0,0,0,0,0,0,0,0,0,0,1,2,2,3,4,1,2,2,3,0,0,0,0,0,0,0,0,0,0,0,0,0,0,0,0,0,0,0,0,0,1,2,2,3,4,1,2,2,3,0,0,0,0,0,0,0,0,0,0,0,0,0,0,0,0,0,0,0,0,0
7,8,39,13,29,26,22,26,6,8,2,9,10,1,21,1,7,2,0,0,0,0,0,0,0,0,0,0,0,0,1,3,1,2,2,3,1,2,2,2,3,1,2,2,2,2,2,3,0,0,0,0,0,0,0,0,0,0,0,0,1,3,1,2,2,2,3,1,2,2,3,1,2,2,2,2,2,3,0,0,0,0,0,0,0,0,0,0,0,0
33,13,19,14,13,20,29,9,12,13,17,29,24,14,12,57,29,0,0,0,0,0,0,0,0,0,0,0,0,0,1,2,3,4,1,2,2,2,2,2,2,2,3,4,1,2,3,0,0,0,0,0,0,0,0,0,0,0,0,0,1,2,3,4,1,2,2,2,2,2,2,2,3,4,1,2,3,0,0,0,0,0,0,0,0,0,0,0,0,0
19,39,33,14,9,15,15,14,9,15,15,22,15,0,0,0,0,0,0,0,0,0,0,0,0,0,0,0,0,0,1,2,3,4,1,2,3,4,1,2,2,2,3,0,0,0,0,0,0,0,0,0,0,0,0,0,0,0,0,0,1,2,3,4,1,2,3,4,1,2,2,2,3,0,0,0,0,0,0,0,0,0,0,0,0,0,0,0,0,0
19,5,16,1,34,3,4,28,21,1,7,2,0,0,0,0,0,0,0,0,0,0,0,0,0,0,0,0,0,0,1,2,2,3,1,2,2,2,2,2,2,3,0,0,0,0,0,0,0,0,0,0,0,0,0,0,0,0,0,0,1,2,2,3,1,2,2,2,2,2,2,3,0,0,0,0,0,0,0,0,0,0,0,0,0,0,0,0,0,0
5,3,28,14,1,11,10,6,18,8,1,14,59,16,2,14,11,5,3,1,14,20,24,4,3,1,7,2,0,0,1,2,3,4,1,2,2,2,2,2,3,4,1,2,3,4,1,2,2,3,4,1,2,2,2,2,2,3,0,0,1,2,3,4,1,2,2,2,2,2,3,4,1,2,3,4,1,2,2,3,4,1,2,2,2,2,2,3,0,0
11,5,7,7,1,11,2,24,2,3,0,0,0,0,0,0,0,0,0,0,0,0,0,0,0,0,0,0,0,0,1,2,2,2,2,2,3,1,2,3,0,0,0,0,0,0,0,0,0,0,0,0,0,0,0,0,0,0,0,0,1,2,2,2,2,2,3,1,2,3,0,0,0,0,0,0,0,0,0,0,0,0,0,0,0,0,0,0,0,0
4,8,21,14,31,6,28,31,14,10,4,32,1,10,0,0,0,0,0,0,0,0,0,0,0,0,0,0,0,0,1,2,3,4,1,2,2,3,4,1,2,2,2,3,0,0,0,0,0,0,0,0,0,0,0,0,0,0,0,0,1,2,3,4,1,2,2,3,4,1,2,2,2,3,0,0,0,0,0,0,0,0,0,0,0,0,0,0,0,0
3,1,30,62,25,1,25,1,20,7,30,5,0,0,0,0,0,0,0,0,0,0,0,0,0,0,0,0,0,0,1,2,3,1,2,2,2,3,1,2,2,3,0,0,0,0,0,0,0,0,0,0,0,0,0,0,0,0,0,0,1,2,3,1,2,2,2,3,1,2,2,3,0,0,0,0,0,0,0,0,0,0,0,0,0,0,0,0,0,0
25,8,1,21,4,18,0,0,0,0,0,0,0,0,0,0,0,0,0,0,0,0,0,0,0,0,0,0,0,0,1,2,3,1,2,3,0,0,0,0,0,0,0,0,0,0,0,0,0,0,0,0,0,0,0,0,0,0,0,0,1,2,3,1,2,3,0,0,0,0,0,0,0,0,0,0,0,0,0,0,0,0,0,0,0,0,0,0,0,0
49,1,4,24,4,3,4,21,8,14,5,3,6,28,6,7,4,2,5,3,56,9,17,56,1,38,14,10,1,7,1,2,3,1,2,2,2,2,3,4,1,2,2,2,2,2,2,2,2,3,1,2,3,1,2,3,4,1,2,3,1,2,3,1,2,2,2,2,3,4,1,2,2,2,2,2,2,2,2,3,1,2,2,2,2,3,4,1,2,3
18,3,1,16,6,11,2,14,40,46,44,40,46,14,16,11,14,2,5,18,0,0,0,0,0,0,0,0,0,0,1,2,2,2,2,2,3,4,1,3,4,1,3,4,1,3,4,1,2,3,0,0,0,0,0,0,0,0,0,0,1,2,2,2,2,2,3,4,1,3,4,1,3,4,1,3,4,1,2,3,0,0,0,0,0,0,0,0,0,0
55,24,14,24,10,4,2,30,5,3,21,34,6,10,1,13,5,33,15,26,0,0,0,0,0,0,0,0,0,0,1,3,4,1,2,2,2,2,2,2,3,1,2,2,3,1,3,1,2,3,0,0,0,0,0,0,0,0,0,0,1,3,4,1,2,2,2,2,2,2,3,1,2,2,3,1,3,1,2,3,0,0,0,0,0,0,0,0,0,0
1,7,2,3,38,14,2,38,14,6,7,6,2,0,0,0,0,0,0,0,0,0,0,0,0,0,0,0,0,0,1,2,2,2,3,4,1,3,4,1,2,2,3,0,0,0,0,0,0,0,0,0,0,0,0,0,0,0,0,0,1,2,2,2,3,4,1,3,4,1,2,2,3,0,0,0,0,0,0,0,0,0,0,0,0,0,0,0,0,0
6,7,6,2,14,5,25,2,1,3,14,10,5,5,18,0,0,0,0,0,0,0,0,0,0,0,0,0,0,0,1,2,2,3,4,1,2,2,2,3,4,1,2,2,3,0,0,0,0,0,0,0,0,0,0,0,0,0,0,0,1,2,2,3,4,1,2,2,2,3,4,1,2,2,3,0,0,0,0,0,0,0,0,0,0,0,0,0,0,0
30,5,3,21,4,2,24,5,8,0,0,0,0,0,0,0,0,0,0,0,0,0,0,0,0,0,0,0,0,0,1,2,2,2,2,3,1,2,3,0,0,0,0,0,0,0,0,0,0,0,0,0,0,0,0,0,0,0,0,0,1,2,2,2,2,3,1,2,3,0,0,0,0,0,0,0,0,0,0,0,0,0,0,0,0,0,0,0,0,0
28,21,10,10,2,21,18,0,0,0,0,0,0,0,0,0,0,0,0,0,0,0,0,0,0,0,0,0,0,0,1,2,2,3,1,2,3,0,0,0,0,0,0,0,0,0,0,0,0,0,0,0,0,0,0,0,0,0,0,0,1,2,3,4,1,2,3,0,0,0,0,0,0,0,0,0,0,0,0,0,0,0,0,0,0,0,0,0,0,0
26,22,22,56,33,24,9,23,27,0,0,0,0,0,0,0,0,0,0,0,0,0,0,0,0,0,0,0,0,0,1,2,2,2,2,3,1,2,3,0,0,0,0,0,0,0,0,0,0,0,0,0,0,0,0,0,0,0,0,0,1,2,2,3,1,2,2,2,3,0,0,0,0,0,0,0,0,0,0,0,0,0,0,0,0,0,0,0,0,0
16,32,14,16,32,14,2,3,25,7,11,4,2,1,14,41,43,43,40,14,8,37,11,0,0,0,0,0,0,0,1,3,4,1,3,4,1,2,2,2,2,2,2,3,4,1,2,2,3,4,1,2,3,0,0,0,0,0,0,0,1,3,4,1,3,4,1,2,2,2,2,2,2,3,4,1,2,2,3,4,1,2,3,0,0,0,0,0,0,0
7,21,1,21,32,0,0,0,0,0,0,0,0,0,0,0,0,0,0,0,0,0,0,0,0,0,0,0,0,0,4,1,2,2,3,0,0,0,0,0,0,0,0,0,0,0,0,0,0,0,0,0,0,0,0,0,0,0,0,0,3,1,2,2,3,0,0,0,0,0,0,0,0,0,0,0,0,0,0,0,0,0,0,0,0,0,0,0,0,0
18,16,30,40,41,14,21,4,3,49,14,18,3,5,11,8,0,0,0,0,0,0,0,0,0,0,0,0,0,0,1,2,3,1,3,4,1,2,2,3,4,1,2,2,2,3,0,0,0,0,0,0,0,0,0,0,0,0,0,0,1,2,3,1,3,4,1,2,2,3,4,1,2,2,2,3,0,0,0,0,0,0,0,0,0,0,0,0,0,0
55,17,14,34,26,17,36,12,0,0,0,0,0,0,0,0,0,0,0,0,0,0,0,0,0,0,0,0,0,0,1,3,4,1,2,2,2,3,0,0,0,0,0,0,0,0,0,0,0,0,0,0,0,0,0,0,0,0,0,0,1,3,4,1,2,2,2,3,0,0,0,0,0,0,0,0,0,0,0,0,0,0,0,0,0,0,0,0,0,0
59,8,38,8,2,3,4,38,0,0,0,0,0,0,0,0,0,0,0,0,0,0,0,0,0,0,0,0,0,0,4,1,2,3,1,2,2,3,0,0,0,0,0,0,0,0,0,0,0,0,0,0,0,0,0,0,0,0,0,0,1,2,3,1,2,2,2,3,0,0,0,0,0,0,0,0,0,0,0,0,0,0,0,0,0,0,0,0,0,0
55,2,29,5,37,1,54,6,16,28,1,2,0,0,0,0,0,0,0,0,0,0,0,0,0,0,0,0,0,0,1,3,1,2,2,3,1,2,2,2,2,3,0,0,0,0,0,0,0,0,0,0,0,0,0,0,0,0,0,0,1,3,1,2,2,3,1,2,2,2,2,3,0,0,0,0,0,0,0,0,0,0,0,0,0,0,0,0,0,0
8,1,11,2,14,4,21,2,0,0,0,0,0,0,0,0,0,0,0,0,0,0,0,0,0,0,0,0,0,0,1,2,2,3,4,1,2,3,0,0,0,0,0,0,0,0,0,0,0,0,0,0,0,0,0,0,0,0,0,0,1,2,2,3,4,1,2,3,0,0,0,0,0,0,0,0,0,0,0,0,0,0,0,0,0,0,0,0,0,0
8,1,11,5,7,16,12,3,11,35,38,2,1,8,0,0,0,0,0,0,0,0,0,0,0,0,0,0,0,0,1,2,2,2,2,3,1,2,3,1,2,2,2,3,0,0,0,0,0,0,0,0,0,0,0,0,0,0,0,0,1,2,2,2,2,3,1,2,3,1,2,2,2,3,0,0,0,0,0,0,0,0,0,0,0,0,0,0,0,0
11,5,10,5,3,35,5,10,16,19,38,4,7,0,0,0,0,0,0,0,0,0,0,0,0,0,0,0,0,0,1,2,2,2,3,1,2,2,3,1,2,2,3,0,0,0,0,0,0,0,0,0,0,0,0,0,0,0,0,0,1,2,2,2,3,1,2,2,3,1,2,2,3,0,0,0,0,0,0,0,0,0,0,0,0,0,0,0,0,0
5,18,1,7,52,30,1,14,5,3,28,14,7,1,2,0,0,0,0,0,0,0,0,0,0,0,0,0,0,0,1,2,2,3,1,2,3,4,1,2,3,4,1,2,3,0,0,0,0,0,0,0,0,0,0,0,0,0,0,0,1,2,2,3,1,2,3,4,1,2,3,4,1,2,3,0,0,0,0,0,0,0,0,0,0,0,0,0,0,0
53,19,19,6,2,38,24,3,5,18,0,0,0,0,0,0,0,0,0,0,0,0,0,0,0,0,0,0,0,0,1,3,1,2,2,3,1,2,2,3,0,0,0,0,0,0,0,0,0,0,0,0,0,0,0,0,0,0,0,0,1,3,1,2,2,3,1,2,2,3,0,0,0,0,0,0,0,0,0,0,0,0,0,0,0,0,0,0,0,0
19,54,19,5,10,5,3,21,4,18,0,0,0,0,0,0,0,0,0,0,0,0,0,0,0,0,0,0,0,0,1,3,1,2,2,2,3,1,2,3,0,0,0,0,0,0,0,0,0,0,0,0,0,0,0,0,0,0,0,0,1,3,1,2,2,2,2,2,2,3,0,0,0,0,0,0,0,0,0,0,0,0,0,0,0,0,0,0,0,0
28,1,2,35,4,8,1,10,6,7,1,27,25,3,4,2,6,5,7,0,0,0,0,0,0,0,0,0,0,0,1,2,3,1,2,2,2,2,2,2,3,1,2,2,2,2,2,2,3,0,0,0,0,0,0,0,0,0,0,0,1,2,3,1,2,2,2,2,2,2,3,1,2,2,2,2,2,2,3,0,0,0,0,0,0,0,0,0,0,0
11,31,1,11,49,20,30,17,10,10,35,5,25,7,16,0,0,0,0,0,0,0,0,0,0,0,0,0,0,0,1,2,2,2,3,1,3,1,2,3,1,2,2,2,3,0,0,0,0,0,0,0,0,0,0,0,0,0,0,0,1,2,2,2,3,1,3,1,2,3,1,2,2,2,3,0,0,0,0,0,0,0,0,0,0,0,0,0,0,0
18,3,1,18,4,3,1,33,2,6,10,13,3,4,7,8,4,11,2,6,5,7,0,0,0,0,0,0,0,0,1,2,2,2,2,2,3,1,2,2,3,1,2,2,2,2,2,2,2,2,2,3,0,0,0,0,0,0,0,0,1,2,2,2,2,2,3,1,2,2,3,1,2,2,2,2,2,2,2,2,2,3,0,0,0,0,0,0,0,0
3,25,7,14,1,5,10,14,11,5,16,1,14,37,4,10,25,1,0,0,0,0,0,0,0,0,0,0,0,0,1,2,3,4,1,2,3,4,1,2,2,3,4,1,2,2,2,3,0,0,0,0,0,0,0,0,0,0,0,0,1,2,3,4,1,2,3,4,1,2,2,3,4,1,2,2,2,3,0,0,0,0,0,0,0,0,0,0,0,0
17,3,3,4,38,13,5,17,3,3,4,38,20,7,30,5,29,4,18,0,0,0,0,0,0,0,0,0,0,0,1,2,2,2,3,1,3,1,2,2,2,3,1,2,2,3,1,2,3,0,0,0,0,0,0,0,0,0,0,0,1,2,2,2,3,1,3,1,2,2,2,3,1,2,2,3,1,2,3,0,0,0,0,0,0,0,0,0,0,0
12,3,11,14,21,14,10,24,4,3,4,21,0,0,0,0,0,0,0,0,0,0,0,0,0,0,0,0,0,0,1,2,3,4,4,4,4,1,2,2,2,3,0,0,0,0,0,0,0,0,0,0,0,0,0,0,0,0,0,0,1,2,3,4,4,4,4,1,2,2,2,3,0,0,0,0,0,0,0,0,0,0,0,0,0,0,0,0,0,0
4,17,2,2,3,19,31,4,7,28,1,17,3,28,0,0,0,0,0,0,0,0,0,0,0,0,0,0,0,0,4,1,2,2,3,1,2,2,2,2,3,1,2,3,0,0,0,0,0,0,0,0,0,0,0,0,0,0,0,0,4,1,2,2,3,1,2,2,2,2,3,1,2,3,0,0,0,0,0,0,0,0,0,0,0,0,0,0,0,0
16,5,4,16,37,0,0,0,0,0,0,0,0,0,0,0,0,0,0,0,0,0,0,0,0,0,0,0,0,0,1,3,1,2,3,0,0,0,0,0,0,0,0,0,0,0,0,0,0,0,0,0,0,0,0,0,0,0,0,0,1,2,3,1,3,0,0,0,0,0,0,0,0,0,0,0,0,0,0,0,0,0,0,0,0,0,0,0,0,0
18,23,1,52,34,6,10,2,1,3,0,0,0,0,0,0,0,0,0,0,0,0,0,0,0,0,0,0,0,0,4,1,2,3,1,2,2,2,2,3,0,0,0,0,0,0,0,0,0,0,0,0,0,0,0,0,0,0,0,0,4,1,2,3,1,2,2,2,2,3,0,0,0,0,0,0,0,0,0,0,0,0,0,0,0,0,0,0,0,0
23,12,14,26,22,17,27,9,15,14,27,17,13,17,14,17,26,26,22,19,14,12,13,9,24,0,0,0,0,0,1,3,4,1,2,2,2,2,3,4,1,2,2,3,4,1,2,2,2,3,4,1,2,2,3,0,0,0,0,0,1,3,4,1,2,2,2,2,3,4,1,2,2,3,4,1,2,2,2,3,4,1,2,2,3,0,0,0,0,0
21,4,8,49,14,11,11,5,10,5,3,14,18,4,2,2,1,3,7,0,0,0,0,0,0,0,0,0,0,0,1,2,2,3,4,4,1,2,2,2,3,4,1,2,2,2,2,2,3,0,0,0,0,0,0,0,0,0,0,0,1,2,2,3,4,1,2,2,2,2,3,4,1,2,2,2,2,2,3,0,0,0,0,0,0,0,0,0,0,0
33,24,27,14,29,29,14,27,9,26,14,17,15,15,17,57,0,0,0,0,0,0,0,0,0,0,0,0,0,0,1,2,3,4,1,3,4,1,2,3,4,1,2,2,2,3,0,0,0,0,0,0,0,0,0,0,0,0,0,0,1,2,3,4,1,3,4,1,2,3,4,1,2,2,2,3,0,0,0,0,0,0,0,0,0,0,0,0,0,0
9,53,9,23,13,14,17,13,56,14,13,17,35,26,9,14,15,22,54,14,15,9,22,15,27,9,15,0,0,0,1,2,2,2,3,4,1,2,3,4,1,2,2,2,3,4,1,2,3,4,1,2,2,2,2,2,3,0,0,0,1,2,2,2,3,4,1,2,3,4,1,2,2,2,3,4,1,2,3,4,1,2,2,2,2,2,3,0,0,0
61,8,25,32,0,0,0,0,0,0,0,0,0,0,0,0,0,0,0,0,0,0,0,0,0,0,0,0,0,0,4,1,2,3,0,0,0,0,0,0,0,0,0,0,0,0,0,0,0,0,0,0,0,0,0,0,0,0,0,0,3,1,2,3,0,0,0,0,0,0,0,0,0,0,0,0,0,0,0,0,0,0,0,0,0,0,0,0,0,0
28,11,26,5,11,49,8,39,4,8,31,0,0,0,0,0,0,0,0,0,0,0,0,0,0,0,0,0,0,0,1,3,1,2,2,2,3,1,2,2,3,0,0,0,0,0,0,0,0,0,0,0,0,0,0,0,0,0,0,0,1,3,1,2,2,2,3,1,2,2,3,0,0,0,0,0,0,0,0,0,0,0,0,0,0,0,0,0,0,0
25,7,3,1,28,6,8,2,1,3,35,1,4,7,0,0,0,0,0,0,0,0,0,0,0,0,0,0,0,0,1,2,2,2,2,2,2,2,2,3,1,2,2,3,0,0,0,0,0,0,0,0,0,0,0,0,0,0,0,0,1,2,2,2,2,2,2,2,2,3,1,2,2,3,0,0,0,0,0,0,0,0,0,0,0,0,0,0,0,0
1,7,11,8,2,3,0,0,0,0,0,0,0,0,0,0,0,0,0,0,0,0,0,0,0,0,0,0,0,0,1,2,3,1,2,3,0,0,0,0,0,0,0,0,0,0,0,0,0,0,0,0,0,0,0,0,0,0,0,0,1,2,3,1,2,3,0,0,0,0,0,0,0,0,0,0,0,0,0,0,0,0,0,0,0,0,0,0,0,0
32,10,6,7,16,19,5,18,38,0,0,0,0,0,0,0,0,0,0,0,0,0,0,0,0,0,0,0,0,0,1,2,2,2,3,1,2,2,3,0,0,0,0,0,0,0,0,0,0,0,0,0,0,0,0,0,0,0,0,0,1,2,2,2,3,1,2,2,3,0,0,0,0,0,0,0,0,0,0,0,0,0,0,0,0,0,0,0,0,0
19,35,29,14,20,23,20,13,0,0,0,0,0,0,0,0,0,0,0,0,0,0,0,0,0,0,0,0,0,0,1,2,3,4,1,2,2,3,0,0,0,0,0,0,0,0,0,0,0,0,0,0,0,0,0,0,0,0,0,0,1,2,3,4,1,2,2,3,0,0,0,0,0,0,0,0,0,0,0,0,0,0,0,0,0,0,0,0,0,0
21,14,25,15,1,60,12,2,4,3,2,0,0,0,0,0,0,0,0,0,0,0,0,0,0,0,0,0,0,0,4,4,4,1,2,3,1,2,2,2,3,0,0,0,0,0,0,0,0,0,0,0,0,0,0,0,0,0,0,0,4,4,4,1,2,3,1,2,2,2,3,0,0,0,0,0,0,0,0,0,0,0,0,0,0,0,0,0,0,0
21,8,25,18,0,0,0,0,0,0,0,0,0,0,0,0,0,0,0,0,0,0,0,0,0,0,0,0,0,0,1,2,2,3,0,0,0,0,0,0,0,0,0,0,0,0,0,0,0,0,0,0,0,0,0,0,0,0,0,0,1,2,2,3,0,0,0,0,0,0,0,0,0,0,0,0,0,0,0,0,0,0,0,0,0,0,0,0,0,0
21,14,8,6,61,1,39,16,3,20,21,28,26,6,8,2,20,11,5,7,14,11,38,0,0,0,0,0,0,0,4,4,1,2,2,3,1,2,3,1,2,3,1,2,2,3,1,2,2,3,4,1,3,0,0,0,0,0,0,0,4,4,1,2,2,3,1,2,3,1,2,3,1,2,2,3,1,2,2,3,4,1,3,0,0,0,0,0,0,0
18,4,3,4,21,8,14,16,1,30,0,0,0,0,0,0,0,0,0,0,0,0,0,0,0,0,0,0,0,0,1,2,2,2,2,3,4,1,2,3,0,0,0,0,0,0,0,0,0,0,0,0,0,0,0,0,0,0,0,0,1,2,2,2,2,3,4,1,2,3,0,0,0,0,0,0,0,0,0,0,0,0,0,0,0,0,0,0,0,0
37,6,1,52,19,3,8,0,0,0,0,0,0,0,0,0,0,0,0,0,0,0,0,0,0,0,0,0,0,0,1,2,2,3,1,2,3,0,0,0,0,0,0,0,0,0,0,0,0,0,0,0,0,0,0,0,0,0,0,0,1,2,2,3,1,2,3,0,0,0,0,0,0,0,0,0,0,0,0,0,0,0,0,0,0,0,0,0,0,0
8,1,3,37,6,11,1,23,4,21,1,62,23,4,21,1,0,0,0,0,0,0,0,0,0,0,0,0,0,0,1,2,2,2,2,2,3,1,2,2,3,1,2,2,2,3,0,0,0,0,0,0,0,0,0,0,0,0,0,0,1,2,2,2,2,2,3,1,2,2,3,1,2,2,2,3,0,0,0,0,0,0,0,0,0,0,0,0,0,0
62,2,14,56,1,38,14,56,1,38,14,33,18,0,0,0,0,0,0,0,0,0,0,0,0,0,0,0,0,0,1,3,4,1,2,3,4,1,2,3,4,1,3,0,0,0,0,0,0,0,0,0,0,0,0,0,0,0,0,0,1,3,4,1,2,3,4,1,2,3,4,1,3,0,0,0,0,0,0,0,0,0,0,0,0,0,0,0,0,0
8,28,30,14,18,3,6,7,2,32,5,4,3,16,0,0,0,0,0,0,0,0,0,0,0,0,0,0,0,0,1,2,3,4,1,2,2,2,3,1,2,2,2,3,0,0,0,0,0,0,0,0,0,0,0,0,0,0,0,0,1,2,3,4,1,2,2,2,3,1,2,2,2,3,0,0,0,0,0,0,0,0,0,0,0,0,0,0,0,0
5,10,16,13,3,4,8,31,23,4,21,1,33,2,30,51,0,0,0,0,0,0,0,0,0,0,0,0,0,0,1,2,3,1,2,2,2,3,1,2,2,3,1,2,3,4,0,0,0,0,0,0,0,0,0,0,0,0,0,0,1,2,3,1,2,2,2,3,1,2,2,3,1,2,3,4,0,0,0,0,0,0,0,0,0,0,0,0,0,0
52,32,16,16,0,0,0,0,0,0,0,0,0,0,0,0,0,0,0,0,0,0,0,0,0,0,0,0,0,0,1,2,2,3,0,0,0,0,0,0,0,0,0,0,0,0,0,0,0,0,0,0,0,0,0,0,0,0,0,0,1,2,2,3,0,0,0,0,0,0,0,0,0,0,0,0,0,0,0,0,0,0,0,0,0,0,0,0,0,0
34,19,14,27,35,36,14,19,17,19,39,9,53,0,0,0,0,0,0,0,0,0,0,0,0,0,0,0,0,0,1,3,4,1,2,3,4,1,2,2,2,2,3,0,0,0,0,0,0,0,0,0,0,0,0,0,0,0,0,0,1,3,4,1,2,3,4,1,2,2,2,2,3,0,0,0,0,0,0,0,0,0,0,0,0,0,0,0,0,0
29,17,55,14,20,23,34,22,14,53,17,26,33,9,0,0,0,0,0,0,0,0,0,0,0,0,0,0,0,0,1,2,3,4,1,2,2,3,4,1,2,2,2,3,0,0,0,0,0,0,0,0,0,0,0,0,0,0,0,0,1,2,3,4,1,2,2,3,4,1,2,2,2,3,0,0,0,0,0,0,0,0,0,0,0,0,0,0,0,0
6,7,16,34,25,10,10,3,1,8,24,4,2,31,0,0,0,0,0,0,0,0,0,0,0,0,0,0,0,0,1,2,3,1,2,2,3,1,2,3,1,2,2,3,0,0,0,0,0,0,0,0,0,0,0,0,0,0,0,0,1,2,3,1,2,2,2,2,2,3,1,2,2,3,0,0,0,0,0,0,0,0,0,0,0,0,0,0,0,0
32,25,2,2,5,7,9,10,0,0,0,0,0,0,0,0,0,0,0,0,0,0,0,0,0,0,0,0,0,0,1,2,2,2,2,3,1,3,0,0,0,0,0,0,0,0,0,0,0,0,0,0,0,0,0,0,0,0,0,0,1,2,2,2,2,3,1,3,0,0,0,0,0,0,0,0,0,0,0,0,0,0,0,0,0,0,0,0,0,0
2,1,4,3,16,5,52,7,15,1,18,5,3,2,8,14,2,5,17,3,3,4,38,0,0,0,0,0,0,0,1,2,2,3,1,2,2,3,1,2,2,2,2,2,3,4,1,3,1,2,2,2,3,0,0,0,0,0,0,0,1,2,2,2,2,2,2,3,1,2,2,2,2,2,3,4,1,3,1,2,2,2,3,0,0,0,0,0,0,0
49,21,4,18,0,0,0,0,0,0,0,0,0,0,0,0,0,0,0,0,0,0,0,0,0,0,0,0,0,0,4,1,2,3,0,0,0,0,0,0,0,0,0,0,0,0,0,0,0,0,0,0,0,0,0,0,0,0,0,0,1,2,2,3,0,0,0,0,0,0,0,0,0,0,0,0,0,0,0,0,0,0,0,0,0,0,0,0,0,0
20,27,19,14,19,22,26,26,9,19,13,20,22,23,53,20,9,54,17,33,13,39,22,15,26,17,35,9,26,0,1,2,3,4,1,2,2,2,2,2,2,2,2,3,1,2,2,3,1,2,2,2,2,3,1,2,2,2,3,0,1,2,3,4,1,2,2,2,2,2,2,2,2,3,1,2,2,2,2,2,2,2,2,3,1,2,2,2,3,0
13,5,18,6,11,15,12,12,0,0,0,0,0,0,0,0,0,0,0,0,0,0,0,0,0,0,0,0,0,0,1,2,2,2,3,1,2,3,0,0,0,0,0,0,0,0,0,0,0,0,0,0,0,0,0,0,0,0,0,0,1,2,2,2,3,1,2,3,0,0,0,0,0,0,0,0,0,0,0,0,0,0,0,0,0,0,0,0,0,0
19,5,7,8,2,4,7,2,8,14,29,39,12,14,22,15,14,17,27,27,15,9,12,12,14,22,20,27,0,0,1,2,2,2,2,2,2,2,3,4,1,2,3,4,1,3,4,1,2,2,2,2,2,3,4,1,2,3,0,0,1,2,2,2,2,2,2,2,3,4,1,2,3,4,1,3,4,1,2,2,2,2,2,3,4,1,2,3,0,0
17,13,56,14,15,22,26,9,14,29,9,23,33,0,0,0,0,0,0,0,0,0,0,0,0,0,0,0,0,0,1,2,3,4,1,2,2,3,4,1,2,2,3,0,0,0,0,0,0,0,0,0,0,0,0,0,0,0,0,0,1,2,3,4,1,2,2,3,4,1,2,2,3,0,0,0,0,0,0,0,0,0,0,0,0,0,0,0,0,0
26,53,12,14,22,54,23,9,15,27,17,13,17,0,0,0,0,0,0,0,0,0,0,0,0,0,0,0,0,0,1,2,3,4,1,2,2,2,3,1,2,2,3,0,0,0,0,0,0,0,0,0,0,0,0,0,0,0,0,0,1,2,3,4,1,2,2,2,3,1,2,2,3,0,0,0,0,0,0,0,0,0,0,0,0,0,0,0,0,0
4,16,16,35,18,1,10,24,3,5,11,1,8,8,33,3,10,0,0,0,0,0,0,0,0,0,0,0,0,0,1,2,3,1,2,2,3,1,2,2,2,2,2,3,1,2,3,0,0,0,0,0,0,0,0,0,0,0,0,0,1,2,3,1,2,2,3,1,2,2,2,2,2,3,1,2,3,0,0,0,0,0,0,0,0,0,0,0,0,0
3,1,21,5,37,1,35,5,2,8,29,1,7,25,20,7,30,5,14,25,18,14,52,6,16,2,31,0,0,0,1,2,2,2,2,3,1,2,2,3,1,2,2,3,1,2,2,3,4,1,3,4,1,2,2,2,3,0,0,0,1,2,2,2,2,3,1,2,2,3,1,2,2,3,1,2,2,3,4,1,3,4,1,2,2,2,3,0,0,0
16,5,10,10,4,3,14,6,7,14,6,16,1,7,2,0,0,0,0,0,0,0,0,0,0,0,0,0,0,0,1,2,2,2,2,3,4,1,3,4,1,2,2,2,3,0,0,0,0,0,0,0,0,0,0,0,0,0,0,0,1,2,2,2,2,3,4,1,3,4,1,2,2,2,3,0,0,0,0,0,0,0,0,0,0,0,0,0,0,0
21,29,5,61,17,3,1,4,19,10,5,8,1,8,2,24,4,3,1,7,2,0,0,0,0,0,0,0,0,0,4,1,2,3,1,2,2,3,1,2,2,2,2,2,3,1,2,2,2,2,3,0,0,0,0,0,0,0,0,0,4,1,2,3,1,2,2,3,1,2,2,2,2,2,3,1,2,2,2,2,3,0,0,0,0,0,0,0,0,0
8,16,14,8,6,28,7,4,2,25,3,1,17,10,28,5,3,6,2,31,21,0,0,0,0,0,0,0,0,0,1,3,4,1,2,2,2,2,2,2,2,3,1,2,2,2,2,2,2,2,3,0,0,0,0,0,0,0,0,0,1,3,4,1,2,2,2,2,2,2,2,3,1,2,2,2,2,2,2,2,3,0,0,0,0,0,0,0,0,0
12,1,2,29,4,44,33,18,10,5,4,16,0,0,0,0,0,0,0,0,0,0,0,0,0,0,0,0,0,0,1,2,3,1,2,3,1,2,2,2,2,3,0,0,0,0,0,0,0,0,0,0,0,0,0,0,0,0,0,0,1,2,3,1,2,3,1,2,2,2,2,3,0,0,0,0,0,0,0,0,0,0,0,0,0,0,0,0,0,0
7,8,20,7,8,1,3,2,24,10,4,6,7,2,1,44,2,19,5,21,21,4,7,16,0,0,0,0,0,0,1,3,1,2,2,2,2,3,1,2,2,2,3,1,2,2,3,1,2,2,2,2,2,3,0,0,0,0,0,0,1,3,1,2,2,2,2,3,1,2,2,2,2,2,2,2,3,1,2,2,2,2,2,3,0,0,0,0,0,0
20,27,26,14,7,5,16,1,14,7,1,52,0,0,0,0,0,0,0,0,0,0,0,0,0,0,0,0,0,0,1,2,3,4,1,2,2,3,4,1,2,3,0,0,0,0,0,0,0,0,0,0,0,0,0,0,0,0,0,0,1,2,3,4,1,2,2,3,4,1,2,3,0,0,0,0,0,0,0,0,0,0,0,0,0,0,0,0,0,0
11,37,31,0,0,0,0,0,0,0,0,0,0,0,0,0,0,0,0,0,0,0,0,0,0,0,0,0,0,0,1,2,3,0,0,0,0,0,0,0,0,0,0,0,0,0,0,0,0,0,0,0,0,0,0,0,0,0,0,0,1,2,3,0,0,0,0,0,0,0,0,0,0,0,0,0,0,0,0,0,0,0,0,0,0,0,0,0,0,0
29,5,16,6,30,6,4,32,10,1,13,4,32,10,1,19,31,4,7,28,1,9,37,1,7,2,0,0,0,0,1,2,2,2,2,2,2,2,2,3,1,2,2,2,3,1,2,2,2,2,3,1,2,2,2,3,0,0,0,0,1,2,2,2,2,2,2,2,2,3,1,2,2,2,3,1,2,2,2,2,3,1,2,2,2,3,0,0,0,0
32,2,7,12,6,28,7,17,11,2,6,5,7,24,1,3,30,5,3,21,1,16,0,0,0,0,0,0,0,0,1,2,3,1,2,2,3,1,2,2,2,2,3,1,2,2,2,2,2,2,2,3,0,0,0,0,0,0,0,0,1,2,3,1,2,2,3,1,2,2,2,2,3,1,2,2,2,2,2,2,2,3,0,0,0,0,0,0,0,0
20,27,19,14,29,9,13,17,23,17,29,9,0,0,0,0,0,0,0,0,0,0,0,0,0,0,0,0,0,0,1,2,3,4,1,2,2,3,1,2,2,3,0,0,0,0,0,0,0,0,0,0,0,0,0,0,0,0,0,0,1,2,3,4,1,2,2,2,2,2,2,3,0,0,0,0,0,0,0,0,0,0,0,0,0,0,0,0,0,0
11,10,6,14,8,31,5,52,14,10,5,11,4,10,8,0,0,0,0,0,0,0,0,0,0,0,0,0,0,0,1,2,3,4,1,2,2,3,4,1,2,2,2,2,3,0,0,0,0,0,0,0,0,0,0,0,0,0,0,0,1,2,3,4,1,2,2,3,4,1,2,2,2,2,3,0,0,0,0,0,0,0,0,0,0,0,0,0,0,0
8,2,4,2,1,21,1,7,2,14,8,1,2,33,15,26,0,0,0,0,0,0,0,0,0,0,0,0,0,0,1,2,2,2,2,2,2,2,3,4,1,2,3,1,2,3,0,0,0,0,0,0,0,0,0,0,0,0,0,0,1,2,2,2,2,2,2,2,3,4,1,2,3,1,2,3,0,0,0,0,0,0,0,0,0,0,0,0,0,0
19,5,21,21,5,7,29,4,6,7,15,5,25,2,6,7,1,0,0,0,0,0,0,0,0,0,0,0,0,0,1,2,2,2,2,3,1,2,2,3,1,2,2,2,2,2,3,0,0,0,0,0,0,0,0,0,0,0,0,0,1,2,2,2,2,3,1,2,2,3,1,2,2,2,2,2,3,0,0,0,0,0,0,0,0,0,0,0,0,0
12,20,27,14,39,22,54,29,17,23,57,0,0,0,0,0,0,0,0,0,0,0,0,0,0,0,0,0,0,0,1,2,3,4,1,2,3,1,2,2,3,0,0,0,0,0,0,0,0,0,0,0,0,0,0,0,0,0,0,0,1,2,3,4,1,2,2,2,2,2,3,0,0,0,0,0,0,0,0,0,0,0,0,0,0,0,0,0,0,0
31,2,16,32,21,14,6,7,6,2,0,0,0,0,0,0,0,0,0,0,0,0,0,0,0,0,0,0,0,0,1,2,2,2,3,4,1,2,2,3,0,0,0,0,0,0,0,0,0,0,0,0,0,0,0,0,0,0,0,0,1,3,1,2,3,4,1,2,2,3,0,0,0,0,0,0,0,0,0,0,0,0,0,0,0,0,0,0,0,0
49,20,27,4,2,4,34,10,4,37,5,3,0,0,0,0,0,0,0,0,0,0,0,0,0,0,0,0,0,0,4,1,2,2,2,3,1,2,2,2,2,3,0,0,0,0,0,0,0,0,0,0,0,0,0,0,0,0,0,0,4,1,2,2,2,3,1,2,2,2,2,3,0,0,0,0,0,0,0,0,0,0,0,0,0,0,0,0,0,0
2,3,10,15,1,10,19,5,7,0,0,0,0,0,0,0,0,0,0,0,0,0,0,0,0,0,0,0,0,0,1,2,3,1,2,3,1,2,3,0,0,0,0,0,0,0,0,0,0,0,0,0,0,0,0,0,0,0,0,0,1,2,3,1,2,3,1,2,3,0,0,0,0,0,0,0,0,0,0,0,0,0,0,0,0,0,0,0,0,0
11,5,21,14,44,1,3,5,44,14,53,13,29,14,1,7,28,6,7,1,14,26,5,7,28,24,5,6,7,2,1,2,3,4,1,2,2,2,3,4,1,2,3,4,1,2,2,2,2,3,4,1,2,2,3,1,2,2,2,3,1,2,3,4,1,2,2,2,3,4,1,2,3,4,1,2,2,2,2,3,4,1,2,2,3,1,2,2,2,3
28,1,7,14,7,5,7,11,1,14,31,4,8,31,0,0,0,0,0,0,0,0,0,0,0,0,0,0,0,0,1,2,3,4,1,2,2,2,3,4,1,2,2,3,0,0,0,0,0,0,0,0,0,0,0,0,0,0,0,0,1,2,3,4,1,2,2,2,3,4,1,2,2,3,0,0,0,0,0,0,0,0,0,0,0,0,0,0,0,0
44,28,1,2,17,25,2,5,21,4,2,6,11,34,5,11,25,8,0,0,0,0,0,0,0,0,0,0,0,0,4,1,2,3,1,2,2,2,2,2,2,2,3,1,2,2,2,3,0,0,0,0,0,0,0,0,0,0,0,0,1,2,2,3,1,2,2,2,2,2,2,2,3,1,2,2,2,3,0,0,0,0,0,0,0,0,0,0,0,0
16,30,2,24,3,5,18,8,0,0,0,0,0,0,0,0,0,0,0,0,0,0,0,0,0,0,0,0,0,0,1,2,3,1,2,2,2,3,0,0,0,0,0,0,0,0,0,0,0,0,0,0,0,0,0,0,0,0,0,0,1,2,3,1,2,2,2,3,0,0,0,0,0,0,0,0,0,0,0,0,0,0,0,0,0,0,0,0,0,0
6,7,6,2,6,4,10,58,4,37,4,19,5,10,5,3,0,0,0,0,0,0,0,0,0,0,0,0,0,0,1,2,2,2,2,2,3,1,2,2,3,1,2,2,2,3,0,0,0,0,0,0,0,0,0,0,0,0,0,0,1,2,2,2,2,2,3,1,2,2,3,1,2,2,2,3,0,0,0,0,0,0,0,0,0,0,0,0,0,0
16,8,11,14,5,3,6,1,7,2,4,2,6,5,7,0,0,0,0,0,0,0,0,0,0,0,0,0,0,0,1,2,3,4,1,2,2,2,2,2,2,2,2,2,3,0,0,0,0,0,0,0,0,0,0,0,0,0,0,0,1,2,3,4,1,2,2,2,2,2,2,2,2,2,3,0,0,0,0,0,0,0,0,0,0,0,0,0,0,0
5,54,24,33,35,0,0,0,0,0,0,0,0,0,0,0,0,0,0,0,0,0,0,0,0,0,0,0,0,0,4,1,2,2,3,0,0,0,0,0,0,0,0,0,0,0,0,0,0,0,0,0,0,0,0,0,0,0,0,0,3,1,2,2,3,0,0,0,0,0,0,0,0,0,0,0,0,0,0,0,0,0,0,0,0,0,0,0,0,0
5,3,16,3,1,8,29,5,32,6,10,1,8,0,0,0,0,0,0,0,0,0,0,0,0,0,0,0,0,0,1,2,2,2,2,3,1,2,2,2,2,2,3,0,0,0,0,0,0,0,0,0,0,0,0,0,0,0,0,0,1,2,3,1,2,3,1,2,2,2,2,2,3,0,0,0,0,0,0,0,0,0,0,0,0,0,0,0,0,0
12,23,27,14,24,19,29,14,39,54,14,24,17,15,17,29,14,24,9,15,20,22,27,12,0,0,0,0,0,0,1,2,3,4,1,2,3,4,1,3,4,1,2,2,2,3,4,1,2,2,2,2,2,3,0,0,0,0,0,0,1,2,3,4,1,2,3,4,1,3,4,1,2,2,2,3,4,1,2,2,2,2,2,3,0,0,0,0,0,0
5,8,14,30,6,10,1,14,11,10,5,8,1,16,6,3,0,0,0,0,0,0,0,0,0,0,0,0,0,0,1,3,4,1,2,2,3,4,1,2,2,2,3,1,2,3,0,0,0,0,0,0,0,0,0,0,0,0,0,0,1,3,4,1,2,2,3,4,1,2,2,2,3,1,2,3,0,0,0,0,0,0,0,0,0,0,0,0,0,0
28,1,2,14,11,4,10,10,1,3,6,16,14,4,8,2,0,0,0,0,0,0,0,0,0,0,0,0,0,0,1,2,3,4,1,2,2,2,2,3,1,3,4,1,2,3,0,0,0,0,0,0,0,0,0,0,0,0,0,0,1,2,3,4,1,2,2,2,2,2,2,3,4,1,2,3,0,0,0,0,0,0,0,0,0,0,0,0,0,0
31,2,21,10,41,43,26,4,2,6,7,40,0,0,0,0,0,0,0,0,0,0,0,0,0,0,0,0,0,0,1,2,2,3,1,3,1,2,2,2,3,4,0,0,0,0,0,0,0,0,0,0,0,0,0,0,0,0,0,0,1,2,2,3,1,3,1,2,2,2,3,4,0,0,0,0,0,0,0,0,0,0,0,0,0,0,0,0,0,0
17,9,36,1,2,24,4,3,4,21,27,1,8,11,0,0,0,0,0,0,0,0,0,0,0,0,0,0,0,0,1,3,1,2,3,1,2,2,2,3,1,2,2,3,0,0,0,0,0,0,0,0,0,0,0,0,0,0,0,0,1,3,1,2,3,1,2,2,2,3,1,2,2,3,0,0,0,0,0,0,0,0,0,0,0,0,0,0,0,0
6,21,4,28,1,14,18,3,5,11,14,8,5,25,3,11,1,14,8,6,61,1,0,0,0,0,0,0,0,0,1,2,2,2,3,4,1,2,2,3,4,1,2,2,2,2,3,4,1,2,2,3,0,0,0,0,0,0,0,0,1,2,2,2,3,4,1,2,2,3,4,1,2,2,2,2,3,4,1,2,2,3,0,0,0,0,0,0,0,0
24,26,33,36,20,23,12,14,27,20,15,14,23,17,29,9,0,0,0,0,0,0,0,0,0,0,0,0,0,0,1,2,2,2,2,2,3,4,1,2,3,4,1,2,2,3,0,0,0,0,0,0,0,0,0,0,0,0,0,0,1,2,2,2,2,2,3,4,1,2,3,4,1,2,2,3,0,0,0,0,0,0,0,0,0,0,0,0,0,0
16,10,10,14,1,2,31,14,28,1,2,14,52,5,3,49,0,0,0,0,0,0,0,0,0,0,0,0,0,0,1,2,3,4,1,2,3,4,1,2,3,4,1,2,2,3,0,0,0,0,0,0,0,0,0,0,0,0,0,0,1,2,3,4,1,2,3,4,1,2,3,4,1,2,2,3,0,0,0,0,0,0,0,0,0,0,0,0,0,0
4,59,18,14,21,8,28,14,4,18,18,1,7,16,14,8,2,3,6,7,28,14,1,44,0,0,0,0,0,0,1,2,3,4,1,2,3,4,1,2,2,2,2,3,4,1,2,2,2,2,3,4,1,3,0,0,0,0,0,0,1,2,3,4,1,2,3,4,1,2,2,2,2,3,4,1,2,2,2,2,3,4,1,3,0,0,0,0,0,0
7,1,2,14,8,5,25,3,11,1,30,5,3,28,1,14,59,2,46,51,45,14,59,5,25,10,1,8,0,0,1,2,3,4,1,2,2,2,2,2,2,2,2,2,3,4,1,3,1,2,3,4,1,2,2,2,2,3,0,0,1,2,3,4,1,2,2,2,2,2,2,2,2,2,3,4,1,3,1,2,3,4,1,2,2,2,2,3,0,0
11,4,11,31,1,24,2,3,0,0,0,0,0,0,0,0,0,0,0,0,0,0,0,0,0,0,0,0,0,0,1,2,2,2,3,1,2,3,0,0,0,0,0,0,0,0,0,0,0,0,0,0,0,0,0,0,0,0,0,0,1,2,2,2,3,1,2,3,0,0,0,0,0,0,0,0,0,0,0,0,0,0,0,0,0,0,0,0,0,0
21,14,32,36,24,26,9,37,6,10,16,5,1,3,0,0,0,0,0,0,0,0,0,0,0,0,0,0,0,0,4,4,4,1,2,3,1,2,2,3,1,2,2,3,0,0,0,0,0,0,0,0,0,0,0,0,0,0,0,0,4,4,4,1,2,3,1,2,2,2,2,2,2,3,0,0,0,0,0,0,0,0,0,0,0,0,0,0,0,0
33,7,3,1,28,6,8,2,1,3,39,5,2,56,1,38,0,0,0,0,0,0,0,0,0,0,0,0,0,0,1,2,2,2,2,2,2,2,2,3,1,2,3,1,2,3,0,0,0,0,0,0,0,0,0,0,0,0,0,0,1,2,2,2,2,2,2,2,2,3,1,2,3,1,2,3,0,0,0,0,0,0,0,0,0,0,0,0,0,0
49,4,32,5,5,21,0,0,0,0,0,0,0,0,0,0,0,0,0,0,0,0,0,0,0,0,0,0,0,0,1,2,2,2,2,3,0,0,0,0,0,0,0,0,0,0,0,0,0,0,0,0,0,0,0,0,0,0,0,0,1,2,2,2,2,3,0,0,0,0,0,0,0,0,0,0,0,0,0,0,0,0,0,0,0,0,0,0,0,0
32,11,5,18,38,4,10,10,0,0,0,0,0,0,0,0,0,0,0,0,0,0,0,0,0,0,0,0,0,0,4,1,2,2,3,1,2,3,0,0,0,0,0,0,0,0,0,0,0,0,0,0,0,0,0,0,0,0,0,0,4,1,2,2,3,1,2,3,0,0,0,0,0,0,0,0,0,0,0,0,0,0,0,0,0,0,0,0,0,0
29,22,12,47,32,25,10,49,58,11,2,24,5,2,1,7,2,6,4,10,0,0,0,0,0,0,0,0,0,0,1,2,3,4,1,2,2,3,1,2,3,1,2,2,2,2,2,2,2,3,0,0,0,0,0,0,0,0,0,0,1,2,3,4,1,2,2,3,1,2,3,1,2,2,2,2,2,2,2,3,0,0,0,0,0,0,0,0,0,0
5,18,2,14,8,1,4,3,11,31,14,18,10,4,7,0,0,0,0,0,0,0,0,0,0,0,0,0,0,0,1,2,3,4,1,2,2,2,2,3,4,1,2,2,3,0,0,0,0,0,0,0,0,0,0,0,0,0,0,0,1,2,3,4,1,2,2,2,2,3,4,1,2,2,3,0,0,0,0,0,0,0,0,0,0,0,0,0,0,0
21,1,8,8,4,28,1,19,2,11,31,4,3,14,28,1,2,53,4,10,25,1,26,1,7,28,2,31,0,0,1,2,2,2,2,2,3,1,3,1,2,2,3,4,1,2,3,1,2,2,2,3,1,2,2,2,2,3,0,0,1,2,2,2,2,2,3,1,2,2,2,2,3,4,1,2,3,1,2,2,2,3,1,2,2,2,2,3,0,0
19,19,26,17,12,12,14,33,24,24,9,15,0,0,0,0,0,0,0,0,0,0,0,0,0,0,0,0,0,0,4,1,2,2,2,3,4,1,2,2,2,3,0,0,0,0,0,0,0,0,0,0,0,0,0,0,0,0,0,0,1,2,2,2,2,3,4,1,2,2,2,3,0,0,0,0,0,0,0,0,0,0,0,0,0,0,0,0,0,0
7,2,3,6,4,7,28,5,10,6,0,0,0,0,0,0,0,0,0,0,0,0,0,0,0,0,0,0,0,0,4,1,2,2,2,2,3,1,2,3,0,0,0,0,0,0,0,0,0,0,0,0,0,0,0,0,0,0,0,0,1,2,2,2,2,2,3,1,2,3,0,0,0,0,0,0,0,0,0,0,0,0,0,0,0,0,0,0,0,0
15,17,54,14,19,27,14,12,9,19,13,22,15,14,12,20,63,9,0,0,0,0,0,0,0,0,0,0,0,0,1,2,3,4,1,3,4,1,2,2,2,2,3,4,1,2,2,3,0,0,0,0,0,0,0,0,0,0,0,0,1,2,3,4,1,3,4,1,2,2,2,2,3,4,1,2,2,3,0,0,0,0,0,0,0,0,0,0,0,0
11,31,4,3,32,25,30,30,0,0,0,0,0,0,0,0,0,0,0,0,0,0,0,0,0,0,0,0,0,0,1,2,2,3,1,2,2,3,0,0,0,0,0,0,0,0,0,0,0,0,0,0,0,0,0,0,0,0,0,0,1,2,2,3,1,2,2,3,0,0,0,0,0,0,0,0,0,0,0,0,0,0,0,0,0,0,0,0,0,0
32,1,38,5,7,16,14,1,5,3,0,0,0,0,0,0,0,0,0,0,0,0,0,0,0,0,0,0,0,0,1,2,2,2,2,3,4,1,2,3,0,0,0,0,0,0,0,0,0,0,0,0,0,0,0,0,0,0,0,0,1,2,2,2,2,3,4,1,2,3,0,0,0,0,0,0,0,0,0,0,0,0,0,0,0,0,0,0,0,0
28,1,2,20,21,4,28,1,34,3,5,21,24,10,25,28,6,7,0,0,0,0,0,0,0,0,0,0,0,0,1,2,3,1,2,2,2,3,1,2,2,3,1,2,2,2,2,3,0,0,0,0,0,0,0,0,0,0,0,0,1,2,3,1,2,2,2,3,1,2,2,3,1,2,2,2,2,3,0,0,0,0,0,0,0,0,0,0,0,0
21,14,11,8,35,2,7,40,13,1,44,2,0,0,0,0,0,0,0,0,0,0,0,0,0,0,0,0,0,0,4,4,1,3,1,2,3,4,1,2,2,3,0,0,0,0,0,0,0,0,0,0,0,0,0,0,0,0,0,0,4,4,1,3,1,2,3,4,1,2,2,3,0,0,0,0,0,0,0,0,0,0,0,0,0,0,0,0,0,0
4,19,5,7,8,2,3,25,11,2,5,3,19,20,27,0,0,0,0,0,0,0,0,0,0,0,0,0,0,0,4,1,2,2,2,2,2,2,2,2,2,3,1,2,3,0,0,0,0,0,0,0,0,0,0,0,0,0,0,0,4,1,2,2,2,2,2,2,2,2,2,3,1,2,3,0,0,0,0,0,0,0,0,0,0,0,0,0,0,0
1,3,3,5,3,54,4,3,7,6,7,28,14,30,6,10,1,7,4,21,1,0,0,0,0,0,0,0,0,0,1,2,2,2,3,1,2,2,2,2,2,3,4,1,2,2,2,2,2,2,3,0,0,0,0,0,0,0,0,0,1,2,2,2,3,1,2,2,2,2,2,3,4,1,2,2,2,2,2,2,3,0,0,0,0,0,0,0,0,0
39,6,8,2,5,28,3,4,21,19,5,7,30,6,28,0,0,0,0,0,0,0,0,0,0,0,0,0,0,0,1,2,2,2,2,2,2,2,3,1,2,2,2,2,3,0,0,0,0,0,0,0,0,0,0,0,0,0,0,0,1,2,2,2,2,2,2,2,3,1,2,2,2,2,3,0,0,0,0,0,0,0,0,0,0,0,0,0,0,0
52,6,16,28,1,2,8,14,30,18,30,13,5,28,28,10,1,0,0,0,0,0,0,0,0,0,0,0,0,0,1,2,2,2,2,2,3,4,1,2,3,1,2,2,2,2,3,0,0,0,0,0,0,0,0,0,0,0,0,0,1,2,2,2,2,2,3,4,1,2,3,1,2,2,2,2,3,0,0,0,0,0,0,0,0,0,0,0,0,0
21,4,49,1,19,5,7,7,1,11,2,12,2,3,6,7,28,0,0,0,0,0,0,0,0,0,0,0,0,0,1,2,2,3,1,2,2,2,2,2,3,1,2,2,2,2,3,0,0,0,0,0,0,0,0,0,0,0,0,0,1,2,2,3,1,2,2,2,2,2,3,1,2,2,2,2,3,0,0,0,0,0,0,0,0,0,0,0,0,0
8,18,27,5,11,39,5,8,2,33,20,39,4,7,16,10,1,3,0,0,0,0,0,0,0,0,0,0,0,0,1,3,1,2,3,1,2,2,3,1,3,1,2,2,2,2,2,3,0,0,0,0,0,0,0,0,0,0,0,0,1,3,1,2,3,1,2,2,3,1,3,1,2,2,2,2,2,3,0,0,0,0,0,0,0,0,0,0,0,0
10,4,21,1,14,28,1,2,14,10,5,52,18,4,8,8,30,3,1,60,0,0,0,0,0,0,0,0,0,0,1,2,2,3,4,1,2,3,4,1,2,3,1,2,2,3,1,2,2,3,0,0,0,0,0,0,0,0,0,0,1,2,2,3,4,1,2,3,4,1,2,3,1,2,2,2,2,2,2,3,0,0,0,0,0,0,0,0,0,0
32,14,21,14,18,4,3,2,8,6,61,1,0,0,0,0,0,0,0,0,0,0,0,0,0,0,0,0,0,0,4,4,4,4,1,2,2,3,1,2,2,3,0,0,0,0,0,0,0,0,0,0,0,0,0,0,0,0,0,0,4,4,4,4,1,2,2,3,1,2,2,3,0,0,0,0,0,0,0,0,0,0,0,0,0,0,0,0,0,0
15,18,4,28,1,20,16,19,0,0,0,0,0,0,0,0,0,0,0,0,0,0,0,0,0,0,0,0,0,0,4,1,2,2,3,1,3,4,0,0,0,0,0,0,0,0,0,0,0,0,0,0,0,0,0,0,0,0,0,0,1,2,2,2,3,1,3,3,0,0,0,0,0,0,0,0,0,0,0,0,0,0,0,0,0,0,0,0,0,0
21,4,11,14,1,3,3,5,3,0,0,0,0,0,0,0,0,0,0,0,0,0,0,0,0,0,0,0,0,0,1,2,3,4,1,2,2,2,3,0,0,0,0,0,0,0,0,0,0,0,0,0,0,0,0,0,0,0,0,0,1,2,3,4,1,2,2,2,3,0,0,0,0,0,0,0,0,0,0,0,0,0,0,0,0,0,0,0,0,0
1,44,1,11,19,29,14,17,27,27,0,0,0,0,0,0,0,0,0,0,0,0,0,0,0,0,0,0,0,0,1,2,2,3,1,3,4,1,2,3,0,0,0,0,0,0,0,0,0,0,0,0,0,0,0,0,0,0,0,0,1,2,2,3,1,3,4,1,2,3,0,0,0,0,0,0,0,0,0,0,0,0,0,0,0,0,0,0,0,0
35,20,22,14,19,35,14,15,9,13,33,15,23,0,0,0,0,0,0,0,0,0,0,0,0,0,0,0,0,0,1,2,3,4,1,3,4,1,2,2,2,2,3,0,0,0,0,0,0,0,0,0,0,0,0,0,0,0,0,0,1,2,3,4,1,3,4,1,2,2,2,2,3,0,0,0,0,0,0,0,0,0,0,0,0,0,0,0,0,0
16,1,11,10,26,4,21,32,16,4,0,0,0,0,0,0,0,0,0,0,0,0,0,0,0,0,0,0,0,0,1,2,2,3,1,2,2,2,2,3,0,0,0,0,0,0,0,0,0,0,0,0,0,0,0,0,0,0,0,0,1,2,2,3,1,2,2,2,2,3,0,0,0,0,0,0,0,0,0,0,0,0,0,0,0,0,0,0,0,0
21,6,7,15,1,8,6,16,25,4,10,19,4,18,4,11,6,2,38,0,0,0,0,0,0,0,0,0,0,0,1,2,3,1,2,2,2,2,2,2,3,1,2,2,2,2,2,2,3,0,0,0,0,0,0,0,0,0,0,0,1,2,3,1,2,2,2,2,2,2,3,1,2,2,2,2,2,2,3,0,0,0,0,0,0,0,0,0,0,0
17,53,20,14,9,15,15,14,22,24,9,23,0,0,0,0,0,0,0,0,0,0,0,0,0,0,0,0,0,0,1,2,3,4,1,2,3,4,1,2,2,3,0,0,0,0,0,0,0,0,0,0,0,0,0,0,0,0,0,0,1,2,3,4,1,2,3,4,1,2,2,3,0,0,0,0,0,0,0,0,0,0,0,0,0,0,0,0,0,0
58,27,35,29,22,32,59,1,11,2,29,4,7,4,28,1,3,13,1,8,2,19,4,8,1,0,0,0,0,0,1,2,2,3,1,2,2,2,2,3,1,2,2,2,2,2,3,1,2,2,3,1,2,2,3,0,0,0,0,0,1,2,2,3,1,2,2,2,2,3,1,2,2,2,2,2,3,1,2,2,3,1,2,2,3,0,0,0,0,0
28,1,2,14,16,18,4,0,0,0,0,0,0,0,0,0,0,0,0,0,0,0,0,0,0,0,0,0,0,0,1,2,3,4,1,2,3,0,0,0,0,0,0,0,0,0,0,0,0,0,0,0,0,0,0,0,0,0,0,0,1,2,3,4,1,2,3,0,0,0,0,0,0,0,0,0,0,0,0,0,0,0,0,0,0,0,0,0,0,0
2,5,49,19,5,10,5,7,0,0,0,0,0,0,0,0,0,0,0,0,0,0,0,0,0,0,0,0,0,0,1,2,3,1,2,2,2,3,0,0,0,0,0,0,0,0,0,0,0,0,0,0,0,0,0,0,0,0,0,0,1,2,3,1,2,2,2,3,0,0,0,0,0,0,0,0,0,0,0,0,0,0,0,0,0,0,0,0,0,0
11,30,5,7,2,14,16,6,11,2,14,49,1,38,8,0,0,0,0,0,0,0,0,0,0,0,0,0,0,0,4,1,2,2,3,4,1,2,2,3,4,1,2,2,3,0,0,0,0,0,0,0,0,0,0,0,0,0,0,0,4,1,2,2,3,4,1,2,2,3,4,1,2,2,3,0,0,0,0,0,0,0,0,0,0,0,0,0,0,0
4,25,2,5,31,1,10,18,1,3,14,30,25,7,11,0,0,0,0,0,0,0,0,0,0,0,0,0,0,0,1,2,2,3,1,2,2,2,2,3,4,1,2,2,3,0,0,0,0,0,0,0,0,0,0,0,0,0,0,0,1,2,2,3,1,2,2,2,2,3,4,1,2,2,3,0,0,0,0,0,0,0,0,0,0,0,0,0,0,0
6,11,5,7,26,1,7,8,1,0,0,0,0,0,0,0,0,0,0,0,0,0,0,0,0,0,0,0,0,0,1,2,2,3,1,2,2,2,3,0,0,0,0,0,0,0,0,0,0,0,0,0,0,0,0,0,0,0,0,0,1,2,2,3,1,2,2,2,3,0,0,0,0,0,0,0,0,0,0,0,0,0,0,0,0,0,0,0,0,0
5,3,16,3,1,14,30,5,3,11,1,24,3,5,18,25,10,8,1,25,3,17,3,3,6,1,3,1,0,0,1,2,2,2,3,4,1,2,2,2,3,1,2,2,2,2,2,2,2,2,3,1,2,2,2,2,2,3,0,0,1,2,2,2,3,4,1,2,2,2,3,1,2,2,2,2,2,2,2,2,3,1,2,2,2,2,2,3,0,0
8,8,10,14,8,5,11,49,1,2,14,8,1,7,16,37,0,0,0,0,0,0,0,0,0,0,0,0,0,0,1,2,3,4,1,2,2,2,2,3,4,1,2,2,2,3,0,0,0,0,0,0,0,0,0,0,0,0,0,0,1,2,3,4,1,2,2,2,2,3,4,1,2,2,2,3,0,0,0,0,0,0,0,0,0,0,0,0,0,0
7,16,32,11,10,25,8,2,1,3,14,30,6,7,16,14,30,6,10,1,8,0,0,0,0,0,0,0,0,0,1,2,3,1,2,2,2,2,2,3,4,1,2,2,3,4,1,2,2,2,3,0,0,0,0,0,0,0,0,0,1,2,3,1,2,2,2,2,2,3,4,1,2,2,3,4,1,2,2,2,3,0,0,0,0,0,0,0,0,0
49,35,5,24,5,29,5,34,5,22,3,16,1,3,20,16,19,20,27,0,0,0,0,0,0,0,0,0,0,0,4,1,3,1,3,1,3,1,3,1,2,2,2,3,1,3,1,2,3,0,0,0,0,0,0,0,0,0,0,0,4,1,3,1,3,1,3,1,3,1,2,2,2,3,1,3,1,2,3,0,0,0,0,0,0,0,0,0,0,0
4,10,10,5,52,8,14,21,1,21,0,0,0,0,0,0,0,0,0,0,0,0,0,0,0,0,0,0,0,0,1,2,2,2,2,3,4,1,2,3,0,0,0,0,0,0,0,0,0,0,0,0,0,0,0,0,0,0,0,0,1,2,2,2,2,3,4,1,2,3,0,0,0,0,0,0,0,0,0,0,0,0,0,0,0,0,0,0,0,0
8,14,8,6,28,7,25,18,14,18,4,8,8,52,5,3,16,14,28,1,7,1,3,6,11,14,2,38,18,1,4,4,1,2,2,2,2,3,4,1,2,2,2,2,2,2,3,4,1,2,2,2,2,2,3,4,1,2,2,3,4,4,1,2,2,2,2,3,4,1,2,2,2,2,2,2,3,4,1,2,2,2,2,2,3,4,1,2,2,3
11,3,1,4,2,1,14,30,25,7,11,14,11,31,4,3,14,10,1,7,28,2,31,0,0,0,0,0,0,0,1,2,2,2,2,3,4,1,2,2,3,4,1,2,2,3,4,1,2,2,2,2,3,0,0,0,0,0,0,0,1,2,2,2,2,3,4,1,2,2,3,4,1,2,2,3,4,1,2,2,2,2,3,0,0,0,0,0,0,0
11,18,14,52,4,3,7,6,7,28,14,4,2,0,0,0,0,0,0,0,0,0,0,0,0,0,0,0,0,0,1,3,4,1,2,2,2,2,2,3,4,1,3,0,0,0,0,0,0,0,0,0,0,0,0,0,0,0,0,0,1,3,4,1,2,2,2,2,2,3,4,1,3,0,0,0,0,0,0,0,0,0,0,0,0,0,0,0,0,0
8,31,4,14,6,7,7,1,3,0,0,0,0,0,0,0,0,0,0,0,0,0,0,0,0,0,0,0,0,0,1,2,3,4,1,2,2,2,3,0,0,0,0,0,0,0,0,0,0,0,0,0,0,0,0,0,0,0,0,0,1,2,3,4,1,2,2,2,3,0,0,0,0,0,0,0,0,0,0,0,0,0,0,0,0,0,0,0,0,0
28,33,47,23,2,4,32,10,1,0,0,0,0,0,0,0,0,0,0,0,0,0,0,0,0,0,0,0,0,0,4,4,4,4,1,2,2,2,3,0,0,0,0,0,0,0,0,0,0,0,0,0,0,0,0,0,0,0,0,0,4,3,4,1,2,2,2,2,3,0,0,0,0,0,0,0,0,0,0,0,0,0,0,0,0,0,0,0,0,0
24,56,40,40,22,32,59,1,11,2,26,6,8,2,9,10,1,21,1,7,2,0,0,0,0,0,0,0,0,0,1,3,1,3,1,2,2,2,2,3,1,2,2,3,1,2,2,2,2,2,3,0,0,0,0,0,0,0,0,0,1,3,1,3,1,2,2,2,2,3,1,2,2,3,1,2,2,2,2,2,3,0,0,0,0,0,0,0,0,0
11,4,8,1,13,23,1,52,10,6,7,1,0,0,0,0,0,0,0,0,0,0,0,0,0,0,0,0,0,0,1,2,2,3,4,1,2,2,2,2,2,3,0,0,0,0,0,0,0,0,0,0,0,0,0,0,0,0,0,0,1,2,2,3,3,1,2,2,2,2,2,3,0,0,0,0,0,0,0,0,0,0,0,0,0,0,0,0,0,0
25,7,6,12,2,4,2,8,24,4,7,1,10,0,0,0,0,0,0,0,0,0,0,0,0,0,0,0,0,0,1,2,3,1,2,2,2,3,1,2,2,2,3,0,0,0,0,0,0,0,0,0,0,0,0,0,0,0,0,0,1,2,3,1,2,2,2,3,1,2,2,2,3,0,0,0,0,0,0,0,0,0,0,0,0,0,0,0,0,0
11,25,3,37,4,10,0,0,0,0,0,0,0,0,0,0,0,0,0,0,0,0,0,0,0,0,0,0,0,0,1,2,3,1,2,3,0,0,0,0,0,0,0,0,0,0,0,0,0,0,0,0,0,0,0,0,0,0,0,0,1,2,2,2,2,3,0,0,0,0,0,0,0,0,0,0,0,0,0,0,0,0,0,0,0,0,0,0,0,0
10,5,4,16,24,36,23,0,0,0,0,0,0,0,0,0,0,0,0,0,0,0,0,0,0,0,0,0,0,0,1,2,2,3,1,2,3,0,0,0,0,0,0,0,0,0,0,0,0,0,0,0,0,0,0,0,0,0,0,0,1,2,2,3,1,2,3,0,0,0,0,0,0,0,0,0,0,0,0,0,0,0,0,0,0,0,0,0,0,0
27,38,7,4,21,6,11,24,3,5,28,3,4,21,21,6,7,28,0,0,0,0,0,0,0,0,0,0,0,0,1,2,2,2,2,2,3,1,2,2,2,2,2,2,2,2,2,3,0,0,0,0,0,0,0,0,0,0,0,0,1,2,2,2,2,2,3,1,2,2,2,2,2,2,2,2,2,3,0,0,0,0,0,0,0,0,0,0,0,0
28,1,2,19,5,7,30,6,28,25,3,4,2,6,5,7,27,4,5,0,0,0,0,0,0,0,0,0,0,0,1,2,3,1,2,2,2,2,2,2,2,2,2,2,2,3,1,2,3,0,0,0,0,0,0,0,0,0,0,0,1,2,3,1,2,2,2,2,2,2,2,2,2,2,2,3,1,2,3,0,0,0,0,0,0,0,0,0,0,0
28,1,2,14,2,5,11,0,0,0,0,0,0,0,0,0,0,0,0,0,0,0,0,0,0,0,0,0,0,0,1,2,3,4,1,2,3,0,0,0,0,0,0,0,0,0,0,0,0,0,0,0,0,0,0,0,0,0,0,0,1,2,3,4,1,2,3,0,0,0,0,0,0,0,0,0,0,0,0,0,0,0,0,0,0,0,0,0,0,0
1,14,4,11,11,25,21,0,0,0,0,0,0,0,0,0,0,0,0,0,0,0,0,0,0,0,0,0,0,0,4,4,1,2,2,2,3,0,0,0,0,0,0,0,0,0,0,0,0,0,0,0,0,0,0,0,0,0,0,0,4,4,1,2,2,2,3,0,0,0,0,0,0,0,0,0,0,0,0,0,0,0,0,0,0,0,0,0,0,0
62,9,15,14,24,26,33,36,14,53,9,15,12,20,22,23,0,0,0,0,0,0,0,0,0,0,0,0,0,0,1,2,3,4,1,2,2,3,4,1,2,2,2,2,2,3,0,0,0,0,0,0,0,0,0,0,0,0,0,0,1,2,3,4,1,2,2,3,4,1,2,2,2,2,2,3,0,0,0,0,0,0,0,0,0,0,0,0,0,0
18,4,3,8,1,27,5,11,25,21,1,7,2,9,10,1,21,1,7,2,0,0,0,0,0,0,0,0,0,0,1,2,2,2,3,1,2,2,2,2,2,2,3,1,2,2,2,2,2,3,0,0,0,0,0,0,0,0,0,0,1,2,2,2,3,1,2,2,2,2,2,2,3,1,2,2,2,2,2,3,0,0,0,0,0,0,0,0,0,0
8,1,2,14,21,4,8,2,1,3,14,11,5,10,25,21,7,0,0,0,0,0,0,0,0,0,0,0,0,0,1,2,3,4,1,2,2,2,2,3,4,1,2,2,2,2,3,0,0,0,0,0,0,0,0,0,0,0,0,0,1,2,3,4,1,2,2,2,2,3,4,1,2,2,2,2,3,0,0,0,0,0,0,0,0,0,0,0,0,0
3,1,18,5,8,14,31,5,5,49,8,0,0,0,0,0,0,0,0,0,0,0,0,0,0,0,0,0,0,0,1,2,2,2,3,4,1,2,2,2,3,0,0,0,0,0,0,0,0,0,0,0,0,0,0,0,0,0,0,0,1,2,2,2,3,4,1,2,2,2,3,0,0,0,0,0,0,0,0,0,0,0,0,0,0,0,0,0,0,0
25,7,1,8,11,4,18,1,16,33,8,1,3,24,4,8,8,0,0,0,0,0,0,0,0,0,0,0,0,0,1,2,2,2,2,2,2,2,3,1,2,2,3,1,2,2,3,0,0,0,0,0,0,0,0,0,0,0,0,0,1,2,2,2,2,2,2,2,3,1,2,2,3,1,2,2,3,0,0,0,0,0,0,0,0,0,0,0,0,0
12,62,26,9,44,1,11,25,2,1,24,4,3,4,21,8,0,0,0,0,0,0,0,0,0,0,0,0,0,0,1,2,3,1,2,2,2,2,2,3,1,2,2,2,2,3,0,0,0,0,0,0,0,0,0,0,0,0,0,0,1,2,3,1,2,2,2,2,2,3,1,2,2,2,2,3,0,0,0,0,0,0,0,0,0,0,0,0,0,0
28,1,2,14,2,8,16,0,0,0,0,0,0,0,0,0,0,0,0,0,0,0,0,0,0,0,0,0,0,0,1,2,3,4,1,2,3,0,0,0,0,0,0,0,0,0,0,0,0,0,0,0,0,0,0,0,0,0,0,0,1,2,3,4,1,2,3,0,0,0,0,0,0,0,0,0,0,0,0,0,0,0,0,0,0,0,0,0,0,0
11,5,7,30,14,10,6,8,2,8,14,6,7,16,1,44,1,16,0,0,0,0,0,0,0,0,0,0,0,0,1,2,2,3,4,1,2,2,2,3,4,1,2,2,2,2,2,3,0,0,0,0,0,0,0,0,0,0,0,0,1,2,2,3,4,1,2,2,2,3,4,1,2,2,2,2,2,3,0,0,0,0,0,0,0,0,0,0,0,0
10,4,7,28,14,10,6,8,2,0,0,0,0,0,0,0,0,0,0,0,0,0,0,0,0,0,0,0,0,0,1,2,2,3,4,1,2,2,3,0,0,0,0,0,0,0,0,0,0,0,0,0,0,0,0,0,0,0,0,0,1,2,2,3,4,1,2,2,3,0,0,0,0,0,0,0,0,0,0,0,0,0,0,0,0,0,0,0,0,0
11,8,14,30,6,10,1,14,8,1,11,0,0,0,0,0,0,0,0,0,0,0,0,0,0,0,0,0,0,0,1,3,4,1,2,2,3,4,1,2,3,0,0,0,0,0,0,0,0,0,0,0,0,0,0,0,0,0,0,0,1,3,4,1,2,2,3,4,1,2,3,0,0,0,0,0,0,0,0,0,0,0,0,0,0,0,0,0,0,0
28,1,2,23,4,2,6,37,1,33,7,6,11,5,16,1,12,2,3,1,4,21,0,0,0,0,0,0,0,0,1,2,3,1,2,2,2,2,3,1,2,2,2,2,2,3,1,2,2,2,2,3,0,0,0,0,0,0,0,0,1,2,3,1,2,2,2,2,3,1,2,2,2,2,2,3,1,2,2,2,2,3,0,0,0,0,0,0,0,0
19,26,20,9,23,13,14,13,39,15,9,17,27,12,14,29,20,23,0,0,0,0,0,0,0,0,0,0,0,0,1,2,2,2,2,3,4,1,2,2,2,2,2,3,4,1,2,3,0,0,0,0,0,0,0,0,0,0,0,0,1,2,2,2,2,3,4,1,2,2,2,2,2,3,4,1,2,3,0,0,0,0,0,0,0,0,0,0,0,0
21,14,8,26,27,17,24,12,1,4,3,11,31,35,4,8,1,0,0,0,0,0,0,0,0,0,0,0,0,0,4,4,4,1,2,2,3,1,2,2,2,2,3,1,2,2,3,0,0,0,0,0,0,0,0,0,0,0,0,0,4,4,4,1,2,2,3,1,2,2,2,2,3,1,2,2,3,0,0,0,0,0,0,0,0,0,0,0,0,0
44,28,1,2,19,5,10,25,21,7,54,6,16,2,31,0,0,0,0,0,0,0,0,0,0,0,0,0,0,0,4,1,2,3,1,2,2,2,2,3,1,2,2,2,3,0,0,0,0,0,0,0,0,0,0,0,0,0,0,0,1,2,2,3,1,2,2,2,2,3,1,2,2,2,3,0,0,0,0,0,0,0,0,0,0,0,0,0,0,0
9,12,13,15,17,23,36,9,26,22,14,12,57,15,20,17,19,0,0,0,0,0,0,0,0,0,0,0,0,0,1,2,2,2,2,2,2,2,2,3,4,1,2,2,2,2,3,0,0,0,0,0,0,0,0,0,0,0,0,0,1,2,2,2,2,2,2,2,2,3,4,1,2,2,2,2,3,0,0,0,0,0,0,0,0,0,0,0,0,0
25,47,35,38,2,1,8,36,15,24,3,1,30,6,44,42,34,19,31,4,3,8,1,2,0,0,0,0,0,0,4,4,1,2,2,2,3,1,3,1,2,2,2,2,3,4,4,1,2,2,2,2,2,3,0,0,0,0,0,0,4,4,1,2,2,2,3,1,3,1,2,2,2,2,3,4,1,2,2,2,2,2,2,3,0,0,0,0,0,0
2,31,6,8,14,1,16,6,2,4,32,10,1,23,4,21,1,34,6,1,10,16,0,0,0,0,0,0,0,0,1,2,2,3,4,1,2,2,2,2,2,2,3,1,2,2,3,1,2,2,2,3,0,0,0,0,0,0,0,0,1,2,2,3,4,1,2,2,2,2,2,2,3,1,2,2,3,1,2,2,2,3,0,0,0,0,0,0,0,0
23,27,35,14,26,9,14,26,19,24,34,3,4,28,21,1,7,2,19,5,21,18,10,1,2,1,16,0,0,0,1,2,3,4,1,3,4,1,2,3,1,2,2,2,2,2,2,3,1,2,2,2,2,2,2,2,3,0,0,0,1,2,3,4,1,3,4,1,2,3,1,2,2,2,2,2,2,3,1,2,2,2,2,2,2,2,3,0,0,0
23,12,14,39,13,13,24,14,12,13,20,19,56,57,14,19,22,23,23,9,19,13,20,22,23,0,0,0,0,0,1,3,4,1,2,2,3,4,1,2,2,2,2,3,4,1,2,2,2,2,2,2,2,2,3,0,0,0,0,0,1,3,4,1,2,2,3,4,1,2,2,2,2,3,4,1,2,2,2,2,2,2,2,2,3,0,0,0,0,0
4,18,3,14,30,11,37,2,0,0,0,0,0,0,0,0,0,0,0,0,0,0,0,0,0,0,0,0,0,0,1,2,3,4,1,2,2,3,0,0,0,0,0,0,0,0,0,0,0,0,0,0,0,0,0,0,0,0,0,0,1,2,3,4,1,2,2,3,0,0,0,0,0,0,0,0,0,0,0,0,0,0,0,0,0,0,0,0,0,0
28,1,2,9,10,37,6,8,15,1,7,16,1,3,1,3,0,0,0,0,0,0,0,0,0,0,0,0,0,0,1,2,3,1,2,2,2,3,1,2,2,2,2,2,2,3,0,0,0,0,0,0,0,0,0,0,0,0,0,0,1,2,3,1,2,2,2,3,1,2,2,2,2,2,2,3,0,0,0,0,0,0,0,0,0,0,0,0,0,0
17,24,15,14,24,22,26,26,12,9,13,14,13,39,15,9,17,27,12,17,34,9,0,0,0,0,0,0,0,0,1,2,3,4,1,2,2,3,1,2,3,4,1,2,2,2,2,3,1,2,2,3,0,0,0,0,0,0,0,0,1,2,3,4,1,2,2,2,2,2,3,4,1,2,2,2,2,3,1,2,2,3,0,0,0,0,0,0,0,0
11,21,14,44,5,3,5,2,0,0,0,0,0,0,0,0,0,0,0,0,0,0,0,0,0,0,0,0,0,0,1,3,4,1,2,2,2,3,0,0,0,0,0,0,0,0,0,0,0,0,0,0,0,0,0,0,0,0,0,0,1,3,4,1,2,2,2,3,0,0,0,0,0,0,0,0,0,0,0,0,0,0,0,0,0,0,0,0,0,0
21,4,44,14,11,5,5,3,16,8,0,0,0,0,0,0,0,0,0,0,0,0,0,0,0,0,0,0,0,0,1,2,3,4,1,2,2,2,2,3,0,0,0,0,0,0,0,0,0,0,0,0,0,0,0,0,0,0,0,0,1,2,3,4,1,2,2,2,2,3,0,0,0,0,0,0,0,0,0,0,0,0,0,0,0,0,0,0,0,0
24,15,20,23,13,9,15,14,9,23,33,29,14,26,22,19,17,26,0,0,0,0,0,0,0,0,0,0,0,0,1,2,2,2,2,2,3,4,1,2,2,3,4,1,2,2,2,3,0,0,0,0,0,0,0,0,0,0,0,0,1,2,2,2,2,2,3,4,1,2,2,3,4,1,2,2,2,3,0,0,0,0,0,0,0,0,0,0,0,0
12,9,19,33,15,9,22,12,34,0,0,0,0,0,0,0,0,0,0,0,0,0,0,0,0,0,0,0,0,0,1,2,2,2,2,3,1,2,3,0,0,0,0,0,0,0,0,0,0,0,0,0,0,0,0,0,0,0,0,0,1,2,2,2,2,3,1,2,3,0,0,0,0,0,0,0,0,0,0,0,0,0,0,0,0,0,0,0,0,0
24,15,15,1,11,37,30,3,5,21,34,23,0,0,0,0,0,0,0,0,0,0,0,0,0,0,0,0,0,0,1,3,1,2,2,3,1,2,2,3,1,3,0,0,0,0,0,0,0,0,0,0,0,0,0,0,0,0,0,0,1,2,2,2,2,3,1,2,2,3,1,3,0,0,0,0,0,0,0,0,0,0,0,0,0,0,0,0,0,0
20,27,12,14,26,17,12,13,12,9,9,23,0,0,0,0,0,0,0,0,0,0,0,0,0,0,0,0,0,0,1,2,3,4,1,2,2,3,1,2,2,3,0,0,0,0,0,0,0,0,0,0,0,0,0,0,0,0,0,0,1,2,3,4,1,2,2,2,3,1,2,3,0,0,0,0,0,0,0,0,0,0,0,0,0,0,0,0,0,0
23,4,37,9,10,1,21,1,7,2,0,0,0,0,0,0,0,0,0,0,0,0,0,0,0,0,0,0,0,0,1,2,3,1,2,2,2,2,2,3,0,0,0,0,0,0,0,0,0,0,0,0,0,0,0,0,0,0,0,0,1,2,3,1,2,2,2,2,2,3,0,0,0,0,0,0,0,0,0,0,0,0,0,0,0,0,0,0,0,0
4,18,18,3,5,44,10,6,32,14,21,10,0,0,0,0,0,0,0,0,0,0,0,0,0,0,0,0,0,0,1,2,2,2,2,3,1,2,3,4,1,3,0,0,0,0,0,0,0,0,0,0,0,0,0,0,0,0,0,0,1,2,2,2,2,3,1,2,3,4,1,3,0,0,0,0,0,0,0,0,0,0,0,0,0,0,0,0,0,0
18,3,1,37,36,11,18,19,5,7,7,1,11,2,0,0,0,0,0,0,0,0,0,0,0,0,0,0,0,0,1,2,2,3,1,2,3,1,2,2,2,2,2,3,0,0,0,0,0,0,0,0,0,0,0,0,0,0,0,0,1,2,2,3,1,2,3,1,2,2,2,2,2,3,0,0,0,0,0,0,0,0,0,0,0,0,0,0,0,0
8,5,3,35,25,2,2,5,7,0,0,0,0,0,0,0,0,0,0,0,0,0,0,0,0,0,0,0,0,0,1,2,3,1,2,2,2,2,3,0,0,0,0,0,0,0,0,0,0,0,0,0,0,0,0,0,0,0,0,0,1,2,3,1,2,2,2,2,3,0,0,0,0,0,0,0,0,0,0,0,0,0,0,0,0,0,0,0,0,0
29,23,36,14,34,23,14,20,23,20,13,14,12,9,9,56,0,0,0,0,0,0,0,0,0,0,0,0,0,0,1,2,3,4,1,3,4,1,2,2,3,4,1,2,2,3,0,0,0,0,0,0,0,0,0,0,0,0,0,0,1,2,3,4,1,3,4,1,2,2,3,4,1,2,2,3,0,0,0,0,0,0,0,0,0,0,0,0,0,0
16,18,14,11,5,7,30,14,2,0,0,0,0,0,0,0,0,0,0,0,0,0,0,0,0,0,0,0,0,0,1,3,4,1,2,2,3,4,4,0,0,0,0,0,0,0,0,0,0,0,0,0,0,0,0,0,0,0,0,0,1,3,4,1,2,2,3,4,4,0,0,0,0,0,0,0,0,0,0,0,0,0,0,0,0,0,0,0,0,0
7,8,12,6,7,28,10,1,12,6,28,7,22,7,24,3,5,30,6,10,1,22,32,8,1,3,37,1,3,0,1,3,1,2,2,2,2,3,1,2,2,3,1,3,1,2,2,2,2,2,3,1,2,2,2,2,2,2,3,0,1,3,1,2,2,2,2,3,1,2,2,3,1,3,1,2,2,2,2,2,3,1,2,2,2,2,2,2,3,0
21,4,44,16,38,0,0,0,0,0,0,0,0,0,0,0,0,0,0,0,0,0,0,0,0,0,0,0,0,0,1,2,3,1,3,0,0,0,0,0,0,0,0,0,0,0,0,0,0,0,0,0,0,0,0,0,0,0,0,0,1,3,1,2,3,0,0,0,0,0,0,0,0,0,0,0,0,0,0,0,0,0,0,0,0,0,0,0,0,0
4,34,3,4,21,1,23,25,21,0,0,0,0,0,0,0,0,0,0,0,0,0,0,0,0,0,0,0,0,0,4,1,2,2,2,3,1,2,3,0,0,0,0,0,0,0,0,0,0,0,0,0,0,0,0,0,0,0,0,0,4,1,2,2,2,3,1,2,3,0,0,0,0,0,0,0,0,0,0,0,0,0,0,0,0,0,0,0,0,0
29,20,23,14,23,33,29,35,9,15,14,22,34,14,12,20,36,14,24,9,15,14,27,22,14,58,22,35,0,0,1,2,3,4,1,2,2,2,2,3,4,1,3,4,1,2,3,4,1,2,3,4,1,3,4,1,2,3,0,0,1,2,3,4,1,2,2,2,2,3,4,1,3,4,1,2,3,4,1,2,3,4,1,3,4,1,2,3,0,0
1,44,6,8,2,6,7,28,23,5,16,1,0,0,0,0,0,0,0,0,0,0,0,0,0,0,0,0,0,0,1,2,2,2,2,2,2,3,1,2,2,3,0,0,0,0,0,0,0,0,0,0,0,0,0,0,0,0,0,0,1,2,2,2,2,2,2,3,1,2,2,3,0,0,0,0,0,0,0,0,0,0,0,0,0,0,0,0,0,0
28,1,2,27,5,25,32,10,1,22,32,59,1,11,2,17,3,3,4,38,0,0,0,0,0,0,0,0,0,0,1,2,3,1,2,2,2,2,3,1,2,2,2,2,3,1,2,2,2,3,0,0,0,0,0,0,0,0,0,0,1,2,3,1,2,2,2,2,3,1,2,2,2,2,3,1,2,2,2,3,0,0,0,0,0,0,0,0,0,0
2,1,44,2,13,5,33,7,6,11,5,16,1,20,7,30,5,0,0,0,0,0,0,0,0,0,0,0,0,0,1,2,2,3,1,3,1,2,2,2,2,2,3,1,2,2,3,0,0,0,0,0,0,0,0,0,0,0,0,0,1,2,2,3,1,3,1,2,2,2,2,2,3,1,2,2,3,0,0,0,0,0,0,0,0,0,0,0,0,0
22,7,22,18,2,6,5,7,27,6,8,4,32,10,1,16,0,0,0,0,0,0,0,0,0,0,0,0,0,0,1,3,1,2,2,2,2,3,1,2,2,2,2,2,2,3,0,0,0,0,0,0,0,0,0,0,0,0,0,0,1,3,1,2,2,2,2,3,1,2,2,2,2,2,2,3,0,0,0,0,0,0,0,0,0,0,0,0,0,0
4,16,16,26,6,32,30,6,10,1,8,1,2,0,0,0,0,0,0,0,0,0,0,0,0,0,0,0,0,0,1,2,3,1,2,3,1,2,2,3,1,2,3,0,0,0,0,0,0,0,0,0,0,0,0,0,0,0,0,0,1,2,3,1,2,3,1,2,2,3,1,2,3,0,0,0,0,0,0,0,0,0,0,0,0,0,0,0,0,0
7,8,29,8,28,17,11,11,5,25,7,2,29,4,7,4,28,1,3,27,4,2,4,12,5,25,3,11,1,0,1,3,1,2,3,1,2,2,2,2,2,3,1,2,2,2,2,2,3,1,2,2,3,1,2,2,2,2,3,0,1,3,1,2,3,1,2,2,2,2,2,3,1,2,2,2,2,2,3,1,2,2,3,1,2,2,2,2,3,0
19,24,33,14,30,1,4,2,25,3,1,8,14,6,45,42,51,0,0,0,0,0,0,0,0,0,0,0,0,0,1,2,3,4,1,2,2,2,2,2,2,3,4,4,1,2,3,0,0,0,0,0,0,0,0,0,0,0,0,0,1,2,3,4,1,2,2,2,2,2,2,3,4,4,1,2,3,0,0,0,0,0,0,0,0,0,0,0,0,0
36,1,2,13,3,4,7,8,30,1,3,3,6,7,28,12,3,11,19,5,25,7,2,0,0,0,0,0,0,0,1,2,3,1,2,2,2,2,2,2,2,2,2,2,3,1,2,3,1,2,2,2,3,0,0,0,0,0,0,0,1,2,3,1,2,2,2,2,2,2,2,2,2,2,3,1,2,3,1,2,2,2,3,0,0,0,0,0,0,0
24,26,14,8,2,3,16,25,18,0,0,0,0,0,0,0,0,0,0,0,0,0,0,0,0,0,0,0,0,0,1,3,4,1,2,3,1,2,3,0,0,0,0,0,0,0,0,0,0,0,0,0,0,0,0,0,0,0,0,0,1,3,4,1,2,3,1,2,3,0,0,0,0,0,0,0,0,0,0,0,0,0,0,0,0,0,0,0,0,0
13,4,37,1,3,7,4,20,11,5,7,8,14,6,21,18,5,3,2,33,3,10,20,11,5,7,0,0,0,0,1,2,2,2,2,2,3,1,2,2,2,3,4,1,2,2,2,2,3,1,2,3,1,2,2,3,0,0,0,0,1,2,2,2,2,2,3,1,2,2,2,3,4,1,2,2,2,2,3,1,2,3,1,2,2,3,0,0,0,0
25,6,20,7,30,5,14,25,6,27,19,14,30,1,1,16,1,3,19,5,25,7,2,0,0,0,0,0,0,0,1,3,1,2,2,3,4,1,3,1,3,4,1,2,2,2,2,3,1,2,2,2,3,0,0,0,0,0,0,0,1,3,1,2,2,3,4,1,3,1,3,4,1,2,2,2,2,3,1,2,2,2,3,0,0,0,0,0,0,0
30,60,34,3,5,21,33,3,10,14,1,60,25,4,10,8,0,0,0,0,0,0,0,0,0,0,0,0,0,0,1,3,1,2,2,3,1,2,3,4,1,2,2,2,2,3,0,0,0,0,0,0,0,0,0,0,0,0,0,0,1,3,1,2,2,3,1,2,3,4,1,2,2,2,2,3,0,0,0,0,0,0,0,0,0,0,0,0,0,0
6,7,6,2,4,3,1,4,0,0,0,0,0,0,0,0,0,0,0,0,0,0,0,0,0,0,0,0,0,0,1,2,2,3,1,2,2,3,0,0,0,0,0,0,0,0,0,0,0,0,0,0,0,0,0,0,0,0,0,0,1,2,2,2,2,2,2,3,0,0,0,0,0,0,0,0,0,0,0,0,0,0,0,0,0,0,0,0,0,0
5,2,31,1,3,5,52,7,1,3,8,0,0,0,0,0,0,0,0,0,0,0,0,0,0,0,0,0,0,0,1,2,2,2,3,1,2,2,2,2,3,0,0,0,0,0,0,0,0,0,0,0,0,0,0,0,0,0,0,0,1,2,2,2,3,1,2,2,2,2,3,0,0,0,0,0,0,0,0,0,0,0,0,0,0,0,0,0,0,0
24,17,13,13,9,15,23,14,19,39,17,23,36,9,12,9,13,0,0,0,0,0,0,0,0,0,0,0,0,0,1,2,2,2,2,2,3,4,1,2,2,2,2,3,1,2,3,0,0,0,0,0,0,0,0,0,0,0,0,0,1,2,2,2,2,2,3,4,1,2,2,2,2,2,2,2,3,0,0,0,0,0,0,0,0,0,0,0,0,0
4,18,4,11,31,1,12,2,5,18,35,34,9,0,0,0,0,0,0,0,0,0,0,0,0,0,0,0,0,0,1,2,2,2,2,3,1,2,2,3,1,2,3,0,0,0,0,0,0,0,0,0,0,0,0,0,0,0,0,0,1,2,2,2,2,3,1,2,2,3,1,2,3,0,0,0,0,0,0,0,0,0,0,0,0,0,0,0,0,0
2,1,8,2,54,3,6,2,1,34,10,5,4,2,0,0,0,0,0,0,0,0,0,0,0,0,0,0,0,0,1,2,2,3,1,2,2,2,3,1,2,2,2,3,0,0,0,0,0,0,0,0,0,0,0,0,0,0,0,0,1,2,2,3,1,2,2,2,3,1,2,2,2,3,0,0,0,0,0,0,0,0,0,0,0,0,0,0,0,0
2,31,6,8,14,2,38,18,1,20,7,2,0,0,0,0,0,0,0,0,0,0,0,0,0,0,0,0,0,0,1,2,2,3,4,1,2,2,3,1,2,3,0,0,0,0,0,0,0,0,0,0,0,0,0,0,0,0,0,0,1,2,2,3,4,1,2,2,3,1,2,3,0,0,0,0,0,0,0,0,0,0,0,0,0,0,0,0,0,0
5,10,16,15,1,30,7,25,21,0,0,0,0,0,0,0,0,0,0,0,0,0,0,0,0,0,0,0,0,0,1,2,3,1,2,3,1,2,3,0,0,0,0,0,0,0,0,0,0,0,0,0,0,0,0,0,0,0,0,0,1,2,3,1,2,3,1,2,3,0,0,0,0,0,0,0,0,0,0,0,0,0,0,0,0,0,0,0,0,0
4,8,2,14,3,2,18,14,10,5,5,49,25,18,14,11,5,16,1,0,0,0,0,0,0,0,0,0,0,0,1,2,3,4,1,2,3,4,1,2,2,2,2,3,4,1,2,2,3,0,0,0,0,0,0,0,0,0,0,0,1,2,3,4,1,2,3,4,1,2,2,2,2,3,4,1,2,2,3,0,0,0,0,0,0,0,0,0,0,0
29,22,63,20,26,26,17,14,53,9,15,12,20,22,23,14,24,15,22,24,0,0,0,0,0,0,0,0,0,0,1,2,2,2,2,2,3,4,1,2,2,2,2,2,3,4,1,2,2,3,0,0,0,0,0,0,0,0,0,0,1,2,2,2,2,2,3,4,1,2,2,2,2,2,3,4,1,2,2,3,0,0,0,0,0,0,0,0,0,0
30,5,25,7,16,27,6,3,20,27,0,0,0,0,0,0,0,0,0,0,0,0,0,0,0,0,0,0,0,0,1,2,2,2,3,1,2,3,1,3,0,0,0,0,0,0,0,0,0,0,0,0,0,0,0,0,0,0,0,0,1,2,2,2,3,1,2,3,1,3,0,0,0,0,0,0,0,0,0,0,0,0,0,0,0,0,0,0,0,0
22,33,13,34,14,54,0,0,0,0,0,0,0,0,0,0,0,0,0,0,0,0,0,0,0,0,0,0,0,0,1,2,2,3,4,4,0,0,0,0,0,0,0,0,0,0,0,0,0,0,0,0,0,0,0,0,0,0,0,0,1,2,2,3,4,4,0,0,0,0,0,0,0,0,0,0,0,0,0,0,0,0,0,0,0,0,0,0,0,0
8,7,8,14,10,1,7,28,2,31,0,0,0,0,0,0,0,0,0,0,0,0,0,0,0,0,0,0,0,0,1,2,3,4,1,2,2,2,2,3,0,0,0,0,0,0,0,0,0,0,0,0,0,0,0,0,0,0,0,0,1,2,3,4,1,2,2,2,2,3,0,0,0,0,0,0,0,0,0,0,0,0,0,0,0,0,0,0,0,0
2,31,6,8,14,11,21,16,14,6,16,0,0,0,0,0,0,0,0,0,0,0,0,0,0,0,0,0,0,0,1,2,2,3,4,1,2,3,4,1,3,0,0,0,0,0,0,0,0,0,0,0,0,0,0,0,0,0,0,0,1,2,2,3,4,1,2,3,4,1,3,0,0,0,0,0,0,0,0,0,0,0,0,0,0,0,0,0,0,0
34,19,14,33,12,9,15,20,27,14,39,20,23,13,0,0,0,0,0,0,0,0,0,0,0,0,0,0,0,0,1,3,4,1,2,2,3,1,3,4,1,2,2,3,0,0,0,0,0,0,0,0,0,0,0,0,0,0,0,0,1,3,4,1,2,2,2,2,3,4,1,2,2,3,0,0,0,0,0,0,0,0,0,0,0,0,0,0,0,0
21,1,21,8,6,61,1,0,0,0,0,0,0,0,0,0,0,0,0,0,0,0,0,0,0,0,0,0,0,0,1,2,3,1,2,2,3,0,0,0,0,0,0,0,0,0,0,0,0,0,0,0,0,0,0,0,0,0,0,0,1,2,2,2,2,2,3,0,0,0,0,0,0,0,0,0,0,0,0,0,0,0,0,0,0,0,0,0,0,0
18,3,1,21,5,7,0,0,0,0,0,0,0,0,0,0,0,0,0,0,0,0,0,0,0,0,0,0,0,0,1,2,3,1,2,3,0,0,0,0,0,0,0,0,0,0,0,0,0,0,0,0,0,0,0,0,0,0,0,0,1,2,2,3,1,3,0,0,0,0,0,0,0,0,0,0,0,0,0,0,0,0,0,0,0,0,0,0,0,0
63,63,26,5,28,28,1,3,0,0,0,0,0,0,0,0,0,0,0,0,0,0,0,0,0,0,0,0,0,0,1,3,1,2,2,2,2,3,0,0,0,0,0,0,0,0,0,0,0,0,0,0,0,0,0,0,0,0,0,0,1,3,1,2,2,2,2,3,0,0,0,0,0,0,0,0,0,0,0,0,0,0,0,0,0,0,0,0,0,0
18,4,11,14,6,5,14,49,3,32,14,4,2,2,3,8,0,0,0,0,0,0,0,0,0,0,0,0,0,0,1,2,3,4,1,3,4,1,2,3,4,1,2,2,2,3,0,0,0,0,0,0,0,0,0,0,0,0,0,0,1,2,3,4,1,3,4,1,2,3,4,1,2,2,2,3,0,0,0,0,0,0,0,0,0,0,0,0,0,0
27,24,15,14,22,33,13,24,33,13,14,33,15,26,14,24,17,15,17,29,9,13,9,15,14,23,17,29,9,0,1,2,3,4,1,2,2,2,2,3,4,1,2,3,4,1,2,2,2,2,2,2,2,3,4,1,2,2,3,0,1,2,3,4,1,2,2,2,2,3,4,1,2,3,4,1,2,2,2,2,2,2,2,3,4,1,2,2,3,0
55,29,26,19,38,11,10,1,24,3,6,7,2,1,3,0,0,0,0,0,0,0,0,0,0,0,0,0,0,0,1,2,3,1,2,2,2,3,1,2,2,2,2,2,3,0,0,0,0,0,0,0,0,0,0,0,0,0,0,0,1,2,3,1,2,2,2,3,1,2,2,2,2,2,3,0,0,0,0,0,0,0,0,0,0,0,0,0,0,0
1,21,32,14,3,1,4,16,14,3,5,52,8,0,0,0,0,0,0,0,0,0,0,0,0,0,0,0,0,0,1,2,3,4,1,2,2,3,4,1,2,2,3,0,0,0,0,0,0,0,0,0,0,0,0,0,0,0,0,0,1,2,3,4,1,2,2,3,4,1,2,2,3,0,0,0,0,0,0,0,0,0,0,0,0,0,0,0,0,0
8,49,6,18,14,32,5,2,2,5,21,0,0,0,0,0,0,0,0,0,0,0,0,0,0,0,0,0,0,0,1,2,2,3,4,1,2,2,2,2,3,0,0,0,0,0,0,0,0,0,0,0,0,0,0,0,0,0,0,0,1,2,2,3,4,1,2,2,2,2,3,0,0,0,0,0,0,0,0,0,0,0,0,0,0,0,0,0,0,0
