7,3,8,15,1,11,2,26,7,12,14,4,1,0,0,0,0,0,0,0,0,0,0,0,0,0,0,0,0,0,1,2,2,2,2,2,3,1,2,2,2,2,3,0,0,0,0,0,0,0,0,0,0,0,0,0,0,0,0,0,1,2,2,2,2,2,3,1,2,2,2,2,3,0,0,0,0,0,0,0,0,0,0,0,0,0,0,0,0,0
2,5,5,9,21,6,3,1,9,0,0,0,0,0,0,0,0,0,0,0,0,0,0,0,0,0,0,0,0,0,1,2,2,3,1,2,2,2,3,0,0,0,0,0,0,0,0,0,0,0,0,0,0,0,0,0,0,0,0,0,1,2,2,3,1,2,2,2,3,0,0,0,0,0,0,0,0,0,0,0,0,0,0,0,0,0,0,0,0,0
17,7,3,10,21,5,7,3,2,0,0,0,0,0,0,0,0,0,0,0,0,0,0,0,0,0,0,0,0,0,1,2,2,3,1,2,2,2,3,0,0,0,0,0,0,0,0,0,0,0,0,0,0,0,0,0,0,0,0,0,1,2,2,3,1,2,2,2,3,0,0,0,0,0,0,0,0,0,0,0,0,0,0,0,0,0,0,0,0,0
3,1,2,8,11,6,15,1,0,0,0,0,0,0,0,0,0,0,0,0,0,0,0,0,0,0,0,0,0,0,1,2,3,1,2,2,2,3,0,0,0,0,0,0,0,0,0,0,0,0,0,0,0,0,0,0,0,0,0,0,1,2,2,3,1,2,2,3,0,0,0,0,0,0,0,0,0,0,0,0,0,0,0,0,0,0,0,0,0,0
17,28,1,17,6,14,9,2,20,5,5,9,38,14,2,2,5,3,0,0,0,0,0,0,0,0,0,0,0,0,4,1,2,2,2,2,2,3,1,2,2,3,1,2,2,2,2,3,0,0,0,0,0,0,0,0,0,0,0,0,4,1,2,2,2,2,2,3,1,2,2,3,1,2,2,2,2,3,0,0,0,0,0,0,0,0,0,0,0,0
6,10,10,34,5,14,8,1,34,5,2,7,5,3,30,7,8,2,1,3,1,4,0,0,0,0,0,0,0,0,1,2,3,1,2,2,2,3,1,2,2,2,2,3,1,2,2,2,2,2,2,3,0,0,0,0,0,0,0,0,1,2,3,1,2,2,2,3,1,2,2,2,2,3,1,2,2,2,2,2,2,3,0,0,0,0,0,0,0,0
14,15,10,6,2,1,28,14,4,6,2,7,5,3,8,0,0,0,0,0,0,0,0,0,0,0,0,0,0,0,1,2,2,2,2,3,1,2,2,2,2,2,2,2,3,0,0,0,0,0,0,0,0,0,0,0,0,0,0,0,1,2,2,2,2,3,1,2,2,2,2,2,2,2,3,0,0,0,0,0,0,0,0,0,0,0,0,0,0,0
17,19,7,45,1,0,0,0,0,0,0,0,0,0,0,0,0,0,0,0,0,0,0,0,0,0,0,0,0,0,4,1,2,2,3,0,0,0,0,0,0,0,0,0,0,0,0,0,0,0,0,0,0,0,0,0,0,0,0,0,4,1,2,2,3,0,0,0,0,0,0,0,0,0,0,0,0,0,0,0,0,0,0,0,0,0,0,0,0,0
7,24,13,22,37,43,0,0,0,0,0,0,0,0,0,0,0,0,0,0,0,0,0,0,0,0,0,0,0,0,1,2,3,1,2,3,0,0,0,0,0,0,0,0,0,0,0,0,0,0,0,0,0,0,0,0,0,0,0,0,1,2,3,1,2,3,0,0,0,0,0,0,0,0,0,0,0,0,0,0,0,0,0,0,0,0,0,0,0,0
18,5,13,15,5,8,7,2,1,26,7,12,14,4,1,0,0,0,0,0,0,0,0,0,0,0,0,0,0,0,1,2,2,2,2,2,2,2,3,1,2,2,2,2,3,0,0,0,0,0,0,0,0,0,0,0,0,0,0,0,1,2,2,2,2,2,2,2,3,1,2,2,2,2,3,0,0,0,0,0,0,0,0,0,0,0,0,0,0,0
8,1,2,18,14,4,4,1,3,2,26,5,3,2,19,7,45,1,0,0,0,0,0,0,0,0,0,0,0,0,1,2,3,1,2,2,2,2,2,3,1,2,2,3,1,2,2,3,0,0,0,0,0,0,0,0,0,0,0,0,1,2,3,1,2,2,2,2,2,3,1,2,2,3,1,2,2,3,0,0,0,0,0,0,0,0,0,0,0,0
37,14,13,24,1,4,26,5,4,13,6,2,22,35,11,1,15,2,7,5,3,0,0,0,0,0,0,0,0,0,1,2,2,2,2,3,1,2,2,2,2,3,1,2,2,2,2,2,2,2,3,0,0,0,0,0,0,0,0,0,1,2,2,2,2,3,1,2,2,2,2,3,1,2,2,2,2,2,2,2,3,0,0,0,0,0,0,0,0,0
17,30,6,8,2,48,0,0,0,0,0,0,0,0,0,0,0,0,0,0,0,0,0,0,0,0,0,0,0,0,4,1,2,2,3,4,0,0,0,0,0,0,0,0,0,0,0,0,0,0,0,0,0,0,0,0,0,0,0,0,4,1,2,2,3,4,0,0,0,0,0,0,0,0,0,0,0,0,0,0,0,0,0,0,0,0,0,0,0,0
37,14,9,9,40,6,3,10,9,1,8,0,0,0,0,0,0,0,0,0,0,0,0,0,0,0,0,0,0,0,1,2,2,3,1,2,2,2,2,2,3,0,0,0,0,0,0,0,0,0,0,0,0,0,0,0,0,0,0,0,1,2,2,3,1,2,2,2,2,2,3,0,0,0,0,0,0,0,0,0,0,0,0,0,0,0,0,0,0,0
17,27,6,10,7,14,8,0,0,0,0,0,0,0,0,0,0,0,0,0,0,0,0,0,0,0,0,0,0,0,4,1,2,2,2,2,3,0,0,0,0,0,0,0,0,0,0,0,0,0,0,0,0,0,0,0,0,0,0,0,4,1,2,2,2,2,3,0,0,0,0,0,0,0,0,0,0,0,0,0,0,0,0,0,0,0,0,0,0,0
21,5,9,32,30,7,3,1,26,7,12,14,4,1,0,0,0,0,0,0,0,0,0,0,0,0,0,0,0,0,1,2,2,3,1,2,2,3,1,2,2,2,2,3,0,0,0,0,0,0,0,0,0,0,0,0,0,0,0,0,1,2,2,3,1,2,2,3,1,2,2,2,2,3,0,0,0,0,0,0,0,0,0,0,0,0,0,0,0,0
17,21,5,7,3,2,8,0,0,0,0,0,0,0,0,0,0,0,0,0,0,0,0,0,0,0,0,0,0,0,4,1,2,2,2,2,3,0,0,0,0,0,0,0,0,0,0,0,0,0,0,0,0,0,0,0,0,0,0,0,4,1,2,2,2,2,3,0,0,0,0,0,0,0,0,0,0,0,0,0,0,0,0,0,0,0,0,0,0,0
15,5,9,32,9,7,3,1,0,0,0,0,0,0,0,0,0,0,0,0,0,0,0,0,0,0,0,0,0,0,1,2,2,3,1,2,2,3,0,0,0,0,0,0,0,0,0,0,0,0,0,0,0,0,0,0,0,0,0,0,1,2,2,3,1,2,2,3,0,0,0,0,0,0,0,0,0,0,0,0,0,0,0,0,0,0,0,0,0,0
15,4,5,13,15,2,19,6,33,1,23,8,19,1,4,7,6,9,7,45,1,10,0,0,0,0,0,0,0,0,1,2,2,2,2,3,1,2,2,3,1,3,1,2,2,2,2,2,2,2,2,3,0,0,0,0,0,0,0,0,1,2,2,2,2,3,1,2,2,2,2,3,1,2,2,2,2,2,2,2,2,3,0,0,0,0,0,0,0,0
9,6,8,2,22,9,1,13,1,3,2,0,0,0,0,0,0,0,0,0,0,0,0,0,0,0,0,0,0,0,1,2,2,3,1,2,2,2,2,2,3,0,0,0,0,0,0,0,0,0,0,0,0,0,0,0,0,0,0,0,1,2,2,3,1,2,2,2,2,2,3,0,0,0,0,0,0,0,0,0,0,0,0,0,0,0,0,0,0,0
2,6,8,39,37,6,13,1,0,0,0,0,0,0,0,0,0,0,0,0,0,0,0,0,0,0,0,0,0,0,1,2,2,3,1,2,2,3,0,0,0,0,0,0,0,0,0,0,0,0,0,0,0,0,0,0,0,0,0,0,1,2,2,3,1,2,2,3,0,0,0,0,0,0,0,0,0,0,0,0,0,0,0,0,0,0,0,0,0,0
17,36,17,17,8,11,4,1,1,3,0,0,0,0,0,0,0,0,0,0,0,0,0,0,0,0,0,0,0,0,4,1,2,3,1,2,2,2,2,3,0,0,0,0,0,0,0,0,0,0,0,0,0,0,0,0,0,0,0,0,4,1,2,2,2,2,2,2,2,3,0,0,0,0,0,0,0,0,0,0,0,0,0,0,0,0,0,0,0,0
32,43,1,9,5,11,7,2,32,0,0,0,0,0,0,0,0,0,0,0,0,0,0,0,0,0,0,0,0,0,4,1,2,2,2,2,2,2,3,0,0,0,0,0,0,0,0,0,0,0,0,0,0,0,0,0,0,0,0,0,4,1,2,2,2,2,2,2,3,0,0,0,0,0,0,0,0,0,0,0,0,0,0,0,0,0,0,0,0,0
26,7,12,14,4,1,18,29,6,3,12,1,30,7,8,2,1,3,1,4,0,0,0,0,0,0,0,0,0,0,1,2,2,2,2,3,1,2,2,2,2,3,1,2,2,2,2,2,2,3,0,0,0,0,0,0,0,0,0,0,1,2,2,2,2,3,1,2,2,2,2,3,1,2,2,2,2,2,2,3,0,0,0,0,0,0,0,0,0,0
10,4,6,31,27,5,14,3,10,27,1,11,2,0,0,0,0,0,0,0,0,0,0,0,0,0,0,0,0,0,1,2,2,3,1,2,2,2,3,1,2,2,3,0,0,0,0,0,0,0,0,0,0,0,0,0,0,0,0,0,1,2,2,3,1,2,2,2,3,1,2,2,3,0,0,0,0,0,0,0,0,0,0,0,0,0,0,0,0,0
18,29,6,3,12,1,18,5,3,3,1,11,2,7,5,3,19,2,6,4,2,40,6,3,10,9,1,0,0,0,1,2,2,2,2,3,1,2,2,2,2,2,2,2,2,3,1,2,2,2,3,1,2,2,2,2,3,0,0,0,1,2,2,2,2,3,1,2,2,2,2,2,2,2,2,3,1,2,2,2,3,1,2,2,2,2,3,0,0,0
8,6,33,1,23,8,19,2,5,4,6,24,9,1,36,14,2,15,14,2,0,0,0,0,0,0,0,0,0,0,1,2,2,3,1,3,1,2,2,2,2,2,2,3,1,2,2,2,2,3,0,0,0,0,0,0,0,0,0,0,1,2,2,2,2,3,1,2,2,2,2,2,2,3,1,2,2,2,2,3,0,0,0,0,0,0,0,0,0,0
42,4,5,14,15,26,7,12,14,4,1,8,0,0,0,0,0,0,0,0,0,0,0,0,0,0,0,0,0,0,1,2,2,2,3,1,2,2,2,2,2,3,0,0,0,0,0,0,0,0,0,0,0,0,0,0,0,0,0,0,1,2,2,2,3,1,2,2,2,2,2,3,0,0,0,0,0,0,0,0,0,0,0,0,0,0,0,0,0,0
38,32,2,1,19,2,4,1,6,13,0,0,0,0,0,0,0,0,0,0,0,0,0,0,0,0,0,0,0,0,1,2,2,3,1,2,2,2,2,3,0,0,0,0,0,0,0,0,0,0,0,0,0,0,0,0,0,0,0,0,1,2,2,3,1,2,2,2,2,3,0,0,0,0,0,0,0,0,0,0,0,0,0,0,0,0,0,0,0,0
4,1,6,10,36,24,47,1,11,2,0,0,0,0,0,0,0,0,0,0,0,0,0,0,0,0,0,0,0,0,1,2,2,3,1,2,2,2,2,3,0,0,0,0,0,0,0,0,0,0,0,0,0,0,0,0,0,0,0,0,1,2,2,3,1,2,2,2,2,3,0,0,0,0,0,0,0,0,0,0,0,0,0,0,0,0,0,0,0,0
10,7,8,2,6,3,11,1,26,4,5,13,30,7,3,1,0,0,0,0,0,0,0,0,0,0,0,0,0,0,1,2,2,2,2,2,2,3,1,2,2,3,1,2,2,3,0,0,0,0,0,0,0,0,0,0,0,0,0,0,1,2,2,2,2,2,2,3,1,2,2,3,1,2,2,3,0,0,0,0,0,0,0,0,0,0,0,0,0,0
18,5,9,5,4,34,6,15,0,0,0,0,0,0,0,0,0,0,0,0,0,0,0,0,0,0,0,0,0,0,1,2,2,2,3,1,2,3,0,0,0,0,0,0,0,0,0,0,0,0,0,0,0,0,0,0,0,0,0,0,1,2,2,2,3,1,2,3,0,0,0,0,0,0,0,0,0,0,0,0,0,0,0,0,0,0,0,0,0,0
21,5,7,3,2,18,5,3,8,2,4,6,7,3,1,4,0,0,0,0,0,0,0,0,0,0,0,0,0,0,1,2,2,2,3,1,2,2,2,2,2,2,2,2,2,3,0,0,0,0,0,0,0,0,0,0,0,0,0,0,1,2,2,2,3,1,2,2,2,2,2,2,2,2,2,3,0,0,0,0,0,0,0,0,0,0,0,0,0,0
11,4,1,6,2,1,28,1,24,14,12,34,1,3,14,0,0,0,0,0,0,0,0,0,0,0,0,0,0,0,1,2,2,2,2,3,1,2,2,2,3,1,2,2,3,0,0,0,0,0,0,0,0,0,0,0,0,0,0,0,1,2,2,2,2,3,1,2,2,2,3,1,2,2,3,0,0,0,0,0,0,0,0,0,0,0,0,0,0,0
11,5,3,3,1,11,2,8,19,6,13,1,0,0,0,0,0,0,0,0,0,0,0,0,0,0,0,0,0,0,1,2,2,2,2,2,2,3,1,2,2,3,0,0,0,0,0,0,0,0,0,0,0,0,0,0,0,0,0,0,1,2,2,2,2,2,2,3,1,2,2,3,0,0,0,0,0,0,0,0,0,0,0,0,0,0,0,0,0,0
27,1,33,1,4,8,1,26,7,12,14,4,1,22,3,14,13,1,4,6,2,5,4,0,0,0,0,0,0,0,1,2,2,2,2,2,3,1,2,2,2,2,3,1,2,2,2,2,2,2,2,2,3,0,0,0,0,0,0,0,1,2,2,2,2,2,3,1,2,2,2,2,3,1,2,2,2,2,2,2,2,2,3,0,0,0,0,0,0,0
8,1,2,23,4,11,0,0,0,0,0,0,0,0,0,0,0,0,0,0,0,0,0,0,0,0,0,0,0,0,1,2,3,1,2,3,0,0,0,0,0,0,0,0,0,0,0,0,0,0,0,0,0,0,0,0,0,0,0,0,1,2,3,1,2,3,0,0,0,0,0,0,0,0,0,0,0,0,0,0,0,0,0,0,0,0,0,0,0,0
6,8,25,3,2,0,0,0,0,0,0,0,0,0,0,0,0,0,0,0,0,0,0,0,0,0,0,0,0,0,1,3,1,2,3,0,0,0,0,0,0,0,0,0,0,0,0,0,0,0,0,0,0,0,0,0,0,0,0,0,1,3,1,2,3,0,0,0,0,0,0,0,0,0,0,0,0,0,0,0,0,0,0,0,0,0,0,0,0,0
4,1,13,5,33,1,21,4,1,20,6,8,39,0,0,0,0,0,0,0,0,0,0,0,0,0,0,0,0,0,1,2,2,2,2,3,1,2,3,1,2,2,3,0,0,0,0,0,0,0,0,0,0,0,0,0,0,0,0,0,1,2,2,2,2,3,1,2,3,1,2,2,3,0,0,0,0,0,0,0,0,0,0,0,0,0,0,0,0,0
8,1,2,19,7,45,1,0,0,0,0,0,0,0,0,0,0,0,0,0,0,0,0,0,0,0,0,0,0,0,1,2,3,1,2,2,3,0,0,0,0,0,0,0,0,0,0,0,0,0,0,0,0,0,0,0,0,0,0,0,1,2,3,1,2,2,3,0,0,0,0,0,0,0,0,0,0,0,0,0,0,0,0,0,0,0,0,0,0,0
2,1,35,2,36,31,3,1,4,0,0,0,0,0,0,0,0,0,0,0,0,0,0,0,0,0,0,0,0,0,1,2,2,3,1,2,2,2,3,0,0,0,0,0,0,0,0,0,0,0,0,0,0,0,0,0,0,0,0,0,1,2,2,3,1,2,2,2,3,0,0,0,0,0,0,0,0,0,0,0,0,0,0,0,0,0,0,0,0,0
12,1,2,42,4,6,15,29,7,11,8,0,0,0,0,0,0,0,0,0,0,0,0,0,0,0,0,0,0,0,1,2,3,1,2,2,2,2,2,2,3,0,0,0,0,0,0,0,0,0,0,0,0,0,0,0,0,0,0,0,1,2,3,1,2,2,2,2,2,2,3,0,0,0,0,0,0,0,0,0,0,0,0,0,0,0,0,0,0,0
17,7,12,14,4,1,27,1,50,14,1,8,2,27,1,13,5,33,1,0,0,0,0,0,0,0,0,0,0,0,1,2,2,2,2,3,1,2,2,2,2,2,3,1,2,2,2,2,3,0,0,0,0,0,0,0,0,0,0,0,1,2,2,2,2,3,1,2,2,2,2,2,3,1,2,2,2,2,3,0,0,0,0,0,0,0,0,0,0,0
12,1,2,19,6,33,1,21,6,2,29,0,0,0,0,0,0,0,0,0,0,0,0,0,0,0,0,0,0,0,1,2,3,1,2,2,3,1,2,2,3,0,0,0,0,0,0,0,0,0,0,0,0,0,0,0,0,0,0,0,1,2,3,1,2,2,3,1,2,2,3,0,0,0,0,0,0,0,0,0,0,0,0,0,0,0,0,0,0,0
18,5,3,3,1,11,2,7,5,3,20,5,5,9,0,0,0,0,0,0,0,0,0,0,0,0,0,0,0,0,1,2,2,2,2,2,2,2,2,3,1,2,2,3,0,0,0,0,0,0,0,0,0,0,0,0,0,0,0,0,1,2,2,2,2,2,2,2,2,3,1,2,2,3,0,0,0,0,0,0,0,0,0,0,0,0,0,0,0,0
17,19,2,6,4,2,18,5,3,3,1,11,2,5,4,0,0,0,0,0,0,0,0,0,0,0,0,0,0,0,4,1,2,2,2,3,1,2,2,2,2,2,2,2,3,0,0,0,0,0,0,0,0,0,0,0,0,0,0,0,4,1,2,2,2,3,1,2,2,2,2,2,2,2,3,0,0,0,0,0,0,0,0,0,0,0,0,0,0,0
8,11,6,9,1,27,5,2,6,2,1,0,0,0,0,0,0,0,0,0,0,0,0,0,0,0,0,0,0,0,1,2,2,2,3,1,2,2,2,2,3,0,0,0,0,0,0,0,0,0,0,0,0,0,0,0,0,0,0,0,1,2,2,2,3,1,2,2,2,2,3,0,0,0,0,0,0,0,0,0,0,0,0,0,0,0,0,0,0,0
26,7,12,14,4,1,18,29,6,3,12,1,22,33,1,3,2,0,0,0,0,0,0,0,0,0,0,0,0,0,1,2,2,2,2,3,1,2,2,2,2,3,1,2,2,2,3,0,0,0,0,0,0,0,0,0,0,0,0,0,1,2,2,2,2,3,1,2,2,2,2,3,1,2,2,2,3,0,0,0,0,0,0,0,0,0,0,0,0,0
12,1,2,34,7,3,7,13,14,13,19,7,45,1,0,0,0,0,0,0,0,0,0,0,0,0,0,0,0,0,1,2,3,1,2,2,2,2,2,3,1,2,2,3,0,0,0,0,0,0,0,0,0,0,0,0,0,0,0,0,1,2,3,1,2,2,2,2,2,3,1,2,2,3,0,0,0,0,0,0,0,0,0,0,0,0,0,0,0,0
8,1,2,27,1,6,10,36,3,9,32,0,0,0,0,0,0,0,0,0,0,0,0,0,0,0,0,0,0,0,1,2,3,1,2,2,3,1,2,2,3,0,0,0,0,0,0,0,0,0,0,0,0,0,0,0,0,0,0,0,1,2,3,1,2,2,3,1,2,2,3,0,0,0,0,0,0,0,0,0,0,0,0,0,0,0,0,0,0,0
17,28,6,2,6,0,0,0,0,0,0,0,0,0,0,0,0,0,0,0,0,0,0,0,0,0,0,0,0,0,4,1,2,2,3,0,0,0,0,0,0,0,0,0,0,0,0,0,0,0,0,0,0,0,0,0,0,0,0,0,4,1,2,2,3,0,0,0,0,0,0,0,0,0,0,0,0,0,0,0,0,0,0,0,0,0,0,0,0,0
26,5,3,2,19,7,45,1,40,6,3,10,9,1,0,0,0,0,0,0,0,0,0,0,0,0,0,0,0,0,1,2,2,3,1,2,2,3,1,2,2,2,2,3,0,0,0,0,0,0,0,0,0,0,0,0,0,0,0,0,1,2,2,3,1,2,2,3,1,2,2,2,2,3,0,0,0,0,0,0,0,0,0,0,0,0,0,0,0,0
17,22,3,10,0,0,0,0,0,0,0,0,0,0,0,0,0,0,0,0,0,0,0,0,0,0,0,0,0,0,4,1,2,3,0,0,0,0,0,0,0,0,0,0,0,0,0,0,0,0,0,0,0,0,0,0,0,0,0,0,4,1,2,3,0,0,0,0,0,0,0,0,0,0,0,0,0,0,0,0,0,0,0,0,0,0,0,0,0,0
2,1,35,2,22,35,2,1,3,2,0,0,0,0,0,0,0,0,0,0,0,0,0,0,0,0,0,0,0,0,1,2,2,3,1,2,2,2,2,3,0,0,0,0,0,0,0,0,0,0,0,0,0,0,0,0,0,0,0,0,1,2,2,3,1,2,2,2,2,3,0,0,0,0,0,0,0,0,0,0,0,0,0,0,0,0,0,0,0,0
17,25,3,10,1,3,2,0,0,0,0,0,0,0,0,0,0,0,0,0,0,0,0,0,0,0,0,0,0,0,1,2,2,3,1,2,3,0,0,0,0,0,0,0,0,0,0,0,0,0,0,0,0,0,0,0,0,0,0,0,4,1,2,2,2,2,3,0,0,0,0,0,0,0,0,0,0,0,0,0,0,0,0,0,0,0,0,0,0,0
6,10,10,23,9,9,0,0,0,0,0,0,0,0,0,0,0,0,0,0,0,0,0,0,0,0,0,0,0,0,1,2,3,1,2,3,0,0,0,0,0,0,0,0,0,0,0,0,0,0,0,0,0,0,0,0,0,0,0,0,1,2,3,1,2,3,0,0,0,0,0,0,0,0,0,0,0,0,0,0,0,0,0,0,0,0,0,0,0,0
12,1,2,28,7,4,1,11,2,5,4,32,0,0,0,0,0,0,0,0,0,0,0,0,0,0,0,0,0,0,1,2,3,1,2,2,2,2,2,2,2,3,0,0,0,0,0,0,0,0,0,0,0,0,0,0,0,0,0,0,1,2,3,1,2,2,2,2,2,2,2,3,0,0,0,0,0,0,0,0,0,0,0,0,0,0,0,0,0,0
18,4,1,6,2,7,5,3,20,5,5,9,0,0,0,0,0,0,0,0,0,0,0,0,0,0,0,0,0,0,1,2,2,2,2,2,2,3,1,2,2,3,0,0,0,0,0,0,0,0,0,0,0,0,0,0,0,0,0,0,1,2,2,2,2,2,2,3,1,2,2,3,0,0,0,0,0,0,0,0,0,0,0,0,0,0,0,0,0,0
18,14,2,18,5,13,13,6,3,10,0,0,0,0,0,0,0,0,0,0,0,0,0,0,0,0,0,0,0,0,1,2,3,1,2,2,2,2,2,3,0,0,0,0,0,0,0,0,0,0,0,0,0,0,0,0,0,0,0,0,1,2,3,1,2,2,2,2,2,3,0,0,0,0,0,0,0,0,0,0,0,0,0,0,0,0,0,0,0,0
18,5,3,3,1,11,2,7,5,3,40,6,3,10,9,1,0,0,0,0,0,0,0,0,0,0,0,0,0,0,1,2,2,2,2,2,2,2,2,3,1,2,2,2,2,3,0,0,0,0,0,0,0,0,0,0,0,0,0,0,1,2,2,2,2,2,2,2,2,3,1,2,2,2,2,3,0,0,0,0,0,0,0,0,0,0,0,0,0,0
15,11,13,17,7,12,8,0,0,0,0,0,0,0,0,0,0,0,0,0,0,0,0,0,0,0,0,0,0,0,1,2,3,1,2,2,3,0,0,0,0,0,0,0,0,0,0,0,0,0,0,0,0,0,0,0,0,0,0,0,1,2,3,1,2,2,3,0,0,0,0,0,0,0,0,0,0,0,0,0,0,0,0,0,0,0,0,0,0,0
6,10,10,49,1,32,30,7,8,2,1,3,1,4,0,0,0,0,0,0,0,0,0,0,0,0,0,0,0,0,1,2,3,1,2,3,1,2,2,2,2,2,2,3,0,0,0,0,0,0,0,0,0,0,0,0,0,0,0,0,1,2,3,1,2,3,1,2,2,2,2,2,2,3,0,0,0,0,0,0,0,0,0,0,0,0,0,0,0,0
4,1,13,5,33,1,26,4,5,13,18,5,3,2,6,7,3,1,4,0,0,0,0,0,0,0,0,0,0,0,1,2,2,2,2,3,1,2,2,3,1,2,2,2,2,2,2,2,3,0,0,0,0,0,0,0,0,0,0,0,1,2,2,2,2,3,1,2,2,3,1,2,2,2,2,2,2,2,3,0,0,0,0,0,0,0,0,0,0,0
20,14,15,9,1,10,7,4,0,0,0,0,0,0,0,0,0,0,0,0,0,0,0,0,0,0,0,0,0,0,1,2,2,2,3,1,2,3,0,0,0,0,0,0,0,0,0,0,0,0,0,0,0,0,0,0,0,0,0,0,1,2,2,3,1,2,2,3,0,0,0,0,0,0,0,0,0,0,0,0,0,0,0,0,0,0,0,0,0,0
37,5,2,29,7,3,12,23,15,15,9,1,2,0,0,0,0,0,0,0,0,0,0,0,0,0,0,0,0,0,1,2,2,2,2,2,3,1,2,2,2,2,3,0,0,0,0,0,0,0,0,0,0,0,0,0,0,0,0,0,1,2,2,2,2,2,3,1,2,2,2,2,3,0,0,0,0,0,0,0,0,0,0,0,0,0,0,0,0,0
5,17,17,8,1,2,44,0,0,0,0,0,0,0,0,0,0,0,0,0,0,0,0,0,0,0,0,0,0,0,1,2,2,2,2,3,4,0,0,0,0,0,0,0,0,0,0,0,0,0,0,0,0,0,0,0,0,0,0,0,1,2,3,1,2,3,4,0,0,0,0,0,0,0,0,0,0,0,0,0,0,0,0,0,0,0,0,0,0,0
42,4,5,14,15,18,5,13,13,6,3,10,0,0,0,0,0,0,0,0,0,0,0,0,0,0,0,0,0,0,1,2,2,2,3,1,2,2,2,2,2,3,0,0,0,0,0,0,0,0,0,0,0,0,0,0,0,0,0,0,1,2,2,2,3,1,2,2,2,2,2,3,0,0,0,0,0,0,0,0,0,0,0,0,0,0,0,0,0,0
34,6,9,17,5,4,13,1,10,41,27,30,22,35,11,1,15,2,7,5,3,0,0,0,0,0,0,0,0,0,1,2,2,2,2,2,2,2,3,1,2,3,1,2,2,2,2,2,2,2,3,0,0,0,0,0,0,0,0,0,1,2,2,2,2,2,2,2,3,1,2,2,2,2,2,2,2,2,2,2,3,0,0,0,0,0,0,0,0,0
12,1,2,20,32,15,1,0,0,0,0,0,0,0,0,0,0,0,0,0,0,0,0,0,0,0,0,0,0,0,1,2,3,1,2,2,3,0,0,0,0,0,0,0,0,0,0,0,0,0,0,0,0,0,0,0,0,0,0,0,1,2,3,1,2,2,3,0,0,0,0,0,0,0,0,0,0,0,0,0,0,0,0,0,0,0,0,0,0,0
34,32,19,1,9,1,11,2,7,5,3,20,5,5,9,0,0,0,0,0,0,0,0,0,0,0,0,0,0,0,1,3,1,2,2,2,2,2,2,2,3,1,2,2,3,0,0,0,0,0,0,0,0,0,0,0,0,0,0,0,1,3,1,2,2,2,2,2,2,2,3,1,2,2,3,0,0,0,0,0,0,0,0,0,0,0,0,0,0,0
12,1,2,21,4,7,3,2,51,5,24,0,0,0,0,0,0,0,0,0,0,0,0,0,0,0,0,0,0,0,1,2,3,1,2,2,2,3,1,2,3,0,0,0,0,0,0,0,0,0,0,0,0,0,0,0,0,0,0,0,1,2,3,1,2,2,2,3,1,2,3,0,0,0,0,0,0,0,0,0,0,0,0,0,0,0,0,0,0,0
22,33,1,3,2,30,7,8,2,1,3,1,4,0,0,0,0,0,0,0,0,0,0,0,0,0,0,0,0,0,1,2,2,2,3,1,2,2,2,2,2,2,3,0,0,0,0,0,0,0,0,0,0,0,0,0,0,0,0,0,1,2,2,2,3,1,2,2,2,2,2,2,3,0,0,0,0,0,0,0,0,0,0,0,0,0,0,0,0,0
23,24,8,2,4,6,11,2,20,5,5,9,0,0,0,0,0,0,0,0,0,0,0,0,0,0,0,0,0,0,1,2,2,2,2,2,2,3,1,2,2,3,0,0,0,0,0,0,0,0,0,0,0,0,0,0,0,0,0,0,1,2,2,2,2,2,2,3,1,2,2,3,0,0,0,0,0,0,0,0,0,0,0,0,0,0,0,0,0,0
6,15,15,9,1,2,21,6,2,29,0,0,0,0,0,0,0,0,0,0,0,0,0,0,0,0,0,0,0,0,1,2,2,2,2,3,1,2,2,3,0,0,0,0,0,0,0,0,0,0,0,0,0,0,0,0,0,0,0,0,1,2,2,2,2,3,1,2,2,3,0,0,0,0,0,0,0,0,0,0,0,0,0,0,0,0,0,0,0,0
17,12,41,3,2,7,2,9,1,10,0,0,0,0,0,0,0,0,0,0,0,0,0,0,0,0,0,0,0,0,1,3,1,2,2,2,2,2,2,3,0,0,0,0,0,0,0,0,0,0,0,0,0,0,0,0,0,0,0,0,1,3,1,2,2,2,2,2,2,3,0,0,0,0,0,0,0,0,0,0,0,0,0,0,0,0,0,0,0,0
17,7,3,10,18,5,3,3,1,11,2,5,4,0,0,0,0,0,0,0,0,0,0,0,0,0,0,0,0,0,1,2,2,3,1,2,2,2,2,2,2,2,3,0,0,0,0,0,0,0,0,0,0,0,0,0,0,0,0,0,1,2,2,3,1,2,2,2,2,2,2,2,3,0,0,0,0,0,0,0,0,0,0,0,0,0,0,0,0,0
8,1,2,20,5,5,9,0,0,0,0,0,0,0,0,0,0,0,0,0,0,0,0,0,0,0,0,0,0,0,1,2,3,1,2,2,3,0,0,0,0,0,0,0,0,0,0,0,0,0,0,0,0,0,0,0,0,0,0,0,1,2,3,1,2,2,3,0,0,0,0,0,0,0,0,0,0,0,0,0,0,0,0,0,0,0,0,0,0,0
20,1,35,2,18,5,9,5,4,0,0,0,0,0,0,0,0,0,0,0,0,0,0,0,0,0,0,0,0,0,1,2,2,3,1,2,2,2,3,0,0,0,0,0,0,0,0,0,0,0,0,0,0,0,0,0,0,0,0,0,1,2,2,3,1,2,2,2,3,0,0,0,0,0,0,0,0,0,0,0,0,0,0,0,0,0,0,0,0,0
28,1,11,5,4,6,2,5,4,26,7,12,14,4,1,0,0,0,0,0,0,0,0,0,0,0,0,0,0,0,1,2,2,2,2,2,2,2,3,1,2,2,2,2,3,0,0,0,0,0,0,0,0,0,0,0,0,0,0,0,1,2,2,2,2,2,2,2,3,1,2,2,2,2,3,0,0,0,0,0,0,0,0,0,0,0,0,0,0,0
13,5,14,8,1,22,35,7,2,1,10,0,0,0,0,0,0,0,0,0,0,0,0,0,0,0,0,0,0,0,1,2,2,2,3,1,2,2,2,2,3,0,0,0,0,0,0,0,0,0,0,0,0,0,0,0,0,0,0,0,1,2,2,2,3,1,2,2,2,2,3,0,0,0,0,0,0,0,0,0,0,0,0,0,0,0,0,0,0,0
4,1,9,6,2,7,33,1,48,0,0,0,0,0,0,0,0,0,0,0,0,0,0,0,0,0,0,0,0,0,1,2,2,2,2,2,2,3,4,0,0,0,0,0,0,0,0,0,0,0,0,0,0,0,0,0,0,0,0,0,1,2,2,2,2,2,2,3,4,0,0,0,0,0,0,0,0,0,0,0,0,0,0,0,0,0,0,0,0,0
11,4,1,6,2,1,20,5,5,9,38,14,2,2,5,3,0,0,0,0,0,0,0,0,0,0,0,0,0,0,1,2,2,2,2,3,1,2,2,3,1,2,2,2,2,3,0,0,0,0,0,0,0,0,0,0,0,0,0,0,1,2,2,2,2,3,1,2,2,3,1,2,2,2,2,3,0,0,0,0,0,0,0,0,0,0,0,0,0,0
3,1,31,36,4,7,12,7,3,0,0,0,0,0,0,0,0,0,0,0,0,0,0,0,0,0,0,0,0,0,1,2,3,1,2,2,2,2,3,0,0,0,0,0,0,0,0,0,0,0,0,0,0,0,0,0,0,0,0,0,1,2,3,1,2,2,2,2,3,0,0,0,0,0,0,0,0,0,0,0,0,0,0,0,0,0,0,0,0,0
26,7,9,1,36,14,2,15,14,2,19,2,4,1,6,13,0,0,0,0,0,0,0,0,0,0,0,0,0,0,1,2,2,3,1,2,2,2,2,3,1,2,2,2,2,3,0,0,0,0,0,0,0,0,0,0,0,0,0,0,1,2,2,3,1,2,2,2,2,3,1,2,2,2,2,3,0,0,0,0,0,0,0,0,0,0,0,0,0,0
17,25,11,5,3,39,7,2,0,0,0,0,0,0,0,0,0,0,0,0,0,0,0,0,0,0,0,0,0,0,4,1,2,2,3,1,2,3,0,0,0,0,0,0,0,0,0,0,0,0,0,0,0,0,0,0,0,0,0,0,4,1,2,2,2,2,2,3,0,0,0,0,0,0,0,0,0,0,0,0,0,0,0,0,0,0,0,0,0,0
20,5,5,9,38,14,2,2,5,3,0,0,0,0,0,0,0,0,0,0,0,0,0,0,0,0,0,0,0,0,1,2,2,3,1,2,2,2,2,3,0,0,0,0,0,0,0,0,0,0,0,0,0,0,0,0,0,0,0,0,1,2,2,3,1,2,2,2,2,3,0,0,0,0,0,0,0,0,0,0,0,0,0,0,0,0,0,0,0,0
7,2,1,13,19,2,6,2,1,18,29,6,3,12,1,10,0,0,0,0,0,0,0,0,0,0,0,0,0,0,1,2,2,3,1,2,2,2,3,1,2,2,2,2,2,3,0,0,0,0,0,0,0,0,0,0,0,0,0,0,1,2,2,3,1,2,2,2,3,1,2,2,2,2,2,3,0,0,0,0,0,0,0,0,0,0,0,0,0,0
11,4,1,6,2,1,28,4,6,31,7,3,12,43,7,1,31,0,0,0,0,0,0,0,0,0,0,0,0,0,1,2,2,2,2,3,1,2,2,2,2,2,3,1,2,2,3,0,0,0,0,0,0,0,0,0,0,0,0,0,1,2,2,2,2,3,1,2,2,2,2,2,3,1,2,2,3,0,0,0,0,0,0,0,0,0,0,0,0,0
19,1,3,10,20,5,38,6,11,39,18,5,13,13,6,3,10,0,0,0,0,0,0,0,0,0,0,0,0,0,1,2,2,3,1,3,1,2,2,3,1,2,2,2,2,2,3,0,0,0,0,0,0,0,0,0,0,0,0,0,1,2,2,3,1,2,2,2,2,3,1,2,2,2,2,2,3,0,0,0,0,0,0,0,0,0,0,0,0,0
11,14,4,4,1,3,2,20,29,4,1,6,10,0,0,0,0,0,0,0,0,0,0,0,0,0,0,0,0,0,1,2,2,2,2,2,3,1,2,2,2,2,3,0,0,0,0,0,0,0,0,0,0,0,0,0,0,0,0,0,1,2,2,2,2,2,3,1,2,2,2,2,3,0,0,0,0,0,0,0,0,0,0,0,0,0,0,0,0,0
21,5,9,32,30,7,3,1,30,5,11,6,2,5,4,0,0,0,0,0,0,0,0,0,0,0,0,0,0,0,1,2,2,3,1,2,2,3,1,2,2,2,2,2,3,0,0,0,0,0,0,0,0,0,0,0,0,0,0,0,1,2,2,3,1,2,2,3,1,2,2,2,2,2,3,0,0,0,0,0,0,0,0,0,0,0,0,0,0,0
17,30,7,8,2,1,3,1,4,8,0,0,0,0,0,0,0,0,0,0,0,0,0,0,0,0,0,0,0,0,4,1,2,2,2,2,2,2,2,3,0,0,0,0,0,0,0,0,0,0,0,0,0,0,0,0,0,0,0,0,4,1,2,2,2,2,2,2,2,3,0,0,0,0,0,0,0,0,0,0,0,0,0,0,0,0,0,0,0,0
11,4,1,6,2,1,36,33,1,4,9,6,32,0,0,0,0,0,0,0,0,0,0,0,0,0,0,0,0,0,1,2,2,2,2,3,1,2,2,2,2,2,3,0,0,0,0,0,0,0,0,0,0,0,0,0,0,0,0,0,1,2,2,2,2,3,1,2,2,2,2,2,3,0,0,0,0,0,0,0,0,0,0,0,0,0,0,0,0,0
8,1,2,18,14,4,4,1,3,2,26,5,3,2,19,2,32,9,1,0,0,0,0,0,0,0,0,0,0,0,1,2,3,1,2,2,2,2,2,3,1,2,2,3,1,2,2,2,3,0,0,0,0,0,0,0,0,0,0,0,1,2,3,1,2,2,2,2,2,3,1,2,2,3,1,2,2,2,3,0,0,0,0,0,0,0,0,0,0,0
37,5,4,2,29,22,6,8,2,40,6,3,10,9,1,0,0,0,0,0,0,0,0,0,0,0,0,0,0,0,1,2,2,2,3,1,2,2,3,1,2,2,2,2,3,0,0,0,0,0,0,0,0,0,0,0,0,0,0,0,1,2,2,2,3,1,2,2,3,1,2,2,2,2,3,0,0,0,0,0,0,0,0,0,0,0,0,0,0,0
4,12,24,19,2,4,14,11,2,8,0,0,0,0,0,0,0,0,0,0,0,0,0,0,0,0,0,0,0,0,1,2,3,1,2,2,2,2,2,3,0,0,0,0,0,0,0,0,0,0,0,0,0,0,0,0,0,0,0,0,1,2,3,1,2,2,2,2,2,3,0,0,0,0,0,0,0,0,0,0,0,0,0,0,0,0,0,0,0,0
11,5,15,32,19,1,9,1,11,2,7,5,3,0,0,0,0,0,0,0,0,0,0,0,0,0,0,0,0,0,1,2,2,3,1,2,2,2,2,2,2,2,3,0,0,0,0,0,0,0,0,0,0,0,0,0,0,0,0,0,1,2,2,3,1,2,2,2,2,2,2,2,3,0,0,0,0,0,0,0,0,0,0,0,0,0,0,0,0,0
17,26,5,4,1,12,4,5,14,3,10,8,0,0,0,0,0,0,0,0,0,0,0,0,0,0,0,0,0,0,4,1,2,2,2,2,2,2,2,2,2,3,0,0,0,0,0,0,0,0,0,0,0,0,0,0,0,0,0,0,4,1,2,2,2,2,2,2,2,2,2,3,0,0,0,0,0,0,0,0,0,0,0,0,0,0,0,0,0,0
21,6,9,1,2,2,1,30,7,8,2,1,3,1,4,0,0,0,0,0,0,0,0,0,0,0,0,0,0,0,1,2,2,2,2,2,3,1,2,2,2,2,2,2,3,0,0,0,0,0,0,0,0,0,0,0,0,0,0,0,1,2,2,2,2,2,3,1,2,2,2,2,2,2,3,0,0,0,0,0,0,0,0,0,0,0,0,0,0,0
12,1,2,26,5,3,2,30,7,8,2,0,0,0,0,0,0,0,0,0,0,0,0,0,0,0,0,0,0,0,1,2,3,1,2,2,3,1,2,2,3,0,0,0,0,0,0,0,0,0,0,0,0,0,0,0,0,0,0,0,1,2,3,1,2,2,3,1,2,2,3,0,0,0,0,0,0,0,0,0,0,0,0,0,0,0,0,0,0,0
10,4,6,31,21,6,2,2,1,4,3,0,0,0,0,0,0,0,0,0,0,0,0,0,0,0,0,0,0,0,1,2,2,3,1,2,2,2,2,2,3,0,0,0,0,0,0,0,0,0,0,0,0,0,0,0,0,0,0,0,1,2,2,3,1,2,2,2,2,2,3,0,0,0,0,0,0,0,0,0,0,0,0,0,0,0,0,0,0,0
12,1,2,18,9,7,15,24,5,6,4,10,0,0,0,0,0,0,0,0,0,0,0,0,0,0,0,0,0,0,1,2,3,1,2,2,3,1,2,2,2,3,0,0,0,0,0,0,0,0,0,0,0,0,0,0,0,0,0,0,1,2,3,1,2,2,2,2,2,2,2,3,0,0,0,0,0,0,0,0,0,0,0,0,0,0,0,0,0,0
11,4,1,6,2,1,18,5,3,2,1,3,2,8,0,0,0,0,0,0,0,0,0,0,0,0,0,0,0,0,1,2,2,2,2,3,1,2,2,2,2,2,2,3,0,0,0,0,0,0,0,0,0,0,0,0,0,0,0,0,1,2,2,2,2,3,1,2,2,2,2,2,2,3,0,0,0,0,0,0,0,0,0,0,0,0,0,0,0,0
12,1,2,21,6,4,6,13,1,2,1,4,0,0,0,0,0,0,0,0,0,0,0,0,0,0,0,0,0,0,1,2,3,1,2,2,2,2,2,2,2,3,0,0,0,0,0,0,0,0,0,0,0,0,0,0,0,0,0,0,1,2,3,1,2,2,2,2,2,2,2,3,0,0,0,0,0,0,0,0,0,0,0,0,0,0,0,0,0,0
10,4,6,31,23,9,9,0,0,0,0,0,0,0,0,0,0,0,0,0,0,0,0,0,0,0,0,0,0,0,1,2,2,3,1,2,3,0,0,0,0,0,0,0,0,0,0,0,0,0,0,0,0,0,0,0,0,0,0,0,1,2,2,3,1,2,3,0,0,0,0,0,0,0,0,0,0,0,0,0,0,0,0,0,0,0,0,0,0,0
31,4,7,2,1,20,6,8,39,8,0,0,0,0,0,0,0,0,0,0,0,0,0,0,0,0,0,0,0,0,1,2,2,2,3,1,2,2,2,3,0,0,0,0,0,0,0,0,0,0,0,0,0,0,0,0,0,0,0,0,1,2,2,2,3,1,2,2,2,3,0,0,0,0,0,0,0,0,0,0,0,0,0,0,0,0,0,0,0,0
8,1,2,21,5,7,3,2,0,0,0,0,0,0,0,0,0,0,0,0,0,0,0,0,0,0,0,0,0,0,1,2,3,1,2,2,2,3,0,0,0,0,0,0,0,0,0,0,0,0,0,0,0,0,0,0,0,0,0,0,1,2,3,1,2,2,2,3,0,0,0,0,0,0,0,0,0,0,0,0,0,0,0,0,0,0,0,0,0,0
21,1,4,2,26,7,12,14,4,1,18,4,1,6,2,7,5,3,20,5,5,9,0,0,0,0,0,0,0,0,1,2,2,3,1,2,2,2,2,3,1,2,2,2,2,2,2,3,1,2,2,3,0,0,0,0,0,0,0,0,1,2,2,3,1,2,2,2,2,3,1,2,2,2,2,2,2,3,1,2,2,3,0,0,0,0,0,0,0,0
23,30,30,38,25,20,19,0,0,0,0,0,0,0,0,0,0,0,0,0,0,0,0,0,0,0,0,0,0,0,1,2,3,1,2,2,3,0,0,0,0,0,0,0,0,0,0,0,0,0,0,0,0,0,0,0,0,0,0,0,1,2,3,1,2,2,3,0,0,0,0,0,0,0,0,0,0,0,0,0,0,0,0,0,0,0,0,0,0,0
7,3,8,1,4,2,26,7,12,14,4,1,8,0,0,0,0,0,0,0,0,0,0,0,0,0,0,0,0,0,1,2,2,2,2,3,1,2,2,2,2,2,3,0,0,0,0,0,0,0,0,0,0,0,0,0,0,0,0,0,1,2,2,2,2,3,1,2,2,2,2,2,3,0,0,0,0,0,0,0,0,0,0,0,0,0,0,0,0,0
10,7,8,15,9,6,32,24,5,35,0,0,0,0,0,0,0,0,0,0,0,0,0,0,0,0,0,0,0,0,1,2,2,2,2,2,3,1,2,3,0,0,0,0,0,0,0,0,0,0,0,0,0,0,0,0,0,0,0,0,1,2,2,2,2,2,2,2,2,3,0,0,0,0,0,0,0,0,0,0,0,0,0,0,0,0,0,0,0,0
14,15,10,6,2,1,30,5,11,6,2,7,5,3,0,0,0,0,0,0,0,0,0,0,0,0,0,0,0,0,1,2,2,2,2,3,1,2,2,2,2,2,2,3,0,0,0,0,0,0,0,0,0,0,0,0,0,0,0,0,1,2,2,2,2,3,1,2,2,2,2,2,2,3,0,0,0,0,0,0,0,0,0,0,0,0,0,0,0,0
25,3,8,1,4,2,25,13,6,12,1,18,5,13,13,6,3,10,0,0,0,0,0,0,0,0,0,0,0,0,1,2,2,2,2,3,1,2,2,2,3,1,2,2,2,2,2,3,0,0,0,0,0,0,0,0,0,0,0,0,1,2,2,2,2,3,1,2,2,2,3,1,2,2,2,2,2,3,0,0,0,0,0,0,0,0,0,0,0,0
10,4,6,31,38,6,11,39,12,4,5,14,3,10,0,0,0,0,0,0,0,0,0,0,0,0,0,0,0,0,1,2,2,3,1,2,2,2,2,2,2,2,2,3,0,0,0,0,0,0,0,0,0,0,0,0,0,0,0,0,1,2,2,3,1,2,2,2,2,2,2,2,2,3,0,0,0,0,0,0,0,0,0,0,0,0,0,0,0,0
4,1,12,7,8,2,1,4,23,3,10,30,5,6,10,25,13,6,12,1,0,0,0,0,0,0,0,0,0,0,1,2,2,2,2,2,2,3,1,2,3,1,2,2,3,1,2,2,2,3,0,0,0,0,0,0,0,0,0,0,1,2,2,2,2,2,2,2,2,2,3,1,2,2,3,1,2,2,2,3,0,0,0,0,0,0,0,0,0,0
17,26,7,9,9,18,5,9,5,4,0,0,0,0,0,0,0,0,0,0,0,0,0,0,0,0,0,0,0,0,4,1,2,2,3,1,2,2,2,3,0,0,0,0,0,0,0,0,0,0,0,0,0,0,0,0,0,0,0,0,4,1,2,2,3,1,2,2,2,3,0,0,0,0,0,0,0,0,0,0,0,0,0,0,0,0,0,0,0,0
17,7,9,1,3,6,13,1,0,0,0,0,0,0,0,0,0,0,0,0,0,0,0,0,0,0,0,0,0,0,1,2,2,3,1,2,2,3,0,0,0,0,0,0,0,0,0,0,0,0,0,0,0,0,0,0,0,0,0,0,1,2,2,3,1,2,2,3,0,0,0,0,0,0,0,0,0,0,0,0,0,0,0,0,0,0,0,0,0,0
5,33,6,9,23,3,12,9,1,20,5,21,5,7,3,2,0,0,0,0,0,0,0,0,0,0,0,0,0,0,1,2,2,3,1,2,2,2,3,1,3,1,2,2,2,3,0,0,0,0,0,0,0,0,0,0,0,0,0,0,1,2,2,3,1,2,2,2,3,1,3,1,2,2,2,3,0,0,0,0,0,0,0,0,0,0,0,0,0,0
17,28,4,6,31,7,3,12,30,5,11,39,40,5,9,10,1,4,0,0,0,0,0,0,0,0,0,0,0,0,4,1,2,2,2,2,2,3,1,2,2,3,1,2,2,2,2,3,0,0,0,0,0,0,0,0,0,0,0,0,4,1,2,2,2,2,2,3,1,2,2,3,1,2,2,2,2,3,0,0,0,0,0,0,0,0,0,0,0,0
10,7,8,15,9,6,32,38,5,35,0,0,0,0,0,0,0,0,0,0,0,0,0,0,0,0,0,0,0,0,1,2,2,2,2,2,3,1,2,3,0,0,0,0,0,0,0,0,0,0,0,0,0,0,0,0,0,0,0,0,1,2,2,2,2,2,3,1,2,3,0,0,0,0,0,0,0,0,0,0,0,0,0,0,0,0,0,0,0,0
20,5,5,9,39,7,2,0,0,0,0,0,0,0,0,0,0,0,0,0,0,0,0,0,0,0,0,0,0,0,1,2,2,2,2,2,3,0,0,0,0,0,0,0,0,0,0,0,0,0,0,0,0,0,0,0,0,0,0,0,1,2,2,3,1,2,3,0,0,0,0,0,0,0,0,0,0,0,0,0,0,0,0,0,0,0,0,0,0,0
17,18,5,13,13,6,3,10,0,0,0,0,0,0,0,0,0,0,0,0,0,0,0,0,0,0,0,0,0,0,4,1,2,2,2,2,2,3,0,0,0,0,0,0,0,0,0,0,0,0,0,0,0,0,0,0,0,0,0,0,4,1,2,2,2,2,2,3,0,0,0,0,0,0,0,0,0,0,0,0,0,0,0,0,0,0,0,0,0,0
8,1,9,1,11,2,42,4,5,14,15,0,0,0,0,0,0,0,0,0,0,0,0,0,0,0,0,0,0,0,1,2,2,2,2,3,1,2,2,2,3,0,0,0,0,0,0,0,0,0,0,0,0,0,0,0,0,0,0,0,1,2,2,2,2,3,1,2,2,2,3,0,0,0,0,0,0,0,0,0,0,0,0,0,0,0,0,0,0,0
34,14,9,2,7,41,2,17,53,0,0,0,0,0,0,0,0,0,0,0,0,0,0,0,0,0,0,0,0,0,1,2,2,2,3,1,2,2,3,0,0,0,0,0,0,0,0,0,0,0,0,0,0,0,0,0,0,0,0,0,1,2,2,2,3,1,2,2,3,0,0,0,0,0,0,0,0,0,0,0,0,0,0,0,0,0,0,0,0,0
6,11,11,1,15,2,8,20,32,15,7,3,12,0,0,0,0,0,0,0,0,0,0,0,0,0,0,0,0,0,1,2,2,2,2,2,3,1,2,2,2,2,3,0,0,0,0,0,0,0,0,0,0,0,0,0,0,0,0,0,1,2,2,2,2,2,3,1,2,2,2,2,3,0,0,0,0,0,0,0,0,0,0,0,0,0,0,0,0,0
6,15,15,9,1,2,18,9,6,8,8,3,6,13,1,0,0,0,0,0,0,0,0,0,0,0,0,0,0,0,1,2,2,2,2,3,1,2,2,2,3,1,2,2,3,0,0,0,0,0,0,0,0,0,0,0,0,0,0,0,1,2,2,2,2,3,1,2,2,2,2,2,2,2,3,0,0,0,0,0,0,0,0,0,0,0,0,0,0,0
28,4,6,31,7,3,12,18,29,6,3,12,1,30,7,8,2,1,3,1,4,0,0,0,0,0,0,0,0,0,1,2,2,2,2,2,3,1,2,2,2,2,3,1,2,2,2,2,2,2,3,0,0,0,0,0,0,0,0,0,1,2,2,2,2,2,3,1,2,2,2,2,3,1,2,2,2,2,2,2,3,0,0,0,0,0,0,0,0,0
38,4,7,3,12,20,5,26,4,5,3,2,18,5,13,13,6,3,10,0,0,0,0,0,0,0,0,0,0,0,1,2,2,2,3,1,3,1,2,2,2,3,1,2,2,2,2,2,3,0,0,0,0,0,0,0,0,0,0,0,1,2,2,2,3,1,2,2,2,2,2,3,1,2,2,2,2,2,3,0,0,0,0,0,0,0,0,0,0,0
18,29,5,15,21,5,9,32,12,5,3,18,5,3,3,1,11,2,5,4,0,0,0,0,0,0,0,0,0,0,1,2,2,3,1,2,2,2,2,2,3,1,2,2,2,2,2,2,2,3,0,0,0,0,0,0,0,0,0,0,1,2,2,3,1,2,2,2,2,2,3,1,2,2,2,2,2,2,2,3,0,0,0,0,0,0,0,0,0,0
17,30,6,8,2,44,0,0,0,0,0,0,0,0,0,0,0,0,0,0,0,0,0,0,0,0,0,0,0,0,4,1,2,2,3,4,0,0,0,0,0,0,0,0,0,0,0,0,0,0,0,0,0,0,0,0,0,0,0,0,4,1,2,2,3,4,0,0,0,0,0,0,0,0,0,0,0,0,0,0,0,0,0,0,0,0,0,0,0,0
8,2,6,4,2,19,9,1,1,15,1,4,0,0,0,0,0,0,0,0,0,0,0,0,0,0,0,0,0,0,1,2,2,2,3,1,2,2,2,2,2,3,0,0,0,0,0,0,0,0,0,0,0,0,0,0,0,0,0,0,1,2,2,2,3,1,2,2,2,2,2,3,0,0,0,0,0,0,0,0,0,0,0,0,0,0,0,0,0,0
20,1,35,2,20,5,5,9,0,0,0,0,0,0,0,0,0,0,0,0,0,0,0,0,0,0,0,0,0,0,1,2,2,3,1,2,2,3,0,0,0,0,0,0,0,0,0,0,0,0,0,0,0,0,0,0,0,0,0,0,1,2,2,3,1,2,2,3,0,0,0,0,0,0,0,0,0,0,0,0,0,0,0,0,0,0,0,0,0,0
3,1,31,20,1,35,2,0,0,0,0,0,0,0,0,0,0,0,0,0,0,0,0,0,0,0,0,0,0,0,1,2,3,1,2,2,3,0,0,0,0,0,0,0,0,0,0,0,0,0,0,0,0,0,0,0,0,0,0,0,1,2,3,1,2,2,3,0,0,0,0,0,0,0,0,0,0,0,0,0,0,0,0,0,0,0,0,0,0,0
3,1,31,19,7,45,1,0,0,0,0,0,0,0,0,0,0,0,0,0,0,0,0,0,0,0,0,0,0,0,1,2,3,1,2,2,3,0,0,0,0,0,0,0,0,0,0,0,0,0,0,0,0,0,0,0,0,0,0,0,1,2,3,1,2,2,3,0,0,0,0,0,0,0,0,0,0,0,0,0,0,0,0,0,0,0,0,0,0,0
8,1,2,22,9,1,13,1,3,2,23,2,0,0,0,0,0,0,0,0,0,0,0,0,0,0,0,0,0,0,1,2,3,1,2,2,2,2,2,3,1,3,0,0,0,0,0,0,0,0,0,0,0,0,0,0,0,0,0,0,1,2,3,1,2,2,2,2,2,3,1,3,0,0,0,0,0,0,0,0,0,0,0,0,0,0,0,0,0,0
15,5,7,3,2,20,5,23,3,12,9,1,0,0,0,0,0,0,0,0,0,0,0,0,0,0,0,0,0,0,1,2,2,2,3,1,3,1,2,2,2,3,0,0,0,0,0,0,0,0,0,0,0,0,0,0,0,0,0,0,1,2,2,2,3,1,2,2,2,2,2,3,0,0,0,0,0,0,0,0,0,0,0,0,0,0,0,0,0,0
10,4,6,31,44,36,27,27,1,11,2,0,0,0,0,0,0,0,0,0,0,0,0,0,0,0,0,0,0,0,1,2,2,3,1,2,3,1,2,2,3,0,0,0,0,0,0,0,0,0,0,0,0,0,0,0,0,0,0,0,1,2,2,3,1,2,3,1,2,2,3,0,0,0,0,0,0,0,0,0,0,0,0,0,0,0,0,0,0,0
17,14,4,2,29,1,8,2,0,0,0,0,0,0,0,0,0,0,0,0,0,0,0,0,0,0,0,0,0,0,1,2,2,2,2,2,2,3,0,0,0,0,0,0,0,0,0,0,0,0,0,0,0,0,0,0,0,0,0,0,1,2,2,3,1,2,2,3,0,0,0,0,0,0,0,0,0,0,0,0,0,0,0,0,0,0,0,0,0,0
26,7,9,9,18,5,9,5,4,0,0,0,0,0,0,0,0,0,0,0,0,0,0,0,0,0,0,0,0,0,1,2,2,3,1,2,2,2,3,0,0,0,0,0,0,0,0,0,0,0,0,0,0,0,0,0,0,0,0,0,1,2,2,3,1,2,2,2,3,0,0,0,0,0,0,0,0,0,0,0,0,0,0,0,0,0,0,0,0,0
4,1,6,10,28,4,6,31,7,3,12,0,0,0,0,0,0,0,0,0,0,0,0,0,0,0,0,0,0,0,1,2,2,3,1,2,2,2,2,2,3,0,0,0,0,0,0,0,0,0,0,0,0,0,0,0,0,0,0,0,1,2,2,3,1,2,2,2,2,2,3,0,0,0,0,0,0,0,0,0,0,0,0,0,0,0,0,0,0,0
26,7,12,14,4,1,22,3,14,13,1,4,6,2,5,4,0,0,0,0,0,0,0,0,0,0,0,0,0,0,1,2,2,2,2,3,1,2,2,2,2,2,2,2,2,3,0,0,0,0,0,0,0,0,0,0,0,0,0,0,1,2,2,2,2,3,1,2,2,2,2,2,2,2,2,3,0,0,0,0,0,0,0,0,0,0,0,0,0,0
15,6,2,29,3,6,13,1,0,0,0,0,0,0,0,0,0,0,0,0,0,0,0,0,0,0,0,0,0,0,1,2,2,3,1,2,2,3,0,0,0,0,0,0,0,0,0,0,0,0,0,0,0,0,0,0,0,0,0,0,1,2,2,3,1,2,2,3,0,0,0,0,0,0,0,0,0,0,0,0,0,0,0,0,0,0,0,0,0,0
4,1,13,5,33,1,23,9,9,22,9,1,13,1,3,2,8,0,0,0,0,0,0,0,0,0,0,0,0,0,1,2,2,2,2,3,1,2,3,1,2,2,2,2,2,2,3,0,0,0,0,0,0,0,0,0,0,0,0,0,1,2,2,2,2,2,2,2,3,1,2,2,2,2,2,2,3,0,0,0,0,0,0,0,0,0,0,0,0,0
10,7,8,11,5,3,3,1,11,2,19,2,6,4,2,0,0,0,0,0,0,0,0,0,0,0,0,0,0,0,1,2,2,2,2,2,2,2,2,3,1,2,2,2,3,0,0,0,0,0,0,0,0,0,0,0,0,0,0,0,1,2,2,2,2,2,2,2,2,3,1,2,2,2,3,0,0,0,0,0,0,0,0,0,0,0,0,0,0,0
17,19,1,12,13,1,3,2,0,0,0,0,0,0,0,0,0,0,0,0,0,0,0,0,0,0,0,0,0,0,4,1,2,2,2,2,2,3,0,0,0,0,0,0,0,0,0,0,0,0,0,0,0,0,0,0,0,0,0,0,4,1,2,2,2,2,2,3,0,0,0,0,0,0,0,0,0,0,0,0,0,0,0,0,0,0,0,0,0,0
25,36,22,35,11,1,15,2,7,5,3,0,0,0,0,0,0,0,0,0,0,0,0,0,0,0,0,0,0,0,1,3,1,2,2,2,2,2,2,2,3,0,0,0,0,0,0,0,0,0,0,0,0,0,0,0,0,0,0,0,1,2,3,1,2,2,2,2,2,2,3,0,0,0,0,0,0,0,0,0,0,0,0,0,0,0,0,0,0,0
17,12,25,11,5,3,39,7,2,0,0,0,0,0,0,0,0,0,0,0,0,0,0,0,0,0,0,0,0,0,1,3,1,2,2,3,1,2,3,0,0,0,0,0,0,0,0,0,0,0,0,0,0,0,0,0,0,0,0,0,1,3,1,2,2,2,2,2,3,0,0,0,0,0,0,0,0,0,0,0,0,0,0,0,0,0,0,0,0,0
