15,5,15,1,4,2,41,8,12,3,31,2,8,6,2,3,41,8,15,9,0,0,0,0,0,0,0,0,0,0,1,2,2,2,3,4,1,2,2,2,3,4,1,3,4,1,2,2,2,3,0,0,0,0,0,0,0,0,0,0,1,2,2,2,3,4,1,2,2,2,3,4,1,3,4,1,2,2,2,3,0,0,0,0,0,0,0,0,0,0
21,13,5,19,1,30,5,3,4,8,38,2,34,34,0,0,0,0,0,0,0,0,0,0,0,0,0,0,0,0,1,2,2,2,3,1,2,2,2,2,3,4,1,3,0,0,0,0,0,0,0,0,0,0,0,0,0,0,0,0,1,2,2,2,3,1,2,2,2,2,3,4,1,3,0,0,0,0,0,0,0,0,0,0,0,0,0,0,0,0
13,2,9,8,48,1,42,12,4,21,13,19,28,8,9,3,21,11,7,6,2,11,34,0,0,0,0,0,0,0,4,4,1,2,2,3,1,2,3,1,2,3,1,2,2,3,1,2,2,3,4,1,3,0,0,0,0,0,0,0,4,4,1,2,2,3,1,2,3,1,2,3,1,2,2,3,1,2,2,3,4,1,3,0,0,0,0,0,0,0
46,16,31,13,18,4,1,5,3,1,21,13,5,19,1,0,0,0,0,0,0,0,0,0,0,0,0,0,0,0,1,2,2,3,1,2,2,2,2,3,1,2,2,2,3,0,0,0,0,0,0,0,0,0,0,0,0,0,0,0,4,1,2,3,1,2,2,2,2,3,1,2,2,2,3,0,0,0,0,0,0,0,0,0,0,0,0,0,0,0
12,1,10,1,3,1,36,32,8,11,5,3,8,7,6,0,0,0,0,0,0,0,0,0,0,0,0,0,0,0,1,2,2,2,2,3,1,2,2,2,2,2,2,2,3,0,0,0,0,0,0,0,0,0,0,0,0,0,0,0,1,2,2,2,2,3,1,2,2,2,2,2,2,2,3,0,0,0,0,0,0,0,0,0,0,0,0,0,0,0
7,3,31,1,4,7,41,6,1,4,9,0,0,0,0,0,0,0,0,0,0,0,0,0,0,0,0,0,0,0,1,2,2,2,3,1,2,2,2,2,3,0,0,0,0,0,0,0,0,0,0,0,0,0,0,0,0,0,0,0,1,2,2,2,2,2,2,2,2,2,3,0,0,0,0,0,0,0,0,0,0,0,0,0,0,0,0,0,0,0
22,16,17,2,23,17,24,2,30,22,46,0,0,0,0,0,0,0,0,0,0,0,0,0,0,0,0,0,0,0,1,2,3,4,1,2,3,4,1,2,3,0,0,0,0,0,0,0,0,0,0,0,0,0,0,0,0,0,0,0,1,2,3,4,1,2,3,4,1,2,3,0,0,0,0,0,0,0,0,0,0,0,0,0,0,0,0,0,0,0
35,13,15,4,8,6,3,25,1,9,0,0,0,0,0,0,0,0,0,0,0,0,0,0,0,0,0,0,0,0,1,2,2,2,2,2,2,2,2,3,0,0,0,0,0,0,0,0,0,0,0,0,0,0,0,0,0,0,0,0,1,3,1,2,2,2,3,1,2,3,0,0,0,0,0,0,0,0,0,0,0,0,0,0,0,0,0,0,0,0
29,36,17,33,2,45,0,0,0,0,0,0,0,0,0,0,0,0,0,0,0,0,0,0,0,0,0,0,0,0,1,2,2,3,4,4,0,0,0,0,0,0,0,0,0,0,0,0,0,0,0,0,0,0,0,0,0,0,0,0,1,2,2,3,4,4,0,0,0,0,0,0,0,0,0,0,0,0,0,0,0,0,0,0,0,0,0,0,0,0
11,1,10,3,34,15,1,0,0,0,0,0,0,0,0,0,0,0,0,0,0,0,0,0,0,0,0,0,0,0,1,2,3,1,2,2,3,0,0,0,0,0,0,0,0,0,0,0,0,0,0,0,0,0,0,0,0,0,0,0,1,2,3,1,2,2,3,0,0,0,0,0,0,0,0,0,0,0,0,0,0,0,0,0,0,0,0,0,0,0
4,11,15,3,9,2,10,1,6,19,3,31,0,0,0,0,0,0,0,0,0,0,0,0,0,0,0,0,0,0,1,2,2,2,3,4,1,2,2,2,2,3,0,0,0,0,0,0,0,0,0,0,0,0,0,0,0,0,0,0,1,2,2,2,3,4,1,2,2,2,2,3,0,0,0,0,0,0,0,0,0,0,0,0,0,0,0,0,0,0
35,3,25,2,20,9,1,4,2,3,1,38,3,0,0,0,0,0,0,0,0,0,0,0,0,0,0,0,0,0,1,2,3,4,1,2,2,3,4,1,2,2,3,0,0,0,0,0,0,0,0,0,0,0,0,0,0,0,0,0,1,2,3,4,1,2,2,3,4,1,2,2,3,0,0,0,0,0,0,0,0,0,0,0,0,0,0,0,0,0
27,36,30,37,28,29,18,44,24,29,24,16,0,0,0,0,0,0,0,0,0,0,0,0,0,0,0,0,0,0,1,2,3,1,2,2,2,3,1,2,2,3,0,0,0,0,0,0,0,0,0,0,0,0,0,0,0,0,0,0,1,2,2,2,2,2,2,3,1,2,2,3,0,0,0,0,0,0,0,0,0,0,0,0,0,0,0,0,0,0
32,9,2,41,4,8,3,1,2,20,1,0,0,0,0,0,0,0,0,0,0,0,0,0,0,0,0,0,0,0,1,3,4,1,2,2,2,3,4,1,3,0,0,0,0,0,0,0,0,0,0,0,0,0,0,0,0,0,0,0,1,3,4,1,2,2,2,3,4,1,3,0,0,0,0,0,0,0,0,0,0,0,0,0,0,0,0,0,0,0
16,14,18,44,14,47,44,1,34,26,37,42,5,6,12,10,1,0,0,0,0,0,0,0,0,0,0,0,0,0,1,2,2,2,2,3,1,2,3,1,3,1,2,2,2,2,3,0,0,0,0,0,0,0,0,0,0,0,0,0,1,2,2,2,2,3,1,2,3,1,3,1,2,2,2,2,3,0,0,0,0,0,0,0,0,0,0,0,0,0
50,20,8,11,40,3,8,13,1,2,1,12,3,9,2,3,0,0,0,0,0,0,0,0,0,0,0,0,0,0,1,2,2,2,2,2,2,2,3,4,1,2,2,3,4,4,0,0,0,0,0,0,0,0,0,0,0,0,0,0,1,2,2,2,3,1,2,2,3,4,1,2,2,3,4,4,0,0,0,0,0,0,0,0,0,0,0,0,0,0
30,47,2,28,14,46,2,14,27,26,2,28,29,27,39,2,18,29,30,30,14,27,17,0,0,0,0,0,0,0,1,3,4,1,2,3,4,1,2,3,4,1,2,2,3,4,1,2,2,2,2,2,3,0,0,0,0,0,0,0,1,3,4,1,2,3,4,1,2,3,4,1,2,2,3,4,1,2,2,2,2,2,3,0,0,0,0,0,0,0
16,14,22,23,18,42,27,29,17,14,16,2,28,21,33,14,17,21,30,14,0,0,0,0,0,0,0,0,0,0,1,2,2,2,2,3,1,2,2,2,3,4,1,2,2,2,2,2,2,3,0,0,0,0,0,0,0,0,0,0,1,2,2,2,2,2,2,2,2,2,3,4,1,2,2,2,2,2,2,3,0,0,0,0,0,0,0,0,0,0
16,30,37,2,43,33,16,2,29,24,2,16,47,16,2,22,18,28,2,16,14,17,2,24,14,23,30,16,14,17,1,2,3,4,1,2,3,4,1,3,4,1,2,3,4,1,2,3,4,1,2,3,4,1,2,2,2,2,2,3,1,2,3,4,1,2,3,4,1,3,4,1,2,3,4,1,2,3,4,1,2,3,4,1,2,2,2,2,2,3
6,9,33,5,9,3,28,7,5,12,30,20,38,1,12,26,7,11,20,13,1,6,3,21,6,25,7,0,0,0,1,3,1,2,2,3,1,2,2,3,1,2,2,2,3,1,2,2,2,2,2,2,3,1,2,2,3,0,0,0,1,3,1,2,2,3,1,2,2,3,1,2,2,2,3,1,2,2,2,2,2,2,3,1,2,2,3,0,0,0
47,57,30,2,14,23,23,2,37,22,26,14,29,33,0,0,0,0,0,0,0,0,0,0,0,0,0,0,0,0,4,4,4,4,1,2,3,4,1,2,2,2,2,3,0,0,0,0,0,0,0,0,0,0,0,0,0,0,0,0,4,1,3,4,1,2,3,4,1,2,2,2,2,3,0,0,0,0,0,0,0,0,0,0,0,0,0,0,0,0
45,7,4,40,32,1,6,11,31,24,10,20,19,8,6,2,24,21,2,45,29,23,44,37,14,27,18,42,0,0,1,2,2,2,2,2,2,2,3,1,2,2,2,2,3,4,1,3,4,1,2,2,2,2,2,2,2,3,0,0,1,2,2,2,2,2,2,2,3,1,2,2,2,2,3,4,1,3,4,1,2,2,2,2,2,2,2,3,0,0
33,46,2,16,24,14,28,28,2,24,22,23,22,28,47,55,14,0,0,0,0,0,0,0,0,0,0,0,0,0,1,3,4,1,2,2,2,3,4,1,2,2,2,2,2,2,3,0,0,0,0,0,0,0,0,0,0,0,0,0,1,3,4,1,2,2,2,3,4,1,2,2,2,2,2,2,3,0,0,0,0,0,0,0,0,0,0,0,0,0
16,3,7,11,40,8,6,19,33,8,10,3,1,4,9,21,13,15,10,0,0,0,0,0,0,0,0,0,0,0,1,2,2,2,2,2,2,3,1,2,2,2,2,2,3,1,2,2,3,0,0,0,0,0,0,0,0,0,0,0,1,2,2,2,2,2,2,3,1,2,2,2,2,2,3,1,2,2,3,0,0,0,0,0,0,0,0,0,0,0
39,1,3,18,7,6,3,1,6,3,16,11,4,7,10,10,32,5,4,43,8,9,8,32,8,10,8,3,34,0,1,2,3,1,2,2,2,2,2,3,1,2,2,2,2,2,2,2,3,1,2,2,2,2,2,2,2,2,3,0,1,2,3,1,2,2,2,2,2,3,1,2,2,2,2,2,2,2,3,1,2,2,2,2,2,2,2,2,3,0
9,5,13,15,34,0,0,0,0,0,0,0,0,0,0,0,0,0,0,0,0,0,0,0,0,0,0,0,0,0,1,2,2,2,3,0,0,0,0,0,0,0,0,0,0,0,0,0,0,0,0,0,0,0,0,0,0,0,0,0,1,2,2,2,3,0,0,0,0,0,0,0,0,0,0,0,0,0,0,0,0,0,0,0,0,0,0,0,0,0
19,29,35,1,4,10,5,34,2,3,31,1,2,19,20,8,0,0,0,0,0,0,0,0,0,0,0,0,0,0,4,1,2,2,2,2,2,3,4,1,2,3,4,1,2,3,0,0,0,0,0,0,0,0,0,0,0,0,0,0,4,1,2,2,2,2,2,3,4,1,2,3,4,1,2,3,0,0,0,0,0,0,0,0,0,0,0,0,0,0
53,43,30,43,2,16,36,27,0,0,0,0,0,0,0,0,0,0,0,0,0,0,0,0,0,0,0,0,0,0,1,2,2,3,4,1,2,3,0,0,0,0,0,0,0,0,0,0,0,0,0,0,0,0,0,0,0,0,0,0,1,2,2,3,4,1,2,3,0,0,0,0,0,0,0,0,0,0,0,0,0,0,0,0,0,0,0,0,0,0
1,2,11,12,1,10,3,5,0,0,0,0,0,0,0,0,0,0,0,0,0,0,0,0,0,0,0,0,0,0,4,4,1,2,2,2,2,3,0,0,0,0,0,0,0,0,0,0,0,0,0,0,0,0,0,0,0,0,0,0,4,4,1,2,2,2,2,3,0,0,0,0,0,0,0,0,0,0,0,0,0,0,0,0,0,0,0,0,0,0
7,25,6,22,0,0,0,0,0,0,0,0,0,0,0,0,0,0,0,0,0,0,0,0,0,0,0,0,0,0,1,2,3,4,0,0,0,0,0,0,0,0,0,0,0,0,0,0,0,0,0,0,0,0,0,0,0,0,0,0,1,2,3,4,0,0,0,0,0,0,0,0,0,0,0,0,0,0,0,0,0,0,0,0,0,0,0,0,0,0
4,3,10,6,5,13,1,0,0,0,0,0,0,0,0,0,0,0,0,0,0,0,0,0,0,0,0,0,0,0,1,2,3,1,2,2,3,0,0,0,0,0,0,0,0,0,0,0,0,0,0,0,0,0,0,0,0,0,0,0,1,2,3,1,2,2,3,0,0,0,0,0,0,0,0,0,0,0,0,0,0,0,0,0,0,0,0,0,0,0
6,9,18,16,16,43,5,10,20,1,28,8,9,3,16,42,0,0,0,0,0,0,0,0,0,0,0,0,0,0,1,3,1,2,3,1,2,2,2,3,1,2,2,3,1,3,0,0,0,0,0,0,0,0,0,0,0,0,0,0,1,3,1,2,3,1,2,2,2,3,1,2,2,3,1,3,0,0,0,0,0,0,0,0,0,0,0,0,0,0
6,1,38,3,24,4,7,11,1,9,9,24,9,6,2,10,7,41,28,7,6,19,29,25,24,16,27,0,0,0,1,2,2,3,1,2,2,2,2,2,3,1,2,3,4,1,2,3,1,2,2,3,1,3,1,2,3,0,0,0,1,2,2,3,1,2,2,2,2,2,3,1,2,3,4,1,2,3,1,2,2,3,1,3,1,2,3,0,0,0
32,2,13,2,8,6,10,8,6,1,0,0,0,0,0,0,0,0,0,0,0,0,0,0,0,0,0,0,0,0,4,4,4,4,1,2,2,2,2,3,0,0,0,0,0,0,0,0,0,0,0,0,0,0,0,0,0,0,0,0,4,4,4,4,1,2,2,2,2,3,0,0,0,0,0,0,0,0,0,0,0,0,0,0,0,0,0,0,0,0
46,44,2,44,24,2,26,1,10,1,3,1,0,0,0,0,0,0,0,0,0,0,0,0,0,0,0,0,0,0,1,3,4,1,3,4,1,2,2,2,2,3,0,0,0,0,0,0,0,0,0,0,0,0,0,0,0,0,0,0,1,3,4,1,3,4,1,2,2,2,2,3,0,0,0,0,0,0,0,0,0,0,0,0,0,0,0,0,0,0
8,6,25,7,2,4,1,25,10,1,6,19,3,31,0,0,0,0,0,0,0,0,0,0,0,0,0,0,0,0,1,2,2,3,4,1,2,3,1,2,2,2,2,3,0,0,0,0,0,0,0,0,0,0,0,0,0,0,0,0,1,2,2,3,4,1,2,2,2,2,2,2,2,3,0,0,0,0,0,0,0,0,0,0,0,0,0,0,0,0
18,29,27,17,21,27,36,14,2,24,23,14,43,0,0,0,0,0,0,0,0,0,0,0,0,0,0,0,0,0,1,2,2,2,2,2,2,3,4,1,2,2,3,0,0,0,0,0,0,0,0,0,0,0,0,0,0,0,0,0,1,2,2,2,2,2,2,3,4,1,2,2,3,0,0,0,0,0,0,0,0,0,0,0,0,0,0,0,0,0
13,6,19,2,15,11,31,5,4,0,0,0,0,0,0,0,0,0,0,0,0,0,0,0,0,0,0,0,0,0,1,2,3,4,4,1,2,2,3,0,0,0,0,0,0,0,0,0,0,0,0,0,0,0,0,0,0,0,0,0,1,2,3,4,1,2,2,2,3,0,0,0,0,0,0,0,0,0,0,0,0,0,0,0,0,0,0,0,0,0
4,12,25,9,6,0,0,0,0,0,0,0,0,0,0,0,0,0,0,0,0,0,0,0,0,0,0,0,0,0,1,2,2,2,3,0,0,0,0,0,0,0,0,0,0,0,0,0,0,0,0,0,0,0,0,0,0,0,0,0,1,2,2,2,3,0,0,0,0,0,0,0,0,0,0,0,0,0,0,0,0,0,0,0,0,0,0,0,0,0
16,16,28,2,14,23,23,29,23,2,23,46,2,36,27,44,27,29,45,27,2,22,28,14,23,17,0,0,0,0,1,2,3,4,1,2,2,2,3,4,1,3,4,1,2,2,2,2,2,3,4,1,2,2,2,3,0,0,0,0,1,2,3,4,1,2,2,2,3,4,1,3,4,1,2,2,2,2,2,3,4,1,2,2,2,3,0,0,0,0
33,22,23,24,23,29,18,0,0,0,0,0,0,0,0,0,0,0,0,0,0,0,0,0,0,0,0,0,0,0,1,2,3,1,2,2,3,0,0,0,0,0,0,0,0,0,0,0,0,0,0,0,0,0,0,0,0,0,0,0,1,2,2,2,2,2,3,0,0,0,0,0,0,0,0,0,0,0,0,0,0,0,0,0,0,0,0,0,0,0
4,8,19,31,3,29,32,49,18,10,5,9,9,0,0,0,0,0,0,0,0,0,0,0,0,0,0,0,0,0,1,2,2,2,3,1,2,3,1,2,2,2,3,0,0,0,0,0,0,0,0,0,0,0,0,0,0,0,0,0,1,2,2,2,3,1,2,3,1,2,2,2,3,0,0,0,0,0,0,0,0,0,0,0,0,0,0,0,0,0
1,38,15,7,4,3,24,42,47,28,21,24,21,27,17,14,23,33,8,10,1,0,0,0,0,0,0,0,0,0,1,2,2,2,2,3,1,2,2,2,2,2,2,2,2,2,3,1,2,2,3,0,0,0,0,0,0,0,0,0,1,3,1,2,2,3,1,2,3,1,2,2,2,2,2,2,3,1,2,2,3,0,0,0,0,0,0,0,0,0
4,1,9,8,48,1,4,42,1,8,19,31,3,0,0,0,0,0,0,0,0,0,0,0,0,0,0,0,0,0,1,2,2,2,2,2,3,1,2,2,2,2,3,0,0,0,0,0,0,0,0,0,0,0,0,0,0,0,0,0,1,2,2,2,2,2,3,1,2,2,2,2,3,0,0,0,0,0,0,0,0,0,0,0,0,0,0,0,0,0
1,6,35,2,41,8,12,3,31,0,0,0,0,0,0,0,0,0,0,0,0,0,0,0,0,0,0,0,0,0,1,2,3,4,1,2,2,2,3,0,0,0,0,0,0,0,0,0,0,0,0,0,0,0,0,0,0,0,0,0,1,2,3,4,1,2,2,2,3,0,0,0,0,0,0,0,0,0,0,0,0,0,0,0,0,0,0,0,0,0
12,32,23,7,41,21,26,0,0,0,0,0,0,0,0,0,0,0,0,0,0,0,0,0,0,0,0,0,0,0,1,3,1,2,3,1,3,0,0,0,0,0,0,0,0,0,0,0,0,0,0,0,0,0,0,0,0,0,0,0,1,3,1,2,3,1,3,0,0,0,0,0,0,0,0,0,0,0,0,0,0,0,0,0,0,0,0,0,0,0
13,5,38,28,1,5,25,17,7,23,7,7,3,24,5,3,31,0,0,0,0,0,0,0,0,0,0,0,0,0,1,2,3,1,2,2,3,1,3,1,2,2,3,1,2,2,3,0,0,0,0,0,0,0,0,0,0,0,0,0,1,2,3,1,2,2,3,1,3,1,2,2,3,1,2,2,3,0,0,0,0,0,0,0,0,0,0,0,0,0
3,1,9,3,30,1,3,5,26,5,3,5,26,29,30,0,0,0,0,0,0,0,0,0,0,0,0,0,0,0,1,2,2,3,1,2,2,3,1,2,2,3,1,2,3,0,0,0,0,0,0,0,0,0,0,0,0,0,0,0,1,2,2,3,1,2,2,3,1,2,2,3,1,2,3,0,0,0,0,0,0,0,0,0,0,0,0,0,0,0
21,23,18,30,1,9,9,5,19,1,17,34,15,1,9,2,30,16,39,2,23,14,42,22,16,42,0,0,0,0,1,2,3,1,2,2,2,2,2,3,1,2,2,2,3,4,1,2,3,4,1,2,2,2,2,3,0,0,0,0,1,2,3,1,2,2,2,2,2,3,1,2,2,2,3,4,1,2,3,4,1,2,2,2,2,3,0,0,0,0
20,8,2,3,1,5,13,27,5,13,1,0,0,0,0,0,0,0,0,0,0,0,0,0,0,0,0,0,0,0,1,3,4,1,2,2,3,1,2,2,3,0,0,0,0,0,0,0,0,0,0,0,0,0,0,0,0,0,0,0,1,3,4,1,2,2,3,1,2,2,3,0,0,0,0,0,0,0,0,0,0,0,0,0,0,0,0,0,0,0
4,1,3,11,7,0,0,0,0,0,0,0,0,0,0,0,0,0,0,0,0,0,0,0,0,0,0,0,0,0,1,2,2,2,3,0,0,0,0,0,0,0,0,0,0,0,0,0,0,0,0,0,0,0,0,0,0,0,0,0,1,2,2,2,3,0,0,0,0,0,0,0,0,0,0,0,0,0,0,0,0,0,0,0,0,0,0,0,0,0
24,23,2,18,5,10,10,29,6,11,1,0,0,0,0,0,0,0,0,0,0,0,0,0,0,0,0,0,0,0,1,3,4,1,2,2,3,1,2,2,3,0,0,0,0,0,0,0,0,0,0,0,0,0,0,0,0,0,0,0,1,3,4,1,2,2,3,1,2,2,3,0,0,0,0,0,0,0,0,0,0,0,0,0,0,0,0,0,0,0
30,24,57,39,1,3,17,4,5,11,40,26,20,4,5,3,8,7,6,0,0,0,0,0,0,0,0,0,0,0,1,3,4,1,2,3,1,2,2,2,3,1,2,2,2,2,2,2,3,0,0,0,0,0,0,0,0,0,0,0,1,3,4,1,2,3,1,2,2,2,3,1,2,2,2,2,2,2,3,0,0,0,0,0,0,0,0,0,0,0
13,2,25,8,4,9,3,14,38,1,11,20,3,1,12,16,11,5,6,29,15,0,0,0,0,0,0,0,0,0,4,4,1,2,2,2,3,1,2,2,2,2,2,2,3,1,2,2,3,1,3,0,0,0,0,0,0,0,0,0,4,4,1,2,2,2,3,1,2,2,2,2,2,2,3,1,2,2,3,1,3,0,0,0,0,0,0,0,0,0
11,19,13,2,11,10,8,15,2,8,6,12,8,11,5,3,7,4,0,0,0,0,0,0,0,0,0,0,0,0,1,2,3,4,1,2,2,3,4,1,2,2,2,2,2,2,2,3,0,0,0,0,0,0,0,0,0,0,0,0,1,2,3,4,1,2,2,3,4,1,2,2,2,2,2,2,2,3,0,0,0,0,0,0,0,0,0,0,0,0
12,8,4,2,4,1,25,0,0,0,0,0,0,0,0,0,0,0,0,0,0,0,0,0,0,0,0,0,0,0,1,2,3,4,1,2,3,0,0,0,0,0,0,0,0,0,0,0,0,0,0,0,0,0,0,0,0,0,0,0,1,2,3,4,1,2,3,0,0,0,0,0,0,0,0,0,0,0,0,0,0,0,0,0,0,0,0,0,0,0
21,26,18,2,16,24,21,27,2,43,16,18,22,28,14,0,0,0,0,0,0,0,0,0,0,0,0,0,0,0,1,2,3,4,1,2,2,3,4,4,1,2,2,2,3,0,0,0,0,0,0,0,0,0,0,0,0,0,0,0,1,2,3,4,1,2,2,3,4,1,2,2,2,2,3,0,0,0,0,0,0,0,0,0,0,0,0,0,0,0
30,47,2,44,14,14,24,2,24,23,14,22,28,28,29,18,0,0,0,0,0,0,0,0,0,0,0,0,0,0,1,3,4,1,2,2,3,4,1,2,2,2,2,2,2,3,0,0,0,0,0,0,0,0,0,0,0,0,0,0,1,3,4,1,2,2,3,4,1,2,2,2,2,2,2,3,0,0,0,0,0,0,0,0,0,0,0,0,0,0
26,21,23,14,18,17,21,29,27,2,27,29,17,16,14,17,0,0,0,0,0,0,0,0,0,0,0,0,0,0,1,2,2,2,2,2,2,2,3,4,1,2,3,1,2,3,0,0,0,0,0,0,0,0,0,0,0,0,0,0,1,2,2,3,1,2,2,2,3,4,1,2,3,1,2,3,0,0,0,0,0,0,0,0,0,0,0,0,0,0
12,9,3,2,32,20,25,25,1,4,2,3,7,2,31,13,5,11,2,13,12,61,0,0,0,0,0,0,0,0,1,2,3,4,1,2,2,2,2,3,4,1,3,4,1,2,2,3,4,1,3,4,0,0,0,0,0,0,0,0,1,2,3,4,1,2,2,2,2,3,4,1,3,4,1,2,2,3,4,1,3,4,0,0,0,0,0,0,0,0
21,3,32,8,9,14,35,1,6,3,2,14,26,21,17,22,23,0,0,0,0,0,0,0,0,0,0,0,0,0,1,2,2,2,3,1,2,2,2,3,4,1,2,2,2,2,3,0,0,0,0,0,0,0,0,0,0,0,0,0,1,2,2,2,3,1,2,2,2,3,4,1,2,2,2,2,3,0,0,0,0,0,0,0,0,0,0,0,0,0
9,1,3,17,13,18,31,8,10,12,0,0,0,0,0,0,0,0,0,0,0,0,0,0,0,0,0,0,0,0,1,2,3,1,3,1,2,2,2,3,0,0,0,0,0,0,0,0,0,0,0,0,0,0,0,0,0,0,0,0,1,2,3,1,3,1,2,2,2,3,0,0,0,0,0,0,0,0,0,0,0,0,0,0,0,0,0,0,0,0
1,6,19,8,6,1,2,19,5,13,1,21,9,26,7,20,32,10,1,37,20,25,25,1,4,1,12,0,0,0,1,2,2,2,2,3,4,1,2,2,3,1,3,1,2,2,2,2,3,1,2,2,2,2,2,2,3,0,0,0,1,2,2,2,2,3,4,1,2,2,3,1,3,1,2,2,2,2,3,1,2,2,2,2,2,2,3,0,0,0
10,20,13,2,13,1,5,6,0,0,0,0,0,0,0,0,0,0,0,0,0,0,0,0,0,0,0,0,0,0,1,2,3,4,1,2,2,3,0,0,0,0,0,0,0,0,0,0,0,0,0,0,0,0,0,0,0,0,0,0,1,2,3,4,1,2,2,3,0,0,0,0,0,0,0,0,0,0,0,0,0,0,0,0,0,0,0,0,0,0
17,1,9,3,17,5,32,10,1,27,7,6,21,19,6,7,4,5,32,10,1,0,0,0,0,0,0,0,0,0,1,2,2,3,1,2,2,2,3,1,2,3,1,2,2,2,2,2,2,2,3,0,0,0,0,0,0,0,0,0,1,2,2,3,1,2,2,2,3,1,2,3,1,2,2,2,2,2,2,2,3,0,0,0,0,0,0,0,0,0
14,27,43,43,14,23,37,0,0,0,0,0,0,0,0,0,0,0,0,0,0,0,0,0,0,0,0,0,0,0,1,2,3,1,2,2,3,0,0,0,0,0,0,0,0,0,0,0,0,0,0,0,0,0,0,0,0,0,0,0,1,2,3,1,2,2,3,0,0,0,0,0,0,0,0,0,0,0,0,0,0,0,0,0,0,0,0,0,0,0
8,6,8,3,2,50,2,5,20,3,31,2,51,0,0,0,0,0,0,0,0,0,0,0,0,0,0,0,0,0,1,2,2,3,4,4,4,1,2,2,3,4,4,0,0,0,0,0,0,0,0,0,0,0,0,0,0,0,0,0,1,2,2,3,4,4,4,1,2,2,3,4,4,0,0,0,0,0,0,0,0,0,0,0,0,0,0,0,0,0
10,7,7,15,8,6,25,7,0,0,0,0,0,0,0,0,0,0,0,0,0,0,0,0,0,0,0,0,0,0,1,2,2,3,1,2,2,3,0,0,0,0,0,0,0,0,0,0,0,0,0,0,0,0,0,0,0,0,0,0,1,2,2,3,1,2,2,3,0,0,0,0,0,0,0,0,0,0,0,0,0,0,0,0,0,0,0,0,0,0
30,20,10,3,2,21,6,6,1,4,2,28,7,7,15,0,0,0,0,0,0,0,0,0,0,0,0,0,0,0,1,2,2,3,4,1,2,2,2,3,4,1,2,2,3,0,0,0,0,0,0,0,0,0,0,0,0,0,0,0,1,2,2,3,4,1,2,2,2,3,4,1,2,2,3,0,0,0,0,0,0,0,0,0,0,0,0,0,0,0
45,16,2,18,22,23,37,29,27,0,0,0,0,0,0,0,0,0,0,0,0,0,0,0,0,0,0,0,0,0,1,3,4,1,2,2,2,2,3,0,0,0,0,0,0,0,0,0,0,0,0,0,0,0,0,0,0,0,0,0,1,3,4,1,2,2,2,2,3,0,0,0,0,0,0,0,0,0,0,0,0,0,0,0,0,0,0,0,0,0
18,24,36,2,25,1,5,3,20,4,1,9,2,8,56,58,62,0,0,0,0,0,0,0,0,0,0,0,0,0,1,2,3,4,1,2,2,2,2,2,2,3,4,4,1,2,3,0,0,0,0,0,0,0,0,0,0,0,0,0,1,2,3,4,1,2,2,2,2,2,2,3,4,4,1,2,3,0,0,0,0,0,0,0,0,0,0,0,0,0
13,2,6,9,18,5,4,12,0,0,0,0,0,0,0,0,0,0,0,0,0,0,0,0,0,0,0,0,0,0,4,4,1,3,1,2,2,3,0,0,0,0,0,0,0,0,0,0,0,0,0,0,0,0,0,0,0,0,0,0,4,4,1,3,1,2,2,3,0,0,0,0,0,0,0,0,0,0,0,0,0,0,0,0,0,0,0,0,0,0
3,38,46,16,28,17,24,4,7,11,1,9,9,7,4,0,0,0,0,0,0,0,0,0,0,0,0,0,0,0,1,3,1,2,2,3,1,2,2,2,2,2,2,2,3,0,0,0,0,0,0,0,0,0,0,0,0,0,0,0,1,3,1,2,2,3,1,2,2,2,2,2,2,2,3,0,0,0,0,0,0,0,0,0,0,0,0,0,0,0
53,16,30,16,39,2,18,29,28,29,27,2,22,33,17,14,23,2,21,26,0,0,0,0,0,0,0,0,0,0,1,3,1,2,3,4,1,2,2,2,3,4,1,2,2,2,3,4,1,3,0,0,0,0,0,0,0,0,0,0,1,2,2,2,3,4,1,2,2,2,3,4,1,2,2,2,3,4,1,3,0,0,0,0,0,0,0,0,0,0
25,8,38,2,13,5,38,2,11,7,6,6,1,11,3,8,7,6,9,0,0,0,0,0,0,0,0,0,0,0,1,2,3,4,1,2,3,4,1,2,2,2,2,2,2,2,2,2,3,0,0,0,0,0,0,0,0,0,0,0,1,2,3,4,1,2,3,4,1,2,2,2,2,2,2,2,2,2,3,0,0,0,0,0,0,0,0,0,0,0
1,38,1,11,26,21,2,33,18,29,36,27,17,18,29,27,33,0,0,0,0,0,0,0,0,0,0,0,0,0,1,2,2,3,1,3,4,4,1,2,2,2,3,1,2,2,3,0,0,0,0,0,0,0,0,0,0,0,0,0,1,2,2,3,1,3,4,1,2,2,2,2,3,1,2,2,3,0,0,0,0,0,0,0,0,0,0,0,0,0
13,5,4,9,31,5,10,10,16,3,5,3,1,0,0,0,0,0,0,0,0,0,0,0,0,0,0,0,0,0,1,2,2,2,2,2,2,3,1,2,2,2,3,0,0,0,0,0,0,0,0,0,0,0,0,0,0,0,0,0,1,2,2,2,2,2,2,3,1,2,2,2,3,0,0,0,0,0,0,0,0,0,0,0,0,0,0,0,0,0
38,19,1,3,22,20,3,7,13,5,3,8,11,33,7,11,20,9,0,0,0,0,0,0,0,0,0,0,0,0,4,1,2,3,1,2,2,2,2,2,2,2,3,1,2,2,2,3,0,0,0,0,0,0,0,0,0,0,0,0,1,2,2,3,1,2,2,2,2,2,2,2,3,1,2,2,2,3,0,0,0,0,0,0,0,0,0,0,0,0
17,22,39,2,33,21,28,14,16,21,55,14,0,0,0,0,0,0,0,0,0,0,0,0,0,0,0,0,0,0,1,2,3,4,1,2,2,3,1,2,2,3,0,0,0,0,0,0,0,0,0,0,0,0,0,0,0,0,0,0,1,2,3,4,1,2,2,3,1,2,2,3,0,0,0,0,0,0,0,0,0,0,0,0,0,0,0,0,0,0
18,7,6,25,8,19,20,4,5,3,8,7,6,36,3,8,10,2,16,44,21,27,16,2,46,30,28,0,0,0,1,2,2,2,2,2,2,2,2,2,2,2,3,1,2,2,3,4,1,2,2,2,3,4,1,2,3,0,0,0,1,2,2,2,2,2,2,2,2,2,2,2,3,1,2,2,3,4,1,2,2,2,3,4,1,2,3,0,0,0
21,26,18,2,36,24,26,22,17,14,16,14,23,43,14,23,18,28,21,14,27,17,0,0,0,0,0,0,0,0,1,2,3,4,1,2,2,2,2,3,1,2,2,2,2,3,1,2,2,2,2,3,0,0,0,0,0,0,0,0,1,2,3,4,1,2,2,2,2,3,1,2,2,2,2,2,2,2,2,2,2,3,0,0,0,0,0,0,0,0
15,4,7,15,5,19,5,3,1,27,1,3,37,5,11,40,41,5,4,12,54,20,8,11,40,15,4,7,15,0,1,2,2,2,2,2,2,2,3,1,2,3,1,2,2,2,2,2,2,3,1,2,2,2,3,1,2,2,3,0,1,2,2,2,2,2,2,2,3,1,2,3,1,2,2,2,2,2,2,3,1,2,2,2,2,2,2,2,3,0
24,23,21,2,14,43,14,27,17,2,16,14,17,36,24,2,22,18,44,0,0,0,0,0,0,0,0,0,0,0,1,2,3,4,1,2,2,2,3,4,1,2,2,2,3,4,1,2,3,0,0,0,0,0,0,0,0,0,0,0,1,2,3,4,1,2,2,2,3,4,1,2,2,2,3,4,1,2,3,0,0,0,0,0,0,0,0,0,0,0
15,21,22,12,35,8,9,1,16,8,6,40,0,0,0,0,0,0,0,0,0,0,0,0,0,0,0,0,0,0,4,1,2,2,2,2,2,3,1,2,2,3,0,0,0,0,0,0,0,0,0,0,0,0,0,0,0,0,0,0,4,4,1,2,2,2,2,3,1,2,2,3,0,0,0,0,0,0,0,0,0,0,0,0,0,0,0,0,0,0
11,35,2,5,9,2,9,3,4,8,6,19,0,0,0,0,0,0,0,0,0,0,0,0,0,0,0,0,0,0,1,3,4,1,3,4,1,2,2,2,2,3,0,0,0,0,0,0,0,0,0,0,0,0,0,0,0,0,0,0,1,3,4,1,3,4,1,2,2,2,2,3,0,0,0,0,0,0,0,0,0,0,0,0,0,0,0,0,0,0
46,30,28,18,7,6,25,8,19,2,17,47,24,14,26,14,33,2,28,21,16,17,2,22,17,17,23,0,0,0,1,2,3,1,2,2,2,2,3,4,1,2,2,2,2,2,3,4,1,2,2,3,4,1,2,2,3,0,0,0,1,2,3,1,2,2,2,2,3,4,1,2,2,2,2,2,3,4,1,2,2,3,4,1,2,2,3,0,0,0
13,1,11,2,12,41,16,5,13,15,10,1,23,5,3,1,0,0,0,0,0,0,0,0,0,0,0,0,0,0,1,2,3,4,1,3,1,2,2,2,2,3,1,2,2,3,0,0,0,0,0,0,0,0,0,0,0,0,0,0,1,2,3,4,1,3,1,2,2,2,2,3,1,2,2,3,0,0,0,0,0,0,0,0,0,0,0,0,0,0
13,7,12,2,13,7,12,2,7,15,0,0,0,0,0,0,0,0,0,0,0,0,0,0,0,0,0,0,0,0,1,2,3,4,1,2,3,4,1,3,0,0,0,0,0,0,0,0,0,0,0,0,0,0,0,0,0,0,0,0,1,2,3,4,1,2,3,4,1,3,0,0,0,0,0,0,0,0,0,0,0,0,0,0,0,0,0,0,0,0
26,18,2,18,29,30,30,14,27,17,0,0,0,0,0,0,0,0,0,0,0,0,0,0,0,0,0,0,0,0,1,3,4,1,2,2,2,2,2,3,0,0,0,0,0,0,0,0,0,0,0,0,0,0,0,0,0,0,0,0,1,3,4,1,2,2,2,2,2,3,0,0,0,0,0,0,0,0,0,0,0,0,0,0,0,0,0,0,0,0
11,9,35,15,0,0,0,0,0,0,0,0,0,0,0,0,0,0,0,0,0,0,0,0,0,0,0,0,0,0,1,2,2,3,0,0,0,0,0,0,0,0,0,0,0,0,0,0,0,0,0,0,0,0,0,0,0,0,0,0,1,2,2,3,0,0,0,0,0,0,0,0,0,0,0,0,0,0,0,0,0,0,0,0,0,0,0,0,0,0
19,10,14,35,5,10,18,7,7,4,12,52,25,0,0,0,0,0,0,0,0,0,0,0,0,0,0,0,0,0,1,3,1,2,2,3,1,2,2,2,3,4,4,0,0,0,0,0,0,0,0,0,0,0,0,0,0,0,0,0,1,3,1,2,2,3,1,2,2,2,3,4,4,0,0,0,0,0,0,0,0,0,0,0,0,0,0,0,0,0
15,4,1,25,9,26,5,3,5,2,35,1,4,32,7,9,1,0,0,0,0,0,0,0,0,0,0,0,0,0,1,2,2,2,3,1,2,2,3,4,1,2,2,2,2,2,3,0,0,0,0,0,0,0,0,0,0,0,0,0,1,2,2,2,3,1,2,2,3,4,1,2,2,2,2,2,3,0,0,0,0,0,0,0,0,0,0,0,0,0
18,4,5,41,10,1,4,2,45,14,37,0,0,0,0,0,0,0,0,0,0,0,0,0,0,0,0,0,0,0,1,2,2,2,2,2,3,4,1,2,3,0,0,0,0,0,0,0,0,0,0,0,0,0,0,0,0,0,0,0,1,2,2,2,2,2,3,4,1,2,3,0,0,0,0,0,0,0,0,0,0,0,0,0,0,0,0,0,0,0
15,4,1,35,23,7,41,33,4,5,13,1,0,0,0,0,0,0,0,0,0,0,0,0,0,0,0,0,0,0,1,2,2,3,1,2,3,1,2,2,2,3,0,0,0,0,0,0,0,0,0,0,0,0,0,0,0,0,0,0,1,2,2,3,1,2,3,1,2,2,2,3,0,0,0,0,0,0,0,0,0,0,0,0,0,0,0,0,0,0
38,10,3,1,9,3,0,0,0,0,0,0,0,0,0,0,0,0,0,0,0,0,0,0,0,0,0,0,0,0,1,3,1,2,2,3,0,0,0,0,0,0,0,0,0,0,0,0,0,0,0,0,0,0,0,0,0,0,0,0,1,2,2,2,2,3,0,0,0,0,0,0,0,0,0,0,0,0,0,0,0,0,0,0,0,0,0,0,0,0
19,2,20,25,18,24,63,57,63,27,7,44,16,18,42,5,6,19,20,10,30,5,15,15,8,6,19,0,0,0,4,4,1,3,1,3,1,2,3,1,3,1,2,3,1,2,2,2,2,3,1,2,2,2,2,2,3,0,0,0,4,4,1,3,1,2,2,3,1,2,3,1,2,3,1,2,2,2,2,3,1,2,2,2,2,2,3,0,0,0
20,35,5,10,2,12,35,0,0,0,0,0,0,0,0,0,0,0,0,0,0,0,0,0,0,0,0,0,0,0,1,2,2,3,4,1,3,0,0,0,0,0,0,0,0,0,0,0,0,0,0,0,0,0,0,0,0,0,0,0,1,2,2,3,4,1,3,0,0,0,0,0,0,0,0,0,0,0,0,0,0,0,0,0,0,0,0,0,0,0
30,29,23,44,18,29,27,33,21,39,0,0,0,0,0,0,0,0,0,0,0,0,0,0,0,0,0,0,0,0,1,2,2,3,1,2,2,2,2,3,0,0,0,0,0,0,0,0,0,0,0,0,0,0,0,0,0,0,0,0,1,2,2,3,1,2,3,1,2,3,0,0,0,0,0,0,0,0,0,0,0,0,0,0,0,0,0,0,0,0
13,16,3,5,4,3,18,26,5,3,5,0,0,0,0,0,0,0,0,0,0,0,0,0,0,0,0,0,0,0,4,1,2,2,2,3,1,2,2,2,3,0,0,0,0,0,0,0,0,0,0,0,0,0,0,0,0,0,0,0,4,1,2,2,2,3,1,2,2,2,3,0,0,0,0,0,0,0,0,0,0,0,0,0,0,0,0,0,0,0
15,12,25,2,32,1,19,8,6,2,5,9,8,12,1,0,0,0,0,0,0,0,0,0,0,0,0,0,0,0,1,2,3,4,1,2,2,2,3,4,1,2,2,2,3,0,0,0,0,0,0,0,0,0,0,0,0,0,0,0,1,2,3,4,1,2,2,2,3,4,1,2,2,2,3,0,0,0,0,0,0,0,0,0,0,0,0,0,0,0
5,15,5,3,31,2,8,6,6,1,4,2,32,7,38,0,0,0,0,0,0,0,0,0,0,0,0,0,0,0,4,1,2,2,3,4,1,2,2,2,3,4,1,2,3,0,0,0,0,0,0,0,0,0,0,0,0,0,0,0,1,2,2,2,3,4,1,2,2,2,3,4,1,2,3,0,0,0,0,0,0,0,0,0,0,0,0,0,0,0
6,9,30,1,6,20,46,0,0,0,0,0,0,0,0,0,0,0,0,0,0,0,0,0,0,0,0,0,0,0,1,3,1,2,2,3,4,0,0,0,0,0,0,0,0,0,0,0,0,0,0,0,0,0,0,0,0,0,0,0,1,3,1,2,2,3,4,0,0,0,0,0,0,0,0,0,0,0,0,0,0,0,0,0,0,0,0,0,0,0
40,1,34,2,12,1,4,8,35,1,0,0,0,0,0,0,0,0,0,0,0,0,0,0,0,0,0,0,0,0,1,2,3,4,1,2,2,2,2,3,0,0,0,0,0,0,0,0,0,0,0,0,0,0,0,0,0,0,0,0,1,2,3,4,1,2,2,2,2,3,0,0,0,0,0,0,0,0,0,0,0,0,0,0,0,0,0,0,0,0
13,26,29,30,14,35,1,6,3,28,1,35,1,10,0,0,0,0,0,0,0,0,0,0,0,0,0,0,0,0,4,1,2,3,1,2,2,2,3,1,2,2,2,3,0,0,0,0,0,0,0,0,0,0,0,0,0,0,0,0,4,1,2,3,1,2,2,2,3,1,2,2,2,3,0,0,0,0,0,0,0,0,0,0,0,0,0,0,0,0
25,8,38,1,38,3,0,0,0,0,0,0,0,0,0,0,0,0,0,0,0,0,0,0,0,0,0,0,0,0,1,2,3,1,2,3,0,0,0,0,0,0,0,0,0,0,0,0,0,0,0,0,0,0,0,0,0,0,0,0,1,2,2,2,2,3,0,0,0,0,0,0,0,0,0,0,0,0,0,0,0,0,0,0,0,0,0,0,0,0
3,3,38,0,0,0,0,0,0,0,0,0,0,0,0,0,0,0,0,0,0,0,0,0,0,0,0,0,0,0,1,2,3,0,0,0,0,0,0,0,0,0,0,0,0,0,0,0,0,0,0,0,0,0,0,0,0,0,0,0,1,2,3,0,0,0,0,0,0,0,0,0,0,0,0,0,0,0,0,0,0,0,0,0,0,0,0,0,0,0
11,15,2,41,5,4,6,8,6,19,2,5,3,0,0,0,0,0,0,0,0,0,0,0,0,0,0,0,0,0,1,3,4,1,2,2,2,2,2,3,4,1,3,0,0,0,0,0,0,0,0,0,0,0,0,0,0,0,0,0,1,3,4,1,2,2,2,2,2,3,4,1,3,0,0,0,0,0,0,0,0,0,0,0,0,0,0,0,0,0
28,37,18,5,4,4,34,30,5,9,40,0,0,0,0,0,0,0,0,0,0,0,0,0,0,0,0,0,0,0,1,3,1,2,2,2,3,1,2,2,3,0,0,0,0,0,0,0,0,0,0,0,0,0,0,0,0,0,0,0,1,3,1,2,2,2,3,1,2,2,3,0,0,0,0,0,0,0,0,0,0,0,0,0,0,0,0,0,0,0
19,1,3,17,31,1,9,17,1,4,13,0,0,0,0,0,0,0,0,0,0,0,0,0,0,0,0,0,0,0,1,2,3,1,2,2,3,1,2,2,3,0,0,0,0,0,0,0,0,0,0,0,0,0,0,0,0,0,0,0,1,2,3,1,2,2,3,1,2,2,3,0,0,0,0,0,0,0,0,0,0,0,0,0,0,0,0,0,0,0
1,2,5,11,11,20,13,0,0,0,0,0,0,0,0,0,0,0,0,0,0,0,0,0,0,0,0,0,0,0,4,4,1,2,2,2,3,0,0,0,0,0,0,0,0,0,0,0,0,0,0,0,0,0,0,0,0,0,0,0,4,4,1,2,2,2,3,0,0,0,0,0,0,0,0,0,0,0,0,0,0,0,0,0,0,0,0,0,0,0
25,25,1,8,6,25,7,0,0,0,0,0,0,0,0,0,0,0,0,0,0,0,0,0,0,0,0,0,0,0,1,2,3,1,2,2,3,0,0,0,0,0,0,0,0,0,0,0,0,0,0,0,0,0,0,0,0,0,0,0,1,2,3,1,2,2,3,0,0,0,0,0,0,0,0,0,0,0,0,0,0,0,0,0,0,0,0,0,0,0
4,20,6,2,1,7,10,2,11,7,12,1,2,35,5,10,20,1,0,0,0,0,0,0,0,0,0,0,0,0,1,2,3,4,1,2,3,4,1,2,2,3,4,1,2,2,2,3,0,0,0,0,0,0,0,0,0,0,0,0,1,2,3,4,1,2,3,4,1,2,2,3,4,1,2,2,2,3,0,0,0,0,0,0,0,0,0,0,0,0
17,21,30,22,24,30,5,8,10,32,7,38,21,6,25,7,0,0,0,0,0,0,0,0,0,0,0,0,0,0,1,3,1,2,3,1,2,2,2,2,2,3,1,2,2,3,0,0,0,0,0,0,0,0,0,0,0,0,0,0,1,2,2,2,3,1,2,2,2,2,2,3,1,2,2,3,0,0,0,0,0,0,0,0,0,0,0,0,0,0
9,8,2,26,7,26,8,5,10,7,19,21,25,24,4,1,25,21,9,29,25,25,0,0,0,0,0,0,0,0,1,3,4,1,3,1,2,2,2,2,3,1,3,1,2,2,3,1,3,1,2,3,0,0,0,0,0,0,0,0,1,3,4,1,3,1,2,2,2,2,3,1,3,1,2,2,3,1,3,1,2,3,0,0,0,0,0,0,0,0
18,28,21,14,27,17,2,16,16,28,0,0,0,0,0,0,0,0,0,0,0,0,0,0,0,0,0,0,0,0,1,2,2,2,2,3,4,1,2,3,0,0,0,0,0,0,0,0,0,0,0,0,0,0,0,0,0,0,0,0,1,2,2,2,2,3,4,1,2,3,0,0,0,0,0,0,0,0,0,0,0,0,0,0,0,0,0,0,0,0
8,9,5,15,10,7,3,0,0,0,0,0,0,0,0,0,0,0,0,0,0,0,0,0,0,0,0,0,0,0,1,3,4,1,2,2,3,0,0,0,0,0,0,0,0,0,0,0,0,0,0,0,0,0,0,0,0,0,0,0,1,2,2,2,2,2,3,0,0,0,0,0,0,0,0,0,0,0,0,0,0,0,0,0,0,0,0,0,0,0
15,11,20,4,2,4,1,11,1,8,35,1,0,0,0,0,0,0,0,0,0,0,0,0,0,0,0,0,0,0,1,2,2,3,4,1,2,2,2,2,2,3,0,0,0,0,0,0,0,0,0,0,0,0,0,0,0,0,0,0,1,2,2,3,4,1,2,2,2,2,2,3,0,0,0,0,0,0,0,0,0,0,0,0,0,0,0,0,0,0
14,28,56,23,16,17,0,0,0,0,0,0,0,0,0,0,0,0,0,0,0,0,0,0,0,0,0,0,0,0,1,3,4,1,2,3,0,0,0,0,0,0,0,0,0,0,0,0,0,0,0,0,0,0,0,0,0,0,0,0,1,3,4,1,2,3,0,0,0,0,0,0,0,0,0,0,0,0,0,0,0,0,0,0,0,0,0,0,0,0
20,8,17,31,4,1,5,12,0,0,0,0,0,0,0,0,0,0,0,0,0,0,0,0,0,0,0,0,0,0,1,3,1,2,2,2,2,3,0,0,0,0,0,0,0,0,0,0,0,0,0,0,0,0,0,0,0,0,0,0,1,3,1,2,2,2,2,3,0,0,0,0,0,0,0,0,0,0,0,0,0,0,0,0,0,0,0,0,0,0
19,4,8,12,37,5,19,18,7,6,9,3,4,5,8,6,3,9,46,2,19,4,8,12,38,0,0,0,0,0,1,2,2,3,1,2,3,1,2,2,2,2,2,2,2,2,2,3,4,4,1,2,2,2,3,0,0,0,0,0,1,2,2,3,1,2,3,1,2,2,2,2,2,2,2,2,2,3,4,4,1,2,2,2,3,0,0,0,0,0
15,7,4,3,17,34,15,1,27,5,13,1,9,15,5,11,1,0,0,0,0,0,0,0,0,0,0,0,0,0,1,2,2,3,1,2,2,3,1,2,2,2,2,2,2,2,3,0,0,0,0,0,0,0,0,0,0,0,0,0,1,2,2,3,1,2,2,3,1,2,2,2,2,2,2,2,3,0,0,0,0,0,0,0,0,0,0,0,0,0
20,32,7,12,34,0,0,0,0,0,0,0,0,0,0,0,0,0,0,0,0,0,0,0,0,0,0,0,0,0,4,1,2,2,3,0,0,0,0,0,0,0,0,0,0,0,0,0,0,0,0,0,0,0,0,0,0,0,0,0,1,2,2,2,3,0,0,0,0,0,0,0,0,0,0,0,0,0,0,0,0,0,0,0,0,0,0,0,0,0
40,21,6,15,20,3,16,3,4,1,5,13,18,31,5,6,6,1,10,18,21,26,0,0,0,0,0,0,0,0,4,1,2,2,2,3,1,2,2,2,2,3,1,2,2,2,2,2,3,1,2,3,0,0,0,0,0,0,0,0,4,1,2,2,2,3,1,2,2,2,2,3,1,2,2,2,2,2,3,1,2,3,0,0,0,0,0,0,0,0
13,30,7,48,45,8,6,12,7,41,45,8,12,19,1,3,0,0,0,0,0,0,0,0,0,0,0,0,0,0,4,1,2,3,1,2,2,2,2,3,1,2,2,2,2,3,0,0,0,0,0,0,0,0,0,0,0,0,0,0,4,1,2,3,1,2,2,2,2,3,1,2,2,2,2,3,0,0,0,0,0,0,0,0,0,0,0,0,0,0
23,1,9,15,7,6,9,1,18,7,12,1,9,2,29,37,14,46,2,42,17,17,24,2,29,44,0,0,0,0,1,2,2,2,2,2,2,3,1,2,2,2,3,4,1,2,2,3,4,1,2,2,3,4,1,3,0,0,0,0,1,2,2,2,2,2,2,3,1,2,2,2,3,4,1,2,2,3,4,1,2,2,3,4,1,3,0,0,0,0
40,1,34,18,31,5,6,19,41,5,3,0,0,0,0,0,0,0,0,0,0,0,0,0,0,0,0,0,0,0,1,2,3,1,2,2,2,2,2,2,3,0,0,0,0,0,0,0,0,0,0,0,0,0,0,0,0,0,0,0,1,2,3,1,2,2,2,3,1,2,3,0,0,0,0,0,0,0,0,0,0,0,0,0,0,0,0,0,0,0
12,1,11,7,12,1,2,13,11,20,2,22,18,2,25,8,4,9,3,0,0,0,0,0,0,0,0,0,0,0,1,2,2,2,2,3,4,1,2,3,4,1,3,4,1,2,2,2,3,0,0,0,0,0,0,0,0,0,0,0,1,2,2,2,2,3,4,1,2,3,4,1,3,4,1,2,2,2,3,0,0,0,0,0,0,0,0,0,0,0
29,24,2,33,21,28,14,23,14,54,22,27,16,27,29,33,21,28,0,0,0,0,0,0,0,0,0,0,0,0,1,3,4,1,2,2,3,1,2,3,1,2,3,1,3,1,2,3,0,0,0,0,0,0,0,0,0,0,0,0,1,3,4,1,2,2,2,2,2,2,2,2,2,2,2,2,2,3,0,0,0,0,0,0,0,0,0,0,0,0
11,31,40,51,13,7,12,41,9,0,0,0,0,0,0,0,0,0,0,0,0,0,0,0,0,0,0,0,0,0,1,2,3,4,1,2,2,2,3,0,0,0,0,0,0,0,0,0,0,0,0,0,0,0,0,0,0,0,0,0,1,2,3,4,1,2,2,2,3,0,0,0,0,0,0,0,0,0,0,0,0,0,0,0,0,0,0,0,0,0
30,44,2,28,26,22,24,2,29,37,53,14,18,17,2,18,28,22,16,16,0,0,0,0,0,0,0,0,0,0,1,3,4,1,2,2,3,4,1,2,2,2,2,3,4,1,2,2,2,3,0,0,0,0,0,0,0,0,0,0,1,3,4,1,2,2,3,4,1,2,2,2,2,3,4,1,2,2,2,3,0,0,0,0,0,0,0,0,0,0
19,1,3,9,1,4,35,32,34,6,5,13,1,0,0,0,0,0,0,0,0,0,0,0,0,0,0,0,0,0,1,2,3,1,2,2,3,1,3,1,2,2,3,0,0,0,0,0,0,0,0,0,0,0,0,0,0,0,0,0,1,2,3,1,2,2,2,2,3,1,2,2,3,0,0,0,0,0,0,0,0,0,0,0,0,0,0,0,0,0
3,4,2,10,7,11,5,10,5,12,12,4,0,0,0,0,0,0,0,0,0,0,0,0,0,0,0,0,0,0,1,3,4,1,2,2,2,3,1,2,2,3,0,0,0,0,0,0,0,0,0,0,0,0,0,0,0,0,0,0,1,3,4,1,2,2,2,2,2,2,2,3,0,0,0,0,0,0,0,0,0,0,0,0,0,0,0,0,0,0
7,20,3,2,8,9,5,3,3,34,0,0,0,0,0,0,0,0,0,0,0,0,0,0,0,0,0,0,0,0,1,2,3,4,1,2,2,2,2,3,0,0,0,0,0,0,0,0,0,0,0,0,0,0,0,0,0,0,0,0,1,2,3,4,1,2,2,2,2,3,0,0,0,0,0,0,0,0,0,0,0,0,0,0,0,0,0,0,0,0
31,8,19,31,1,9,3,46,0,0,0,0,0,0,0,0,0,0,0,0,0,0,0,0,0,0,0,0,0,0,1,2,2,2,2,2,3,4,0,0,0,0,0,0,0,0,0,0,0,0,0,0,0,0,0,0,0,0,0,0,1,2,2,2,2,2,3,4,0,0,0,0,0,0,0,0,0,0,0,0,0,0,0,0,0,0,0,0,0,0
20,15,12,5,3,5,32,10,1,2,35,8,1,41,0,0,0,0,0,0,0,0,0,0,0,0,0,0,0,0,1,2,2,2,2,2,2,2,3,4,1,2,2,3,0,0,0,0,0,0,0,0,0,0,0,0,0,0,0,0,1,2,2,2,2,2,2,2,3,4,1,2,2,3,0,0,0,0,0,0,0,0,0,0,0,0,0,0,0,0
11,32,20,25,2,12,5,3,5,0,0,0,0,0,0,0,0,0,0,0,0,0,0,0,0,0,0,0,0,0,4,1,2,3,4,1,2,2,3,0,0,0,0,0,0,0,0,0,0,0,0,0,0,0,0,0,0,0,0,0,1,2,2,3,4,1,2,2,3,0,0,0,0,0,0,0,0,0,0,0,0,0,0,0,0,0,0,0,0,0
25,25,2,35,15,56,2,8,12,11,3,2,5,12,12,2,13,13,38,0,0,0,0,0,0,0,0,0,0,0,1,3,4,1,3,4,4,1,2,2,3,4,1,2,3,4,1,2,3,0,0,0,0,0,0,0,0,0,0,0,1,3,4,1,3,4,4,1,2,2,3,4,1,2,3,4,1,2,3,0,0,0,0,0,0,0,0,0,0,0
26,4,5,41,17,31,1,13,1,17,5,32,0,0,0,0,0,0,0,0,0,0,0,0,0,0,0,0,0,0,1,2,2,3,1,2,2,2,3,1,2,3,0,0,0,0,0,0,0,0,0,0,0,0,0,0,0,0,0,0,1,2,2,3,1,2,2,2,3,1,2,3,0,0,0,0,0,0,0,0,0,0,0,0,0,0,0,0,0,0
15,9,6,5,13,1,0,0,0,0,0,0,0,0,0,0,0,0,0,0,0,0,0,0,0,0,0,0,0,0,1,3,1,2,2,3,0,0,0,0,0,0,0,0,0,0,0,0,0,0,0,0,0,0,0,0,0,0,0,0,1,3,1,2,2,3,0,0,0,0,0,0,0,0,0,0,0,0,0,0,0,0,0,0,0,0,0,0,0,0
24,22,39,14,2,36,24,0,0,0,0,0,0,0,0,0,0,0,0,0,0,0,0,0,0,0,0,0,0,0,1,2,2,3,4,1,3,0,0,0,0,0,0,0,0,0,0,0,0,0,0,0,0,0,0,0,0,0,0,0,1,2,2,3,4,1,3,0,0,0,0,0,0,0,0,0,0,0,0,0,0,0,0,0,0,0,0,0,0,0
4,1,5,12,14,38,1,11,16,4,27,1,41,30,32,34,3,1,0,0,0,0,0,0,0,0,0,0,0,0,1,2,2,3,1,2,2,3,1,3,1,2,3,4,1,2,2,3,0,0,0,0,0,0,0,0,0,0,0,0,1,2,2,3,1,2,2,3,1,3,1,2,3,1,2,2,2,3,0,0,0,0,0,0,0,0,0,0,0,0
11,4,1,5,3,1,23,1,9,7,20,4,11,1,42,5,6,12,10,1,4,0,0,0,0,0,0,0,0,0,1,2,2,2,2,3,1,2,2,2,2,2,2,3,1,2,2,2,2,2,3,0,0,0,0,0,0,0,0,0,1,2,2,2,2,3,1,2,2,2,2,2,2,3,1,2,2,2,2,2,3,0,0,0,0,0,0,0,0,0
5,12,12,2,6,1,41,2,1,10,3,0,0,0,0,0,0,0,0,0,0,0,0,0,0,0,0,0,0,0,1,2,3,4,1,2,3,4,1,2,3,0,0,0,0,0,0,0,0,0,0,0,0,0,0,0,0,0,0,0,1,2,3,4,1,2,3,4,1,2,3,0,0,0,0,0,0,0,0,0,0,0,0,0,0,0,0,0,0,0
32,8,3,9,38,0,0,0,0,0,0,0,0,0,0,0,0,0,0,0,0,0,0,0,0,0,0,0,0,0,1,2,2,2,3,0,0,0,0,0,0,0,0,0,0,0,0,0,0,0,0,0,0,0,0,0,0,0,0,0,1,2,3,1,3,0,0,0,0,0,0,0,0,0,0,0,0,0,0,0,0,0,0,0,0,0,0,0,0,0
26,1,25,27,7,12,1,45,8,12,3,31,0,0,0,0,0,0,0,0,0,0,0,0,0,0,0,0,0,0,1,2,3,1,2,2,3,1,2,2,2,3,0,0,0,0,0,0,0,0,0,0,0,0,0,0,0,0,0,0,1,2,3,1,2,2,3,1,2,2,2,3,0,0,0,0,0,0,0,0,0,0,0,0,0,0,0,0,0,0
9,1,3,24,5,19,8,6,5,32,10,1,33,8,6,12,0,0,0,0,0,0,0,0,0,0,0,0,0,0,1,2,3,1,2,2,2,2,2,2,2,3,1,2,2,3,0,0,0,0,0,0,0,0,0,0,0,0,0,0,1,2,3,1,2,2,2,2,2,2,2,3,1,2,2,3,0,0,0,0,0,0,0,0,0,0,0,0,0,0
19,12,40,2,15,8,38,13,5,15,2,11,4,1,5,3,1,2,25,4,7,13,2,38,15,13,0,0,0,0,1,2,3,4,1,2,3,1,2,3,4,1,2,2,2,2,3,4,1,2,2,3,4,1,2,3,0,0,0,0,1,2,3,4,1,2,3,1,2,3,4,1,2,2,2,2,3,4,1,2,2,3,4,1,2,3,0,0,0,0
11,3,8,13,1,32,5,4,2,31,0,0,0,0,0,0,0,0,0,0,0,0,0,0,0,0,0,0,0,0,1,2,2,2,2,2,2,3,4,4,0,0,0,0,0,0,0,0,0,0,0,0,0,0,0,0,0,0,0,0,1,2,2,2,2,2,2,3,4,4,0,0,0,0,0,0,0,0,0,0,0,0,0,0,0,0,0,0,0,0
9,1,3,24,21,12,27,20,13,0,0,0,0,0,0,0,0,0,0,0,0,0,0,0,0,0,0,0,0,0,1,2,3,4,1,3,1,2,3,0,0,0,0,0,0,0,0,0,0,0,0,0,0,0,0,0,0,0,0,0,1,2,3,1,2,3,1,2,3,0,0,0,0,0,0,0,0,0,0,0,0,0,0,0,0,0,0,0,0,0
13,34,26,8,5,10,7,19,2,13,2,25,10,5,19,35,5,10,20,1,0,0,0,0,0,0,0,0,0,0,1,3,1,2,2,2,2,3,4,4,4,1,2,2,3,1,2,2,2,3,0,0,0,0,0,0,0,0,0,0,1,3,1,2,2,2,2,3,4,4,4,1,2,2,2,2,2,2,2,3,0,0,0,0,0,0,0,0,0,0
15,4,8,6,3,2,8,12,1,6,3,2,11,7,13,13,1,6,3,9,0,0,0,0,0,0,0,0,0,0,1,2,2,2,3,4,1,2,2,2,3,4,1,2,2,2,2,2,2,3,0,0,0,0,0,0,0,0,0,0,1,2,2,2,3,4,1,2,2,2,3,4,1,2,2,2,2,2,2,3,0,0,0,0,0,0,0,0,0,0
42,22,43,14,2,30,30,46,14,46,17,0,0,0,0,0,0,0,0,0,0,0,0,0,0,0,0,0,0,0,1,2,2,3,4,1,2,3,1,2,3,0,0,0,0,0,0,0,0,0,0,0,0,0,0,0,0,0,0,0,1,2,2,3,4,1,2,2,2,2,3,0,0,0,0,0,0,0,0,0,0,0,0,0,0,0,0,0,0,0
37,30,24,14,6,11,7,12,1,28,8,6,1,0,0,0,0,0,0,0,0,0,0,0,0,0,0,0,0,0,1,2,3,1,2,2,2,2,3,1,2,2,3,0,0,0,0,0,0,0,0,0,0,0,0,0,0,0,0,0,1,2,3,1,2,2,2,2,3,1,2,2,3,0,0,0,0,0,0,0,0,0,0,0,0,0,0,0,0,0
23,18,16,2,10,7,11,40,0,0,0,0,0,0,0,0,0,0,0,0,0,0,0,0,0,0,0,0,0,0,1,2,3,4,1,2,2,3,0,0,0,0,0,0,0,0,0,0,0,0,0,0,0,0,0,0,0,0,0,0,1,2,3,4,1,2,2,3,0,0,0,0,0,0,0,0,0,0,0,0,0,0,0,0,0,0,0,0,0,0
10,25,3,2,4,32,0,0,0,0,0,0,0,0,0,0,0,0,0,0,0,0,0,0,0,0,0,0,0,0,1,2,3,4,1,3,0,0,0,0,0,0,0,0,0,0,0,0,0,0,0,0,0,0,0,0,0,0,0,0,1,2,3,4,1,3,0,0,0,0,0,0,0,0,0,0,0,0,0,0,0,0,0,0,0,0,0,0,0,0
43,8,9,20,5,10,18,5,10,21,6,3,1,4,15,4,1,3,1,4,0,0,0,0,0,0,0,0,0,0,1,2,2,2,2,3,1,2,3,1,2,2,2,2,2,2,2,2,2,3,0,0,0,0,0,0,0,0,0,0,1,2,2,2,2,3,1,2,3,1,2,2,2,2,2,2,2,2,2,3,0,0,0,0,0,0,0,0,0,0
30,21,27,24,14,23,18,14,27,17,22,39,14,2,17,29,17,23,36,16,17,0,0,0,0,0,0,0,0,0,1,2,3,1,2,2,2,2,2,2,2,2,3,4,1,3,1,2,2,2,3,0,0,0,0,0,0,0,0,0,1,2,2,2,2,2,2,2,2,2,2,2,3,4,1,2,2,2,2,2,3,0,0,0,0,0,0,0,0,0
3,31,1,1,6,12,0,0,0,0,0,0,0,0,0,0,0,0,0,0,0,0,0,0,0,0,0,0,0,0,1,2,3,1,2,3,0,0,0,0,0,0,0,0,0,0,0,0,0,0,0,0,0,0,0,0,0,0,0,0,1,2,2,2,2,3,0,0,0,0,0,0,0,0,0,0,0,0,0,0,0,0,0,0,0,0,0,0,0,0
40,30,9,19,22,11,11,7,20,6,3,30,5,6,5,19,1,4,18,21,26,0,0,0,0,0,0,0,0,0,4,1,2,3,1,2,2,2,2,2,3,1,2,2,2,2,2,3,1,2,3,0,0,0,0,0,0,0,0,0,4,1,2,3,1,2,2,2,2,2,3,1,2,2,2,2,2,3,1,2,3,0,0,0,0,0,0,0,0,0
24,27,39,2,45,23,21,17,14,2,24,22,18,44,2,16,36,24,24,29,23,17,14,26,0,0,0,0,0,0,1,2,3,4,1,2,2,2,3,4,1,2,2,3,4,1,2,2,2,2,2,2,2,3,0,0,0,0,0,0,1,2,3,4,1,2,2,2,3,4,1,2,2,3,4,1,2,2,2,2,2,2,2,3,0,0,0,0,0,0
19,1,3,2,3,9,12,0,0,0,0,0,0,0,0,0,0,0,0,0,0,0,0,0,0,0,0,0,0,0,1,2,3,4,1,2,3,0,0,0,0,0,0,0,0,0,0,0,0,0,0,0,0,0,0,0,0,0,0,0,1,2,3,4,1,2,3,0,0,0,0,0,0,0,0,0,0,0,0,0,0,0,0,0,0,0,0,0,0,0
3,9,3,25,8,10,10,15,0,0,0,0,0,0,0,0,0,0,0,0,0,0,0,0,0,0,0,0,0,0,1,2,3,1,2,2,3,4,0,0,0,0,0,0,0,0,0,0,0,0,0,0,0,0,0,0,0,0,0,0,1,2,3,1,2,2,2,3,0,0,0,0,0,0,0,0,0,0,0,0,0,0,0,0,0,0,0,0,0,0
22,16,17,2,33,14,22,17,36,23,14,2,26,21,16,18,29,27,27,14,18,17,0,0,0,0,0,0,0,0,1,2,3,4,1,2,2,2,2,2,3,4,1,2,2,2,2,2,2,2,2,3,0,0,0,0,0,0,0,0,1,2,3,4,1,2,2,2,2,2,3,4,1,2,2,2,2,2,2,2,2,3,0,0,0,0,0,0,0,0
33,33,14,18,29,30,2,25,51,11,11,7,12,1,18,42,22,23,0,0,0,0,0,0,0,0,0,0,0,0,1,2,3,1,2,3,4,4,4,1,2,2,2,3,1,2,2,3,0,0,0,0,0,0,0,0,0,0,0,0,1,2,2,2,2,3,4,4,4,1,2,2,2,3,1,2,2,3,0,0,0,0,0,0,0,0,0,0,0,0
6,9,30,7,20,9,1,30,7,35,1,0,0,0,0,0,0,0,0,0,0,0,0,0,0,0,0,0,0,0,1,3,1,2,2,2,3,1,2,2,3,0,0,0,0,0,0,0,0,0,0,0,0,0,0,0,0,0,0,0,1,3,1,2,2,2,3,1,2,2,3,0,0,0,0,0,0,0,0,0,0,0,0,0,0,0,0,0,0,0
25,7,4,13,5,3,24,7,9,0,0,0,0,0,0,0,0,0,0,0,0,0,0,0,0,0,0,0,0,0,1,2,2,2,2,3,1,2,3,0,0,0,0,0,0,0,0,0,0,0,0,0,0,0,0,0,0,0,0,0,1,2,2,2,2,3,1,2,3,0,0,0,0,0,0,0,0,0,0,0,0,0,0,0,0,0,0,0,0,0
8,10,10,1,19,5,10,27,20,13,9,0,0,0,0,0,0,0,0,0,0,0,0,0,0,0,0,0,0,0,1,2,2,2,2,2,3,1,2,2,3,0,0,0,0,0,0,0,0,0,0,0,0,0,0,0,0,0,0,0,1,2,2,3,1,2,3,1,2,2,3,0,0,0,0,0,0,0,0,0,0,0,0,0,0,0,0,0,0,0
24,4,7,15,9,2,37,29,46,2,37,39,2,18,29,28,29,23,0,0,0,0,0,0,0,0,0,0,0,0,1,2,2,2,3,4,1,2,3,4,1,3,4,1,2,2,2,3,0,0,0,0,0,0,0,0,0,0,0,0,1,2,2,2,3,4,1,2,3,4,1,3,4,1,2,2,2,3,0,0,0,0,0,0,0,0,0,0,0,0
3,8,13,1,9,3,5,4,3,1,12,0,0,0,0,0,0,0,0,0,0,0,0,0,0,0,0,0,0,0,1,2,2,3,1,2,2,2,2,2,3,0,0,0,0,0,0,0,0,0,0,0,0,0,0,0,0,0,0,0,1,2,2,2,2,2,2,2,2,2,3,0,0,0,0,0,0,0,0,0,0,0,0,0,0,0,0,0,0,0
5,23,1,25,10,7,41,16,3,5,3,1,2,25,7,7,3,1,4,33,4,5,13,1,0,0,0,0,0,0,4,1,2,2,2,2,3,1,2,2,2,3,4,1,2,2,2,2,3,1,2,2,2,3,0,0,0,0,0,0,4,1,2,2,2,2,3,1,2,2,2,3,4,1,2,2,2,2,3,1,2,2,2,3,0,0,0,0,0,0
4,1,10,7,5,12,4,1,19,0,0,0,0,0,0,0,0,0,0,0,0,0,0,0,0,0,0,0,0,0,1,2,2,2,2,3,1,2,3,0,0,0,0,0,0,0,0,0,0,0,0,0,0,0,0,0,0,0,0,0,1,2,2,2,2,2,2,2,3,0,0,0,0,0,0,0,0,0,0,0,0,0,0,0,0,0,0,0,0,0
34,20,35,2,11,7,4,4,1,11,3,8,7,6,2,3,0,0,0,0,0,0,0,0,0,0,0,0,0,0,1,2,3,4,1,2,2,2,2,2,2,2,2,3,4,4,0,0,0,0,0,0,0,0,0,0,0,0,0,0,1,2,3,4,1,2,2,2,2,2,2,2,2,3,4,4,0,0,0,0,0,0,0,0,0,0,0,0,0,0
26,14,28,14,17,14,2,30,14,26,21,18,22,17,21,29,27,0,0,0,0,0,0,0,0,0,0,0,0,0,1,2,2,2,2,3,4,1,2,2,2,2,2,2,2,2,3,0,0,0,0,0,0,0,0,0,0,0,0,0,1,2,2,2,2,3,4,1,2,2,2,2,2,2,2,2,3,0,0,0,0,0,0,0,0,0,0,0,0,0
27,1,41,43,5,4,23,1,25,0,0,0,0,0,0,0,0,0,0,0,0,0,0,0,0,0,0,0,0,0,1,2,3,1,2,3,1,2,3,0,0,0,0,0,0,0,0,0,0,0,0,0,0,0,0,0,0,0,0,0,1,2,3,1,2,3,1,2,3,0,0,0,0,0,0,0,0,0,0,0,0,0,0,0,0,0,0,0,0,0
10,5,9,3,16,3,5,4,3,24,7,9,30,5,3,11,31,0,0,0,0,0,0,0,0,0,0,0,0,0,1,2,2,3,1,2,2,2,3,1,2,3,1,2,2,2,3,0,0,0,0,0,0,0,0,0,0,0,0,0,1,2,2,3,1,2,2,2,3,1,2,3,1,2,2,2,3,0,0,0,0,0,0,0,0,0,0,0,0,0
12,10,5,12,12,4,0,0,0,0,0,0,0,0,0,0,0,0,0,0,0,0,0,0,0,0,0,0,0,0,1,3,1,2,2,3,0,0,0,0,0,0,0,0,0,0,0,0,0,0,0,0,0,0,0,0,0,0,0,0,1,2,2,2,2,3,0,0,0,0,0,0,0,0,0,0,0,0,0,0,0,0,0,0,0,0,0,0,0,0
18,37,20,8,10,12,1,4,46,24,4,7,49,1,11,3,45,4,8,3,1,4,0,0,0,0,0,0,0,0,4,1,2,2,2,2,2,3,4,1,2,2,2,2,2,3,1,2,2,2,2,3,0,0,0,0,0,0,0,0,4,1,2,2,2,2,2,3,4,1,2,2,2,2,2,3,1,2,2,2,2,3,0,0,0,0,0,0,0,0
5,12,12,2,12,1,11,4,7,11,31,1,0,0,0,0,0,0,0,0,0,0,0,0,0,0,0,0,0,0,1,2,3,4,1,2,2,2,2,2,2,3,0,0,0,0,0,0,0,0,0,0,0,0,0,0,0,0,0,0,1,2,3,4,1,2,2,2,2,2,2,3,0,0,0,0,0,0,0,0,0,0,0,0,0,0,0,0,0,0
8,13,31,5,6,12,0,0,0,0,0,0,0,0,0,0,0,0,0,0,0,0,0,0,0,0,0,0,0,0,1,3,1,2,2,3,0,0,0,0,0,0,0,0,0,0,0,0,0,0,0,0,0,0,0,0,0,0,0,0,1,2,3,1,2,3,0,0,0,0,0,0,0,0,0,0,0,0,0,0,0,0,0,0,0,0,0,0,0,0
5,21,24,18,18,5,4,12,0,0,0,0,0,0,0,0,0,0,0,0,0,0,0,0,0,0,0,0,0,0,4,1,2,3,1,2,2,3,0,0,0,0,0,0,0,0,0,0,0,0,0,0,0,0,0,0,0,0,0,0,4,1,2,3,1,2,2,3,0,0,0,0,0,0,0,0,0,0,0,0,0,0,0,0,0,0,0,0,0,0
6,9,21,13,5,15,29,25,25,10,8,6,1,17,7,29,6,10,8,6,1,18,7,15,34,0,0,0,0,0,1,3,1,2,2,3,1,2,2,2,2,2,3,1,3,1,2,2,2,2,3,1,2,2,3,0,0,0,0,0,1,3,1,2,2,3,1,2,2,2,2,2,3,1,3,1,2,2,2,2,3,1,2,2,3,0,0,0,0,0
12,9,3,59,2,38,0,0,0,0,0,0,0,0,0,0,0,0,0,0,0,0,0,0,0,0,0,0,0,0,1,2,3,4,4,4,0,0,0,0,0,0,0,0,0,0,0,0,0,0,0,0,0,0,0,0,0,0,0,0,1,2,3,4,4,4,0,0,0,0,0,0,0,0,0,0,0,0,0,0,0,0,0,0,0,0,0,0,0,0
12,7,18,5,4,3,1,18,31,5,4,5,11,3,1,4,9,0,0,0,0,0,0,0,0,0,0,0,0,0,1,3,1,2,2,2,3,1,2,2,2,2,2,2,2,2,3,0,0,0,0,0,0,0,0,0,0,0,0,0,1,3,1,2,2,2,3,1,2,2,2,2,2,2,2,2,3,0,0,0,0,0,0,0,0,0,0,0,0,0
17,7,15,8,11,23,16,16,0,0,0,0,0,0,0,0,0,0,0,0,0,0,0,0,0,0,0,0,0,0,1,2,2,2,3,1,2,3,0,0,0,0,0,0,0,0,0,0,0,0,0,0,0,0,0,0,0,0,0,0,1,2,2,2,3,1,2,3,0,0,0,0,0,0,0,0,0,0,0,0,0,0,0,0,0,0,0,0,0,0
3,38,6,2,15,4,1,15,5,4,1,2,15,4,7,11,0,0,0,0,0,0,0,0,0,0,0,0,0,0,1,2,3,4,1,2,2,2,2,2,3,4,1,2,2,3,0,0,0,0,0,0,0,0,0,0,0,0,0,0,1,2,3,4,1,2,2,2,2,2,3,4,1,2,2,3,0,0,0,0,0,0,0,0,0,0,0,0,0,0
3,15,10,3,29,32,49,2,19,1,3,27,5,13,1,0,0,0,0,0,0,0,0,0,0,0,0,0,0,0,1,2,2,3,1,2,3,4,1,2,3,1,2,2,3,0,0,0,0,0,0,0,0,0,0,0,0,0,0,0,1,2,2,3,1,2,3,4,1,2,3,1,2,2,3,0,0,0,0,0,0,0,0,0,0,0,0,0,0,0
21,26,16,2,21,23,18,2,26,21,16,18,29,27,27,14,18,17,0,0,0,0,0,0,0,0,0,0,0,0,1,2,3,4,1,2,3,4,1,2,2,2,2,2,2,2,2,3,0,0,0,0,0,0,0,0,0,0,0,0,1,2,3,4,1,2,3,4,1,2,2,2,2,2,2,2,2,3,0,0,0,0,0,0,0,0,0,0,0,0
13,6,19,2,8,6,8,3,2,8,12,38,52,2,6,8,0,0,0,0,0,0,0,0,0,0,0,0,0,0,1,2,3,4,1,2,2,3,4,1,2,3,4,4,1,3,0,0,0,0,0,0,0,0,0,0,0,0,0,0,1,2,3,4,1,2,2,3,4,1,2,3,4,4,1,3,0,0,0,0,0,0,0,0,0,0,0,0,0,0
16,15,4,5,41,12,48,17,34,15,34,16,40,10,5,12,6,8,40,7,41,0,0,0,0,0,0,0,0,0,1,2,2,2,2,2,3,1,2,2,3,1,2,2,2,2,2,2,2,2,3,0,0,0,0,0,0,0,0,0,1,2,2,2,2,2,3,1,2,2,3,1,2,2,2,2,2,2,2,2,3,0,0,0,0,0,0,0,0,0
17,30,14,2,42,29,43,14,23,0,0,0,0,0,0,0,0,0,0,0,0,0,0,0,0,0,0,0,0,0,1,2,3,4,1,2,2,2,3,0,0,0,0,0,0,0,0,0,0,0,0,0,0,0,0,0,0,0,0,0,1,2,3,4,1,2,2,2,3,0,0,0,0,0,0,0,0,0,0,0,0,0,0,0,0,0,0,0,0,0
6,13,1,13,32,0,0,0,0,0,0,0,0,0,0,0,0,0,0,0,0,0,0,0,0,0,0,0,0,0,4,1,2,2,3,0,0,0,0,0,0,0,0,0,0,0,0,0,0,0,0,0,0,0,0,0,0,0,0,0,1,2,2,2,3,0,0,0,0,0,0,0,0,0,0,0,0,0,0,0,0,0,0,0,0,0,0,0,0,0
9,1,3,2,8,7,0,0,0,0,0,0,0,0,0,0,0,0,0,0,0,0,0,0,0,0,0,0,0,0,1,2,3,4,1,3,0,0,0,0,0,0,0,0,0,0,0,0,0,0,0,0,0,0,0,0,0,0,0,0,1,2,3,4,1,3,0,0,0,0,0,0,0,0,0,0,0,0,0,0,0,0,0,0,0,0,0,0,0,0
11,31,5,4,9,3,4,8,6,19,2,1,38,1,11,11,31,5,4,0,0,0,0,0,0,0,0,0,0,0,1,2,2,3,1,2,2,2,2,3,4,1,2,2,3,1,2,2,3,0,0,0,0,0,0,0,0,0,0,0,1,2,2,2,2,2,2,2,2,3,4,1,2,2,2,2,2,2,3,0,0,0,0,0,0,0,0,0,0,0
41,8,6,12,7,41,9,15,5,6,0,0,0,0,0,0,0,0,0,0,0,0,0,0,0,0,0,0,0,0,1,2,2,2,2,3,1,2,2,3,0,0,0,0,0,0,0,0,0,0,0,0,0,0,0,0,0,0,0,0,1,2,3,1,2,3,1,2,2,3,0,0,0,0,0,0,0,0,0,0,0,0,0,0,0,0,0,0,0,0
9,1,4,35,8,11,1,2,12,1,4,1,19,8,9,3,1,4,0,0,0,0,0,0,0,0,0,0,0,0,1,2,2,2,2,2,3,4,1,2,2,2,2,2,2,2,2,3,0,0,0,0,0,0,0,0,0,0,0,0,1,2,2,2,2,2,3,4,1,2,2,2,2,2,2,2,2,3,0,0,0,0,0,0,0,0,0,0,0,0
16,45,21,39,16,11,4,7,10,10,1,12,45,8,6,12,7,41,36,15,11,5,9,3,0,0,0,0,0,0,1,2,2,3,1,2,2,2,2,2,2,3,1,2,2,2,2,3,1,2,2,2,2,3,0,0,0,0,0,0,1,2,2,3,1,2,2,2,2,2,2,3,1,2,2,2,2,3,1,2,2,2,2,3,0,0,0,0,0,0
42,16,7,20,6,12,9,24,4,1,25,1,4,1,6,11,1,24,5,6,1,10,0,0,0,0,0,0,0,0,1,2,2,2,2,2,3,1,2,2,2,2,2,2,2,2,3,1,2,2,2,3,0,0,0,0,0,0,0,0,4,1,2,2,2,2,3,1,2,2,2,2,2,2,2,2,3,1,2,2,2,3,0,0,0,0,0,0,0,0
10,11,15,33,4,5,19,13,1,6,3,21,12,0,0,0,0,0,0,0,0,0,0,0,0,0,0,0,0,0,1,2,3,1,2,2,2,2,2,2,3,1,3,0,0,0,0,0,0,0,0,0,0,0,0,0,0,0,0,0,1,2,3,1,2,2,2,2,2,2,3,1,3,0,0,0,0,0,0,0,0,0,0,0,0,0,0,0,0,0
13,1,6,20,2,7,15,1,6,2,6,1,41,2,11,32,0,0,0,0,0,0,0,0,0,0,0,0,0,0,1,2,2,3,4,1,2,2,3,4,1,2,3,4,1,3,0,0,0,0,0,0,0,0,0,0,0,0,0,0,1,2,2,3,4,1,2,2,3,4,1,2,3,4,1,3,0,0,0,0,0,0,0,0,0,0,0,0,0,0
8,9,41,4,8,3,1,0,0,0,0,0,0,0,0,0,0,0,0,0,0,0,0,0,0,0,0,0,0,0,1,3,1,2,2,2,3,0,0,0,0,0,0,0,0,0,0,0,0,0,0,0,0,0,0,0,0,0,0,0,1,3,1,2,2,2,3,0,0,0,0,0,0,0,0,0,0,0,0,0,0,0,0,0,0,0,0,0,0,0
11,10,8,2,9,1,3,2,20,9,1,4,2,50,20,7,3,5,0,0,0,0,0,0,0,0,0,0,0,0,1,2,3,4,1,2,3,4,1,2,2,3,4,1,2,2,2,3,0,0,0,0,0,0,0,0,0,0,0,0,1,2,3,4,1,2,3,4,1,2,2,3,4,1,2,2,2,3,0,0,0,0,0,0,0,0,0,0,0,0
12,8,49,0,0,0,0,0,0,0,0,0,0,0,0,0,0,0,0,0,0,0,0,0,0,0,0,0,0,0,1,2,3,0,0,0,0,0,0,0,0,0,0,0,0,0,0,0,0,0,0,0,0,0,0,0,0,0,0,0,1,2,3,0,0,0,0,0,0,0,0,0,0,0,0,0,0,0,0,0,0,0,0,0,0,0,0,0,0,0
53,17,23,18,2,22,26,29,37,14,0,0,0,0,0,0,0,0,0,0,0,0,0,0,0,0,0,0,0,0,1,2,2,3,4,1,2,2,2,3,0,0,0,0,0,0,0,0,0,0,0,0,0,0,0,0,0,0,0,0,1,2,2,3,4,1,2,2,2,3,0,0,0,0,0,0,0,0,0,0,0,0,0,0,0,0,0,0,0,0
3,6,6,3,15,12,2,39,4,7,20,15,0,0,0,0,0,0,0,0,0,0,0,0,0,0,0,0,0,0,1,2,2,2,2,3,4,1,2,2,2,3,0,0,0,0,0,0,0,0,0,0,0,0,0,0,0,0,0,0,1,2,2,2,2,3,4,1,2,2,2,3,0,0,0,0,0,0,0,0,0,0,0,0,0,0,0,0,0,0
33,4,1,1,35,1,4,32,45,8,6,12,7,41,0,0,0,0,0,0,0,0,0,0,0,0,0,0,0,0,1,2,2,3,1,2,2,3,1,2,2,2,2,3,0,0,0,0,0,0,0,0,0,0,0,0,0,0,0,0,1,2,2,2,2,2,2,3,1,2,2,2,2,3,0,0,0,0,0,0,0,0,0,0,0,0,0,0,0,0
15,51,5,32,9,10,6,0,0,0,0,0,0,0,0,0,0,0,0,0,0,0,0,0,0,0,0,0,0,0,4,4,1,2,3,1,3,0,0,0,0,0,0,0,0,0,0,0,0,0,0,0,0,0,0,0,0,0,0,0,4,4,1,2,2,2,3,0,0,0,0,0,0,0,0,0,0,0,0,0,0,0,0,0,0,0,0,0,0,0
5,16,43,39,2,13,16,3,4,7,40,1,29,15,5,11,8,3,34,0,0,0,0,0,0,0,0,0,0,0,4,1,2,3,4,4,1,2,2,2,2,3,1,2,2,2,2,2,3,0,0,0,0,0,0,0,0,0,0,0,4,1,2,3,4,4,1,2,2,2,2,3,1,2,2,2,2,2,3,0,0,0,0,0,0,0,0,0,0,0
20,8,2,9,1,3,29,4,8,1,6,3,24,4,7,11,0,0,0,0,0,0,0,0,0,0,0,0,0,0,1,3,4,1,2,3,1,2,2,2,2,3,1,2,2,3,0,0,0,0,0,0,0,0,0,0,0,0,0,0,1,3,4,1,2,3,1,2,2,2,2,3,1,2,2,3,0,0,0,0,0,0,0,0,0,0,0,0,0,0
5,15,2,11,15,34,9,3,4,6,0,0,0,0,0,0,0,0,0,0,0,0,0,0,0,0,0,0,0,0,1,3,4,1,2,3,1,2,2,3,0,0,0,0,0,0,0,0,0,0,0,0,0,0,0,0,0,0,0,0,1,3,4,1,2,2,2,2,2,3,0,0,0,0,0,0,0,0,0,0,0,0,0,0,0,0,0,0,0,0
5,28,28,18,20,4,35,1,0,0,0,0,0,0,0,0,0,0,0,0,0,0,0,0,0,0,0,0,0,0,4,1,3,1,2,2,2,3,0,0,0,0,0,0,0,0,0,0,0,0,0,0,0,0,0,0,0,0,0,0,4,1,3,1,2,2,2,3,0,0,0,0,0,0,0,0,0,0,0,0,0,0,0,0,0,0,0,0,0,0
14,33,2,28,29,16,17,0,0,0,0,0,0,0,0,0,0,0,0,0,0,0,0,0,0,0,0,0,0,0,1,3,4,1,2,2,3,0,0,0,0,0,0,0,0,0,0,0,0,0,0,0,0,0,0,0,0,0,0,0,1,3,4,1,2,2,3,0,0,0,0,0,0,0,0,0,0,0,0,0,0,0,0,0,0,0,0,0,0,0
49,9,12,2,21,9,43,5,10,20,1,24,4,8,13,8,3,8,35,1,0,0,0,0,0,0,0,0,0,0,1,2,3,4,1,3,1,2,2,2,3,1,2,2,2,2,2,2,2,3,0,0,0,0,0,0,0,0,0,0,1,2,3,4,1,3,1,2,2,2,3,1,2,2,2,2,2,2,2,3,0,0,0,0,0,0,0,0,0,0
39,1,3,30,5,8,10,22,11,11,7,20,6,3,36,4,10,0,0,0,0,0,0,0,0,0,0,0,0,0,1,2,3,1,2,2,3,1,2,2,2,2,2,3,1,2,3,0,0,0,0,0,0,0,0,0,0,0,0,0,1,2,3,1,2,2,3,1,2,2,2,2,2,3,1,2,3,0,0,0,0,0,0,0,0,0,0,0,0,0
3,31,8,9,2,3,38,3,24,5,3,8,1,6,3,27,20,13,32,1,4,33,7,11,20,9,28,7,9,3,1,2,2,3,4,1,2,3,1,2,2,2,2,2,3,1,2,2,2,2,3,1,2,2,2,3,1,2,2,3,1,2,2,3,4,1,2,3,1,2,2,2,2,2,3,1,2,2,2,2,3,1,2,2,2,3,1,2,2,3
12,25,3,24,4,7,15,9,0,0,0,0,0,0,0,0,0,0,0,0,0,0,0,0,0,0,0,0,0,0,1,2,3,1,2,2,2,3,0,0,0,0,0,0,0,0,0,0,0,0,0,0,0,0,0,0,0,0,0,0,1,2,3,1,2,2,2,3,0,0,0,0,0,0,0,0,0,0,0,0,0,0,0,0,0,0,0,0,0,0
26,28,39,2,22,26,43,22,27,18,14,26,2,16,14,17,17,21,27,39,16,0,0,0,0,0,0,0,0,0,1,2,3,4,1,2,2,2,2,2,2,3,4,1,2,2,2,2,2,2,3,0,0,0,0,0,0,0,0,0,1,2,3,4,1,2,2,2,2,2,2,3,4,1,2,2,2,2,2,2,3,0,0,0,0,0,0,0,0,0
6,1,41,2,9,20,32,10,8,9,3,0,0,0,0,0,0,0,0,0,0,0,0,0,0,0,0,0,0,0,1,2,3,4,1,2,2,2,2,2,3,0,0,0,0,0,0,0,0,0,0,0,0,0,0,0,0,0,0,0,1,2,3,4,1,2,2,2,2,2,3,0,0,0,0,0,0,0,0,0,0,0,0,0,0,0,0,0,0,0
26,1,9,3,4,7,34,33,10,20,9,31,14,35,1,6,3,0,0,0,0,0,0,0,0,0,0,0,0,0,1,2,2,2,2,2,3,1,2,2,2,3,1,2,2,2,3,0,0,0,0,0,0,0,0,0,0,0,0,0,1,2,2,2,2,2,3,1,2,2,2,3,1,2,2,2,3,0,0,0,0,0,0,0,0,0,0,0,0,0
22,4,4,5,34,17,7,22,4,4,5,34,21,6,25,7,30,5,15,0,0,0,0,0,0,0,0,0,0,0,1,2,2,2,3,1,3,1,2,2,2,3,1,2,2,3,1,2,3,0,0,0,0,0,0,0,0,0,0,0,1,2,2,2,3,1,3,1,2,2,2,3,1,2,2,3,1,2,3,0,0,0,0,0,0,0,0,0,0,0
20,3,25,58,2,9,8,19,6,5,3,20,4,1,0,0,0,0,0,0,0,0,0,0,0,0,0,0,0,0,1,2,3,4,4,1,2,2,2,2,2,2,2,3,0,0,0,0,0,0,0,0,0,0,0,0,0,0,0,0,1,2,3,4,4,1,2,2,2,2,2,2,2,3,0,0,0,0,0,0,0,0,0,0,0,0,0,0,0,0
19,1,3,30,16,14,6,3,8,3,34,0,0,0,0,0,0,0,0,0,0,0,0,0,0,0,0,0,0,0,1,2,3,1,3,1,2,2,2,2,3,0,0,0,0,0,0,0,0,0,0,0,0,0,0,0,0,0,0,0,1,2,3,1,3,1,2,2,2,2,3,0,0,0,0,0,0,0,0,0,0,0,0,0,0,0,0,0,0,0
15,4,1,35,8,7,20,9,2,11,31,0,0,0,0,0,0,0,0,0,0,0,0,0,0,0,0,0,0,0,1,2,2,2,2,2,2,3,4,1,3,0,0,0,0,0,0,0,0,0,0,0,0,0,0,0,0,0,0,0,1,2,2,2,2,2,2,3,4,1,3,0,0,0,0,0,0,0,0,0,0,0,0,0,0,0,0,0,0,0
27,16,2,21,30,22,24,16,14,23,43,21,18,14,2,18,29,27,17,23,22,18,17,21,26,0,0,0,0,0,1,3,4,1,2,2,3,1,2,2,2,2,2,3,4,1,2,2,2,2,2,2,3,1,3,0,0,0,0,0,1,3,4,1,2,2,3,1,2,2,2,2,2,3,4,1,2,2,2,2,2,2,2,2,3,0,0,0,0,0
27,16,2,23,14,39,23,14,16,16,21,29,27,2,17,14,16,17,14,23,2,18,21,26,0,0,0,0,0,0,1,3,4,1,2,2,2,2,2,2,2,2,3,4,1,2,2,2,2,3,4,1,2,3,0,0,0,0,0,0,1,3,4,1,2,2,2,2,3,1,2,2,3,4,1,2,2,2,2,3,4,1,2,3,0,0,0,0,0,0
21,27,21,17,2,37,28,29,18,44,2,16,21,55,14,0,0,0,0,0,0,0,0,0,0,0,0,0,0,0,1,2,2,3,4,1,2,2,2,3,4,1,2,2,3,0,0,0,0,0,0,0,0,0,0,0,0,0,0,0,1,2,2,3,4,1,2,2,2,3,4,1,2,2,3,0,0,0,0,0,0,0,0,0,0,0,0,0,0,0
42,8,9,3,7,19,4,5,13,18,7,6,25,8,19,0,0,0,0,0,0,0,0,0,0,0,0,0,0,0,1,2,2,2,2,2,2,2,3,1,2,2,2,2,3,0,0,0,0,0,0,0,0,0,0,0,0,0,0,0,1,2,2,2,2,2,2,2,3,1,2,2,2,2,3,0,0,0,0,0,0,0,0,0,0,0,0,0,0,0
11,8,2,11,7,10,10,1,11,3,8,7,6,2,1,6,12,0,0,0,0,0,0,0,0,0,0,0,0,0,1,3,4,1,2,2,2,2,2,2,2,2,3,4,1,2,3,0,0,0,0,0,0,0,0,0,0,0,0,0,1,3,4,1,2,2,2,2,2,2,2,2,3,4,1,2,3,0,0,0,0,0,0,0,0,0,0,0,0,0
20,42,1,5,12,1,4,9,0,0,0,0,0,0,0,0,0,0,0,0,0,0,0,0,0,0,0,0,0,0,4,1,2,2,2,2,2,3,0,0,0,0,0,0,0,0,0,0,0,0,0,0,0,0,0,0,0,0,0,0,4,1,2,2,2,2,2,3,0,0,0,0,0,0,0,0,0,0,0,0,0,0,0,0,0,0,0,0,0,0
6,9,26,7,11,20,13,1,6,3,17,34,15,1,0,0,0,0,0,0,0,0,0,0,0,0,0,0,0,0,1,3,1,2,2,2,2,2,2,3,1,2,2,3,0,0,0,0,0,0,0,0,0,0,0,0,0,0,0,0,1,3,1,2,2,2,2,2,2,3,1,2,2,3,0,0,0,0,0,0,0,0,0,0,0,0,0,0,0,0
32,8,47,24,1,10,9,24,1,4,30,1,3,1,4,0,0,0,0,0,0,0,0,0,0,0,0,0,0,0,1,3,1,2,2,2,3,1,2,3,1,2,2,2,3,0,0,0,0,0,0,0,0,0,0,0,0,0,0,0,1,3,4,1,2,2,3,1,2,3,1,2,2,2,3,0,0,0,0,0,0,0,0,0,0,0,0,0,0,0
28,29,18,44,14,26,2,26,37,17,0,0,0,0,0,0,0,0,0,0,0,0,0,0,0,0,0,0,0,0,1,2,2,2,2,3,4,1,2,3,0,0,0,0,0,0,0,0,0,0,0,0,0,0,0,0,0,0,0,0,1,2,2,2,2,3,4,1,2,3,0,0,0,0,0,0,0,0,0,0,0,0,0,0,0,0,0,0,0,0
19,1,3,36,21,23,1,6,12,1,4,1,4,0,0,0,0,0,0,0,0,0,0,0,0,0,0,0,0,0,1,2,3,1,3,1,2,2,2,2,2,2,3,0,0,0,0,0,0,0,0,0,0,0,0,0,0,0,0,0,1,2,3,1,3,1,2,2,2,2,2,2,3,0,0,0,0,0,0,0,0,0,0,0,0,0,0,0,0,0
27,16,2,16,17,47,28,14,2,43,14,23,17,21,18,22,28,2,22,28,21,39,27,2,30,21,26,26,28,14,1,3,4,1,2,2,2,3,4,1,2,2,2,2,2,2,3,4,1,2,2,2,3,4,1,2,2,2,2,3,1,3,4,1,2,2,2,3,4,1,2,2,2,2,2,2,3,4,1,2,2,2,3,4,1,2,2,2,2,3
17,52,2,37,10,7,11,40,2,17,52,2,37,28,29,18,44,2,23,2,29,44,0,0,0,0,0,0,0,0,4,4,4,1,2,2,2,3,4,4,4,4,1,2,2,2,3,4,4,4,1,3,0,0,0,0,0,0,0,0,1,3,4,1,2,2,2,3,4,1,3,4,1,2,2,2,3,4,4,4,1,3,0,0,0,0,0,0,0,0
21,26,16,2,28,22,16,17,16,14,14,27,0,0,0,0,0,0,0,0,0,0,0,0,0,0,0,0,0,0,1,2,3,4,1,2,2,3,1,2,2,3,0,0,0,0,0,0,0,0,0,0,0,0,0,0,0,0,0,0,1,2,3,4,1,2,2,3,1,2,2,3,0,0,0,0,0,0,0,0,0,0,0,0,0,0,0,0,0,0
7,20,3,1,6,12,0,0,0,0,0,0,0,0,0,0,0,0,0,0,0,0,0,0,0,0,0,0,0,0,1,2,3,1,2,3,0,0,0,0,0,0,0,0,0,0,0,0,0,0,0,0,0,0,0,0,0,0,0,0,1,2,2,2,2,3,0,0,0,0,0,0,0,0,0,0,0,0,0,0,0,0,0,0,0,0,0,0,0,0
31,10,8,32,0,0,0,0,0,0,0,0,0,0,0,0,0,0,0,0,0,0,0,0,0,0,0,0,0,0,4,1,2,3,0,0,0,0,0,0,0,0,0,0,0,0,0,0,0,0,0,0,0,0,0,0,0,0,0,0,1,2,2,3,0,0,0,0,0,0,0,0,0,0,0,0,0,0,0,0,0,0,0,0,0,0,0,0,0,0
16,1,4,35,1,4,26,7,1,9,6,3,16,20,15,15,7,4,3,22,18,28,0,0,0,0,0,0,0,0,1,2,2,2,2,3,1,2,2,2,2,3,1,2,2,2,2,2,3,1,2,3,0,0,0,0,0,0,0,0,1,2,2,2,2,3,1,2,2,2,2,3,1,2,2,2,2,2,3,1,2,3,0,0,0,0,0,0,0,0
25,25,1,1,38,15,4,29,15,1,4,5,3,7,4,0,0,0,0,0,0,0,0,0,0,0,0,0,0,0,1,2,3,1,2,2,3,1,2,2,2,2,2,2,3,0,0,0,0,0,0,0,0,0,0,0,0,0,0,0,1,2,2,2,2,2,3,1,2,2,2,2,2,2,3,0,0,0,0,0,0,0,0,0,0,0,0,0,0,0
12,1,11,2,9,8,19,6,5,3,20,4,1,0,0,0,0,0,0,0,0,0,0,0,0,0,0,0,0,0,1,2,3,4,1,2,2,2,2,2,2,2,3,0,0,0,0,0,0,0,0,0,0,0,0,0,0,0,0,0,1,2,3,4,1,2,2,2,2,2,2,2,3,0,0,0,0,0,0,0,0,0,0,0,0,0,0,0,0,0
9,5,13,15,25,13,3,0,0,0,0,0,0,0,0,0,0,0,0,0,0,0,0,0,0,0,0,0,0,0,1,2,2,3,1,2,3,0,0,0,0,0,0,0,0,0,0,0,0,0,0,0,0,0,0,0,0,0,0,0,1,2,3,1,2,2,3,0,0,0,0,0,0,0,0,0,0,0,0,0,0,0,0,0,0,0,0,0,0,0
20,6,4,1,19,8,9,3,1,4,37,1,5,6,0,0,0,0,0,0,0,0,0,0,0,0,0,0,0,0,1,2,2,2,2,2,2,2,2,3,1,2,2,3,0,0,0,0,0,0,0,0,0,0,0,0,0,0,0,0,1,2,2,2,2,2,2,2,2,3,1,2,2,3,0,0,0,0,0,0,0,0,0,0,0,0,0,0,0,0
8,30,8,6,0,0,0,0,0,0,0,0,0,0,0,0,0,0,0,0,0,0,0,0,0,0,0,0,0,0,4,1,2,3,0,0,0,0,0,0,0,0,0,0,0,0,0,0,0,0,0,0,0,0,0,0,0,0,0,0,4,1,2,3,0,0,0,0,0,0,0,0,0,0,0,0,0,0,0,0,0,0,0,0,0,0,0,0,0,0
44,14,23,27,2,24,22,21,23,2,44,24,47,0,0,0,0,0,0,0,0,0,0,0,0,0,0,0,0,0,1,2,2,3,4,1,2,2,3,4,1,2,3,0,0,0,0,0,0,0,0,0,0,0,0,0,0,0,0,0,1,2,2,3,4,1,2,2,3,4,1,2,3,0,0,0,0,0,0,0,0,0,0,0,0,0,0,0,0,0
19,1,3,27,20,13,1,4,7,33,8,10,9,0,0,0,0,0,0,0,0,0,0,0,0,0,0,0,0,0,1,2,3,1,2,2,2,2,3,1,2,2,3,0,0,0,0,0,0,0,0,0,0,0,0,0,0,0,0,0,1,2,3,1,2,2,2,2,3,1,2,2,3,0,0,0,0,0,0,0,0,0,0,0,0,0,0,0,0,0
9,11,4,18,7,6,9,7,10,1,0,0,0,0,0,0,0,0,0,0,0,0,0,0,0,0,0,0,0,0,1,2,3,1,2,2,2,2,2,3,0,0,0,0,0,0,0,0,0,0,0,0,0,0,0,0,0,0,0,0,1,2,3,1,2,2,2,2,2,3,0,0,0,0,0,0,0,0,0,0,0,0,0,0,0,0,0,0,0,0
16,47,16,17,14,30,2,22,39,14,27,17,16,2,39,23,29,36,24,2,27,22,30,14,0,0,0,0,0,0,1,2,2,2,2,3,4,1,2,2,2,2,3,4,1,2,2,2,3,4,1,2,2,3,0,0,0,0,0,0,1,3,1,2,2,3,4,1,2,2,2,2,3,4,1,2,2,2,3,4,1,2,2,3,0,0,0,0,0,0
17,47,24,14,2,18,29,27,33,21,39,2,17,23,22,18,44,0,0,0,0,0,0,0,0,0,0,0,0,0,1,2,2,3,4,1,2,2,2,2,3,4,1,2,2,2,3,0,0,0,0,0,0,0,0,0,0,0,0,0,1,2,2,3,4,1,2,2,2,2,3,4,1,2,2,2,3,0,0,0,0,0,0,0,0,0,0,0,0,0
13,5,38,9,3,5,11,40,9,8,48,1,0,0,0,0,0,0,0,0,0,0,0,0,0,0,0,0,0,0,1,2,3,1,2,2,2,3,1,2,2,3,0,0,0,0,0,0,0,0,0,0,0,0,0,0,0,0,0,0,1,2,3,1,2,2,2,3,1,2,2,3,0,0,0,0,0,0,0,0,0,0,0,0,0,0,0,0,0,0
1,38,1,11,45,22,21,17,2,39,18,24,2,23,14,33,0,0,0,0,0,0,0,0,0,0,0,0,0,0,1,2,2,3,1,2,2,3,4,1,2,3,4,1,2,3,0,0,0,0,0,0,0,0,0,0,0,0,0,0,1,2,2,3,1,2,2,3,4,1,2,3,4,1,2,3,0,0,0,0,0,0,0,0,0,0,0,0,0,0
25,17,31,4,1,5,12,16,1,6,12,30,19,4,0,0,0,0,0,0,0,0,0,0,0,0,0,0,0,0,4,1,2,2,2,2,3,1,2,2,3,1,2,3,0,0,0,0,0,0,0,0,0,0,0,0,0,0,0,0,4,1,2,2,2,2,3,1,2,2,3,1,2,3,0,0,0,0,0,0,0,0,0,0,0,0,0,0,0,0
16,18,23,29,28,28,14,23,2,42,21,39,42,28,21,39,42,17,0,0,0,0,0,0,0,0,0,0,0,0,1,2,2,2,2,2,2,3,4,1,2,2,2,2,2,2,2,3,0,0,0,0,0,0,0,0,0,0,0,0,1,2,2,2,2,2,2,3,4,1,2,2,2,2,2,2,2,3,0,0,0,0,0,0,0,0,0,0,0,0
13,24,21,18,16,17,4,1,1,23,5,3,8,6,19,9,0,0,0,0,0,0,0,0,0,0,0,0,0,0,4,1,2,2,3,1,2,2,3,1,2,2,2,2,2,3,0,0,0,0,0,0,0,0,0,0,0,0,0,0,4,1,2,2,3,1,2,2,3,1,2,2,2,2,2,3,0,0,0,0,0,0,0,0,0,0,0,0,0,0
26,17,2,26,14,37,36,39,0,0,0,0,0,0,0,0,0,0,0,0,0,0,0,0,0,0,0,0,0,0,1,3,4,1,2,2,2,3,0,0,0,0,0,0,0,0,0,0,0,0,0,0,0,0,0,0,0,0,0,0,1,3,4,1,2,2,2,3,0,0,0,0,0,0,0,0,0,0,0,0,0,0,0,0,0,0,0,0,0,0
21,33,33,2,21,27,36,16,14,0,0,0,0,0,0,0,0,0,0,0,0,0,0,0,0,0,0,0,0,0,1,2,3,4,1,3,1,2,3,0,0,0,0,0,0,0,0,0,0,0,0,0,0,0,0,0,0,0,0,0,1,2,3,4,1,2,2,2,3,0,0,0,0,0,0,0,0,0,0,0,0,0,0,0,0,0,0,0,0,0
20,8,2,12,8,9,15,10,5,34,42,1,10,15,0,0,0,0,0,0,0,0,0,0,0,0,0,0,0,0,1,3,4,1,2,2,2,2,2,3,1,2,2,3,0,0,0,0,0,0,0,0,0,0,0,0,0,0,0,0,1,3,4,1,2,2,2,2,2,3,1,2,2,3,0,0,0,0,0,0,0,0,0,0,0,0,0,0,0,0
13,2,9,28,26,22,24,16,1,5,4,11,31,37,5,9,1,0,0,0,0,0,0,0,0,0,0,0,0,0,4,4,4,1,2,2,3,1,2,2,2,2,3,1,2,2,3,0,0,0,0,0,0,0,0,0,0,0,0,0,4,4,4,1,2,2,3,1,2,2,2,2,3,1,2,2,3,0,0,0,0,0,0,0,0,0,0,0,0,0
6,1,41,7,15,3,2,12,1,25,5,20,10,3,2,11,31,5,4,9,1,3,0,0,0,0,0,0,0,0,1,2,3,1,2,3,4,1,2,2,2,2,2,3,4,1,2,2,3,1,2,3,0,0,0,0,0,0,0,0,1,2,2,2,2,3,4,1,2,2,2,2,2,3,4,1,2,2,2,2,2,3,0,0,0,0,0,0,0,0
21,27,16,14,23,17,2,24,23,29,53,14,18,17,2,17,47,24,14,0,0,0,0,0,0,0,0,0,0,0,1,2,2,2,2,3,4,1,2,2,2,2,2,3,4,1,2,2,3,0,0,0,0,0,0,0,0,0,0,0,1,2,2,2,2,3,4,1,2,2,2,2,2,3,4,1,2,2,3,0,0,0,0,0,0,0,0,0,0,0
23,1,19,14,6,20,13,44,1,34,0,0,0,0,0,0,0,0,0,0,0,0,0,0,0,0,0,0,0,0,1,2,3,1,2,2,3,1,2,3,0,0,0,0,0,0,0,0,0,0,0,0,0,0,0,0,0,0,0,0,1,2,3,1,2,2,3,1,2,3,0,0,0,0,0,0,0,0,0,0,0,0,0,0,0,0,0,0,0,0
5,32,9,21,21,0,0,0,0,0,0,0,0,0,0,0,0,0,0,0,0,0,0,0,0,0,0,0,0,0,1,2,3,1,3,0,0,0,0,0,0,0,0,0,0,0,0,0,0,0,0,0,0,0,0,0,0,0,0,0,1,2,3,1,3,0,0,0,0,0,0,0,0,0,0,0,0,0,0,0,0,0,0,0,0,0,0,0,0,0
15,5,9,9,41,7,4,12,17,1,13,15,10,5,3,1,0,0,0,0,0,0,0,0,0,0,0,0,0,0,1,2,2,2,2,2,2,3,1,2,2,2,2,2,2,3,0,0,0,0,0,0,0,0,0,0,0,0,0,0,1,2,2,2,2,2,2,3,1,2,2,2,2,2,2,3,0,0,0,0,0,0,0,0,0,0,0,0,0,0
4,1,11,7,4,12,8,6,19,25,8,10,1,6,5,13,1,0,0,0,0,0,0,0,0,0,0,0,0,0,1,2,2,2,2,2,2,2,3,1,2,2,3,1,2,2,3,0,0,0,0,0,0,0,0,0,0,0,0,0,1,2,2,2,3,1,2,2,3,1,2,2,3,1,2,2,3,0,0,0,0,0,0,0,0,0,0,0,0,0
7,15,1,6,41,25,1,2,7,4,19,2,6,1,3,0,0,0,0,0,0,0,0,0,0,0,0,0,0,0,1,2,2,3,1,2,3,4,1,2,3,4,1,2,3,0,0,0,0,0,0,0,0,0,0,0,0,0,0,0,1,2,2,2,2,2,3,4,1,2,3,4,1,2,3,0,0,0,0,0,0,0,0,0,0,0,0,0,0,0
12,1,35,2,15,4,7,11,2,25,8,10,10,2,13,5,9,40,0,0,0,0,0,0,0,0,0,0,0,0,1,2,3,4,1,2,2,3,4,1,2,2,3,4,1,2,2,3,0,0,0,0,0,0,0,0,0,0,0,0,1,2,3,4,1,2,2,3,4,1,2,2,3,4,1,2,2,3,0,0,0,0,0,0,0,0,0,0,0,0
31,8,9,8,15,0,0,0,0,0,0,0,0,0,0,0,0,0,0,0,0,0,0,0,0,0,0,0,0,0,1,2,3,1,3,0,0,0,0,0,0,0,0,0,0,0,0,0,0,0,0,0,0,0,0,0,0,0,0,0,1,2,2,2,3,0,0,0,0,0,0,0,0,0,0,0,0,0,0,0,0,0,0,0,0,0,0,0,0,0
5,9,13,2,31,8,19,31,2,10,5,32,1,10,0,0,0,0,0,0,0,0,0,0,0,0,0,0,0,0,1,2,3,4,1,2,2,3,4,1,2,2,2,3,0,0,0,0,0,0,0,0,0,0,0,0,0,0,0,0,1,2,3,4,1,2,2,3,4,1,2,2,2,3,0,0,0,0,0,0,0,0,0,0,0,0,0,0,0,0
24,16,47,2,22,28,24,42,22,2,43,14,23,16,21,29,27,0,0,0,0,0,0,0,0,0,0,0,0,0,1,2,3,4,1,2,2,2,3,4,1,2,2,2,2,2,3,0,0,0,0,0,0,0,0,0,0,0,0,0,1,2,3,4,1,2,2,2,3,4,1,2,2,2,2,2,3,0,0,0,0,0,0,0,0,0,0,0,0,0
15,5,4,9,1,26,7,11,20,13,1,6,3,14,10,1,13,1,6,3,0,0,0,0,0,0,0,0,0,0,1,2,2,2,3,1,2,2,2,2,2,2,3,1,2,2,2,2,2,3,0,0,0,0,0,0,0,0,0,0,1,2,2,2,3,1,2,2,2,2,2,2,3,1,2,2,2,2,2,3,0,0,0,0,0,0,0,0,0,0
34,34,10,1,38,0,0,0,0,0,0,0,0,0,0,0,0,0,0,0,0,0,0,0,0,0,0,0,0,0,1,3,1,2,3,0,0,0,0,0,0,0,0,0,0,0,0,0,0,0,0,0,0,0,0,0,0,0,0,0,1,2,2,2,3,0,0,0,0,0,0,0,0,0,0,0,0,0,0,0,0,0,0,0,0,0,0,0,0,0
12,4,8,25,3,2,11,7,13,15,0,0,0,0,0,0,0,0,0,0,0,0,0,0,0,0,0,0,0,0,1,2,2,2,3,4,1,2,2,3,0,0,0,0,0,0,0,0,0,0,0,0,0,0,0,0,0,0,0,0,1,2,2,2,3,4,1,2,2,3,0,0,0,0,0,0,0,0,0,0,0,0,0,0,0,0,0,0,0,0
31,12,4,2,4,1,9,15,2,5,10,10,7,11,2,31,8,6,3,0,0,0,0,0,0,0,0,0,0,0,1,2,3,4,1,2,2,3,4,1,2,2,2,3,4,1,2,2,3,0,0,0,0,0,0,0,0,0,0,0,1,2,3,4,1,2,2,3,4,1,2,2,2,3,4,1,2,2,3,0,0,0,0,0,0,0,0,0,0,0
4,1,5,12,9,2,11,7,10,7,4,13,7,12,1,10,0,0,0,0,0,0,0,0,0,0,0,0,0,0,1,2,2,2,3,4,1,2,2,2,3,1,2,2,2,3,0,0,0,0,0,0,0,0,0,0,0,0,0,0,1,2,2,2,3,4,1,2,2,2,2,2,2,2,2,3,0,0,0,0,0,0,0,0,0,0,0,0,0,0
21,9,42,5,6,12,10,1,0,0,0,0,0,0,0,0,0,0,0,0,0,0,0,0,0,0,0,0,0,0,1,3,1,2,2,2,2,3,0,0,0,0,0,0,0,0,0,0,0,0,0,0,0,0,0,0,0,0,0,0,1,3,1,2,2,2,2,3,0,0,0,0,0,0,0,0,0,0,0,0,0,0,0,0,0,0,0,0,0,0
9,31,8,15,2,9,31,15,2,34,0,0,0,0,0,0,0,0,0,0,0,0,0,0,0,0,0,0,0,0,1,2,2,3,4,1,2,3,4,4,0,0,0,0,0,0,0,0,0,0,0,0,0,0,0,0,0,0,0,0,1,2,2,3,4,1,2,3,4,4,0,0,0,0,0,0,0,0,0,0,0,0,0,0,0,0,0,0,0,0
16,30,37,2,39,23,29,36,24,2,54,36,29,17,22,2,17,47,24,14,0,0,0,0,0,0,0,0,0,0,1,2,3,4,1,2,2,2,3,4,1,2,2,2,3,4,1,2,2,3,0,0,0,0,0,0,0,0,0,0,1,2,3,4,1,2,2,2,3,4,1,2,2,2,3,4,1,2,2,3,0,0,0,0,0,0,0,0,0,0
24,28,36,16,2,29,24,2,16,17,22,23,17,2,29,33,33,16,14,17,0,0,0,0,0,0,0,0,0,0,1,2,2,3,4,1,3,4,1,2,2,2,3,4,1,2,2,2,2,3,0,0,0,0,0,0,0,0,0,0,1,2,2,3,4,1,3,4,1,2,2,2,3,4,1,2,2,2,2,3,0,0,0,0,0,0,0,0,0,0
20,6,8,38,2,41,8,10,12,2,13,5,3,11,31,0,0,0,0,0,0,0,0,0,0,0,0,0,0,0,1,2,2,3,4,1,2,2,3,4,1,2,2,2,3,0,0,0,0,0,0,0,0,0,0,0,0,0,0,0,1,2,2,3,4,1,2,2,3,4,1,2,2,2,3,0,0,0,0,0,0,0,0,0,0,0,0,0,0,0
1,38,3,4,5,11,3,18,10,8,1,6,3,14,6,3,4,8,1,9,33,4,7,13,36,4,10,0,0,0,1,2,2,2,2,2,3,1,2,2,2,2,3,1,2,2,2,2,2,3,1,2,2,3,1,2,3,0,0,0,1,2,2,2,2,2,3,1,2,2,2,2,3,1,2,2,2,2,2,3,1,2,2,3,1,2,3,0,0,0
18,7,13,13,7,6,30,5,8,6,23,7,20,3,8,6,1,0,0,0,0,0,0,0,0,0,0,0,0,0,1,2,2,2,2,3,1,2,2,3,1,2,2,2,2,2,3,0,0,0,0,0,0,0,0,0,0,0,0,0,1,2,2,2,2,3,1,2,2,3,1,2,2,2,2,2,3,0,0,0,0,0,0,0,0,0,0,0,0,0
15,4,1,9,1,6,3,5,3,8,7,6,33,5,11,5,12,1,0,0,0,0,0,0,0,0,0,0,0,0,1,2,2,2,2,2,2,2,2,2,2,3,1,2,2,2,2,3,0,0,0,0,0,0,0,0,0,0,0,0,1,2,2,2,2,2,2,2,2,2,2,3,1,2,2,2,2,3,0,0,0,0,0,0,0,0,0,0,0,0
13,9,19,24,4,8,7,4,8,3,34,0,0,0,0,0,0,0,0,0,0,0,0,0,0,0,0,0,0,0,1,2,3,1,2,2,2,2,2,2,3,0,0,0,0,0,0,0,0,0,0,0,0,0,0,0,0,0,0,0,1,2,3,1,2,2,2,2,2,2,3,0,0,0,0,0,0,0,0,0,0,0,0,0,0,0,0,0,0,0
19,1,3,2,24,14,16,29,20,3,15,20,3,14,6,5,32,10,1,12,0,0,0,0,0,0,0,0,0,0,1,2,3,4,1,2,3,1,2,2,2,2,3,1,2,2,2,2,2,3,0,0,0,0,0,0,0,0,0,0,1,2,3,4,1,2,3,1,2,2,2,2,3,1,2,2,2,2,2,3,0,0,0,0,0,0,0,0,0,0
15,5,4,9,1,26,1,25,28,8,6,1,0,0,0,0,0,0,0,0,0,0,0,0,0,0,0,0,0,0,1,2,2,2,3,1,2,3,1,2,2,3,0,0,0,0,0,0,0,0,0,0,0,0,0,0,0,0,0,0,1,2,2,2,3,1,2,3,1,2,2,3,0,0,0,0,0,0,0,0,0,0,0,0,0,0,0,0,0,0
15,6,19,2,9,1,3,2,9,37,21,17,0,0,0,0,0,0,0,0,0,0,0,0,0,0,0,0,0,0,1,2,3,4,1,2,3,4,4,1,2,3,0,0,0,0,0,0,0,0,0,0,0,0,0,0,0,0,0,0,1,2,3,4,1,2,3,4,4,1,2,3,0,0,0,0,0,0,0,0,0,0,0,0,0,0,0,0,0,0
10,5,6,19,17,5,19,5,10,7,19,0,0,0,0,0,0,0,0,0,0,0,0,0,0,0,0,0,0,0,1,2,2,3,1,2,2,2,2,2,3,0,0,0,0,0,0,0,0,0,0,0,0,0,0,0,0,0,0,0,1,2,2,3,1,2,2,2,2,2,3,0,0,0,0,0,0,0,0,0,0,0,0,0,0,0,0,0,0,0
43,18,33,20,10,10,27,5,13,1,24,4,7,15,0,0,0,0,0,0,0,0,0,0,0,0,0,0,0,0,1,3,1,2,2,3,1,2,2,3,1,2,2,3,0,0,0,0,0,0,0,0,0,0,0,0,0,0,0,0,1,3,1,2,2,3,1,2,2,3,1,2,2,3,0,0,0,0,0,0,0,0,0,0,0,0,0,0,0,0
25,7,6,3,9,1,3,2,11,10,8,11,40,0,0,0,0,0,0,0,0,0,0,0,0,0,0,0,0,0,1,2,2,3,1,2,3,4,1,2,2,2,3,0,0,0,0,0,0,0,0,0,0,0,0,0,0,0,0,0,1,2,2,2,2,2,3,4,1,2,2,2,3,0,0,0,0,0,0,0,0,0,0,0,0,0,0,0,0,0
40,27,18,2,26,1,9,11,4,8,15,3,8,7,6,0,0,0,0,0,0,0,0,0,0,0,0,0,0,0,4,1,3,4,1,2,2,2,2,2,2,2,2,2,3,0,0,0,0,0,0,0,0,0,0,0,0,0,0,0,4,1,3,4,1,2,2,2,2,2,2,2,2,2,3,0,0,0,0,0,0,0,0,0,0,0,0,0,0,0
4,1,19,2,9,1,3,2,3,5,32,10,1,2,9,8,48,1,0,0,0,0,0,0,0,0,0,0,0,0,1,2,3,4,1,2,3,4,1,2,2,2,3,4,1,2,2,3,0,0,0,0,0,0,0,0,0,0,0,0,1,2,3,4,1,2,3,4,1,2,2,2,3,4,1,2,2,3,0,0,0,0,0,0,0,0,0,0,0,0
20,9,5,19,1,2,19,1,3,12,5,3,5,0,0,0,0,0,0,0,0,0,0,0,0,0,0,0,0,0,1,2,2,2,3,4,1,2,3,1,2,2,3,0,0,0,0,0,0,0,0,0,0,0,0,0,0,0,0,0,1,2,2,2,3,4,1,2,3,1,2,2,3,0,0,0,0,0,0,0,0,0,0,0,0,0,0,0,0,0
46,10,5,18,3,4,0,0,0,0,0,0,0,0,0,0,0,0,0,0,0,0,0,0,0,0,0,0,0,0,1,2,3,1,2,3,0,0,0,0,0,0,0,0,0,0,0,0,0,0,0,0,0,0,0,0,0,0,0,0,1,2,3,1,2,3,0,0,0,0,0,0,0,0,0,0,0,0,0,0,0,0,0,0,0,0,0,0,0,0
39,16,27,2,28,54,42,2,17,23,22,27,16,18,29,27,33,0,0,0,0,0,0,0,0,0,0,0,0,0,1,2,3,4,1,2,3,4,1,2,2,2,2,2,2,2,3,0,0,0,0,0,0,0,0,0,0,0,0,0,1,2,3,4,1,2,3,4,1,2,2,2,2,2,2,2,3,0,0,0,0,0,0,0,0,0,0,0,0,0
29,37,16,37,20,25,25,1,4,0,0,0,0,0,0,0,0,0,0,0,0,0,0,0,0,0,0,0,0,0,1,2,3,1,2,2,2,2,3,0,0,0,0,0,0,0,0,0,0,0,0,0,0,0,0,0,0,0,0,0,1,2,3,1,2,2,2,2,3,0,0,0,0,0,0,0,0,0,0,0,0,0,0,0,0,0,0,0,0,0
11,25,8,4,9,3,25,4,1,1,10,11,15,18,7,6,6,1,11,3,0,0,0,0,0,0,0,0,0,0,4,1,2,2,2,3,1,2,2,3,1,2,3,1,2,2,2,2,2,3,0,0,0,0,0,0,0,0,0,0,1,2,2,2,2,3,1,2,2,2,2,2,3,1,2,2,2,2,2,3,0,0,0,0,0,0,0,0,0,0
19,1,3,21,6,3,1,4,6,5,10,26,17,26,16,20,32,9,1,3,0,0,0,0,0,0,0,0,0,0,1,2,3,1,2,2,2,2,2,2,3,1,2,3,1,2,2,2,2,3,0,0,0,0,0,0,0,0,0,0,1,2,3,1,2,2,2,2,2,2,3,1,2,3,1,2,2,2,2,3,0,0,0,0,0,0,0,0,0,0
17,37,22,18,44,39,27,26,0,0,0,0,0,0,0,0,0,0,0,0,0,0,0,0,0,0,0,0,0,0,4,1,2,2,2,2,2,3,0,0,0,0,0,0,0,0,0,0,0,0,0,0,0,0,0,0,0,0,0,0,1,2,2,2,2,2,2,3,0,0,0,0,0,0,0,0,0,0,0,0,0,0,0,0,0,0,0,0,0,0
16,15,32,7,38,0,0,0,0,0,0,0,0,0,0,0,0,0,0,0,0,0,0,0,0,0,0,0,0,0,1,3,1,2,3,0,0,0,0,0,0,0,0,0,0,0,0,0,0,0,0,0,0,0,0,0,0,0,0,0,1,2,2,2,3,0,0,0,0,0,0,0,0,0,0,0,0,0,0,0,0,0,0,0,0,0,0,0,0,0
33,29,27,17,14,27,18,29,26,21,27,39,2,14,36,18,2,53,24,2,19,1,3,0,0,0,0,0,0,0,1,2,2,3,1,2,2,2,2,2,2,3,4,1,2,3,4,1,3,4,1,2,3,0,0,0,0,0,0,0,1,2,2,2,2,3,1,2,2,2,2,3,4,1,2,3,4,1,3,4,1,2,3,0,0,0,0,0,0,0
19,1,6,2,6,7,6,11,1,2,31,5,9,31,0,0,0,0,0,0,0,0,0,0,0,0,0,0,0,0,1,2,3,4,1,2,2,2,3,4,1,2,2,3,0,0,0,0,0,0,0,0,0,0,0,0,0,0,0,0,1,2,3,4,1,2,2,2,3,4,1,2,2,3,0,0,0,0,0,0,0,0,0,0,0,0,0,0,0,0
24,31,2,18,36,23,16,29,23,2,54,36,14,16,17,21,29,27,2,24,29,21,27,17,0,0,0,0,0,0,1,3,4,1,2,2,2,2,3,4,1,2,2,2,2,2,2,3,4,1,2,2,2,3,0,0,0,0,0,0,1,3,4,1,2,2,2,2,3,4,1,2,2,2,2,2,2,3,4,1,2,2,2,3,0,0,0,0,0,0
19,12,40,2,38,52,52,2,5,3,7,13,2,3,7,2,38,5,3,7,13,0,0,0,0,0,0,0,0,0,1,2,3,4,4,1,3,4,1,2,2,3,4,1,3,4,1,2,2,2,3,0,0,0,0,0,0,0,0,0,1,2,3,4,4,1,3,4,1,2,2,3,4,1,3,4,1,2,2,2,3,0,0,0,0,0,0,0,0,0
41,7,4,40,32,20,25,2,9,31,8,25,3,0,0,0,0,0,0,0,0,0,0,0,0,0,0,0,0,0,1,2,2,3,1,2,3,4,1,2,2,2,3,0,0,0,0,0,0,0,0,0,0,0,0,0,0,0,0,0,1,2,2,3,1,2,3,4,1,2,2,2,3,0,0,0,0,0,0,0,0,0,0,0,0,0,0,0,0,0
6,20,13,2,12,1,5,3,31,9,0,0,0,0,0,0,0,0,0,0,0,0,0,0,0,0,0,0,0,0,1,2,3,4,1,2,2,2,2,3,0,0,0,0,0,0,0,0,0,0,0,0,0,0,0,0,0,0,0,0,1,2,3,4,1,2,2,2,2,3,0,0,0,0,0,0,0,0,0,0,0,0,0,0,0,0,0,0,0,0
1,31,2,15,4,7,3,7,0,0,0,0,0,0,0,0,0,0,0,0,0,0,0,0,0,0,0,0,0,0,1,3,4,1,2,2,2,3,0,0,0,0,0,0,0,0,0,0,0,0,0,0,0,0,0,0,0,0,0,0,1,3,4,1,2,2,2,3,0,0,0,0,0,0,0,0,0,0,0,0,0,0,0,0,0,0,0,0,0,0
46,43,21,26,2,30,14,2,54,36,22,23,17,14,23,24,14,28,23,14,33,21,27,14,58,2,23,26,0,0,1,2,2,3,4,1,3,4,1,2,2,2,2,2,3,1,2,3,1,2,2,2,2,3,4,4,1,3,0,0,1,2,2,3,4,1,3,4,1,2,2,2,2,2,2,2,2,2,2,2,2,2,2,2,3,4,1,3,0,0
31,7,7,40,39,4,5,15,31,8,11,5,10,43,8,1,41,1,4,0,0,0,0,0,0,0,0,0,0,0,1,2,2,3,1,2,2,2,2,2,2,2,3,1,2,2,2,2,3,0,0,0,0,0,0,0,0,0,0,0,1,2,2,3,1,2,2,2,2,2,2,2,3,1,2,2,2,2,3,0,0,0,0,0,0,0,0,0,0,0
19,9,10,2,9,25,2,10,5,13,32,1,4,3,2,45,13,52,0,0,0,0,0,0,0,0,0,0,0,0,1,2,3,4,1,3,4,1,2,2,2,2,2,3,4,1,3,4,0,0,0,0,0,0,0,0,0,0,0,0,1,2,3,4,1,3,4,1,2,2,2,2,2,3,4,1,3,4,0,0,0,0,0,0,0,0,0,0,0,0
10,11,15,24,3,4,2,8,0,0,0,0,0,0,0,0,0,0,0,0,0,0,0,0,0,0,0,0,0,0,1,2,3,1,2,3,4,4,0,0,0,0,0,0,0,0,0,0,0,0,0,0,0,0,0,0,0,0,0,0,1,2,3,1,2,3,4,4,0,0,0,0,0,0,0,0,0,0,0,0,0,0,0,0,0,0,0,0,0,0
13,3,11,13,0,0,0,0,0,0,0,0,0,0,0,0,0,0,0,0,0,0,0,0,0,0,0,0,0,0,1,2,2,3,0,0,0,0,0,0,0,0,0,0,0,0,0,0,0,0,0,0,0,0,0,0,0,0,0,0,1,2,2,3,0,0,0,0,0,0,0,0,0,0,0,0,0,0,0,0,0,0,0,0,0,0,0,0,0,0
11,4,1,5,3,1,18,31,5,4,19,1,28,5,32,1,10,0,0,0,0,0,0,0,0,0,0,0,0,0,1,2,2,2,2,3,1,2,2,2,2,3,1,2,2,2,3,0,0,0,0,0,0,0,0,0,0,0,0,0,1,2,2,2,2,3,1,2,2,2,2,3,1,2,2,2,3,0,0,0,0,0,0,0,0,0,0,0,0,0
8,6,8,3,8,5,10,18,10,1,5,4,22,15,5,4,9,0,0,0,0,0,0,0,0,0,0,0,0,0,1,2,2,2,2,2,3,1,2,2,2,3,1,2,2,2,3,0,0,0,0,0,0,0,0,0,0,0,0,0,1,2,2,2,2,2,3,1,2,2,2,3,1,2,2,2,3,0,0,0,0,0,0,0,0,0,0,0,0,0
41,12,9,0,0,0,0,0,0,0,0,0,0,0,0,0,0,0,0,0,0,0,0,0,0,0,0,0,0,0,1,2,3,0,0,0,0,0,0,0,0,0,0,0,0,0,0,0,0,0,0,0,0,0,0,0,0,0,0,0,1,2,3,0,0,0,0,0,0,0,0,0,0,0,0,0,0,0,0,0,0,0,0,0,0,0,0,0,0,0
26,21,18,17,2,24,29,29,28,2,24,14,23,2,43,22,23,47,21,27,39,0,0,0,0,0,0,0,0,0,1,2,2,3,4,1,2,2,3,4,1,2,3,4,1,2,2,2,2,2,3,0,0,0,0,0,0,0,0,0,1,2,2,3,4,1,2,2,3,4,1,2,3,4,1,2,2,2,2,2,3,0,0,0,0,0,0,0,0,0
39,2,26,22,17,14,2,37,22,26,2,30,29,27,17,42,0,0,0,0,0,0,0,0,0,0,0,0,0,0,4,4,1,2,2,3,4,1,2,3,4,1,2,2,2,3,0,0,0,0,0,0,0,0,0,0,0,0,0,0,4,4,1,2,2,3,4,1,2,3,4,1,2,2,2,3,0,0,0,0,0,0,0,0,0,0,0,0,0,0
26,37,2,23,14,18,29,43,14,23,0,0,0,0,0,0,0,0,0,0,0,0,0,0,0,0,0,0,0,0,1,3,4,1,2,2,2,2,2,3,0,0,0,0,0,0,0,0,0,0,0,0,0,0,0,0,0,0,0,0,1,3,4,1,2,2,2,2,2,3,0,0,0,0,0,0,0,0,0,0,0,0,0,0,0,0,0,0,0,0
11,7,13,2,9,20,6,2,9,3,5,4,2,8,52,58,6,2,44,24,5,4,9,1,17,7,40,1,6,9,1,2,3,4,1,2,3,4,1,2,2,3,4,4,1,3,4,4,4,1,2,2,2,3,1,2,2,2,2,3,1,2,3,4,1,2,3,4,1,2,2,3,4,4,1,2,3,4,4,1,2,2,2,3,1,2,2,2,2,3
25,11,2,15,4,8,35,5,3,1,18,7,6,3,1,38,3,0,0,0,0,0,0,0,0,0,0,0,0,0,1,3,4,1,2,2,2,2,2,3,1,2,2,2,2,2,3,0,0,0,0,0,0,0,0,0,0,0,0,0,1,3,4,1,2,2,2,2,2,3,1,2,2,2,2,2,3,0,0,0,0,0,0,0,0,0,0,0,0,0
9,3,7,15,30,32,34,3,1,0,0,0,0,0,0,0,0,0,0,0,0,0,0,0,0,0,0,0,0,0,1,2,2,3,1,2,2,2,3,0,0,0,0,0,0,0,0,0,0,0,0,0,0,0,0,0,0,0,0,0,1,2,2,3,1,2,2,2,3,0,0,0,0,0,0,0,0,0,0,0,0,0,0,0,0,0,0,0,0,0
29,37,53,2,16,55,2,17,29,2,37,28,29,18,44,16,0,0,0,0,0,0,0,0,0,0,0,0,0,0,1,2,3,4,1,3,4,1,3,4,1,2,2,2,2,3,0,0,0,0,0,0,0,0,0,0,0,0,0,0,1,2,3,4,1,3,4,1,3,4,1,2,2,2,2,3,0,0,0,0,0,0,0,0,0,0,0,0,0,0
27,16,2,27,1,41,39,1,6,1,4,8,11,30,7,12,20,10,1,0,0,0,0,0,0,0,0,0,0,0,1,3,4,1,2,3,1,2,2,2,2,2,3,1,2,2,2,2,3,0,0,0,0,0,0,0,0,0,0,0,1,3,4,1,2,3,1,2,2,2,2,2,3,1,2,2,2,2,3,0,0,0,0,0,0,0,0,0,0,0
7,3,31,1,4,2,1,38,15,4,0,0,0,0,0,0,0,0,0,0,0,0,0,0,0,0,0,0,0,0,1,2,2,2,3,4,1,2,2,3,0,0,0,0,0,0,0,0,0,0,0,0,0,0,0,0,0,0,0,0,1,2,2,2,3,4,1,2,2,3,0,0,0,0,0,0,0,0,0,0,0,0,0,0,0,0,0,0,0,0
13,5,34,32,1,2,11,11,59,2,9,1,3,3,1,4,0,0,0,0,0,0,0,0,0,0,0,0,0,0,1,2,2,2,3,4,1,3,4,4,1,2,2,2,2,3,0,0,0,0,0,0,0,0,0,0,0,0,0,0,1,2,2,2,3,4,1,3,4,4,1,2,2,2,2,3,0,0,0,0,0,0,0,0,0,0,0,0,0,0
11,31,15,41,2,4,1,50,2,12,5,3,5,0,0,0,0,0,0,0,0,0,0,0,0,0,0,0,0,0,1,2,2,3,4,1,2,3,4,1,2,2,3,0,0,0,0,0,0,0,0,0,0,0,0,0,0,0,0,0,1,2,2,3,4,1,2,3,4,1,2,2,3,0,0,0,0,0,0,0,0,0,0,0,0,0,0,0,0,0
11,7,6,6,1,11,3,15,5,3,31,0,0,0,0,0,0,0,0,0,0,0,0,0,0,0,0,0,0,0,1,2,2,2,2,2,3,1,2,2,3,0,0,0,0,0,0,0,0,0,0,0,0,0,0,0,0,0,0,0,1,2,2,2,3,1,2,2,2,2,3,0,0,0,0,0,0,0,0,0,0,0,0,0,0,0,0,0,0,0
39,12,40,14,35,1,6,3,16,11,4,7,10,10,0,0,0,0,0,0,0,0,0,0,0,0,0,0,0,0,1,2,3,1,2,2,2,3,1,2,2,2,2,3,0,0,0,0,0,0,0,0,0,0,0,0,0,0,0,0,1,2,3,1,2,2,2,3,1,2,2,2,2,3,0,0,0,0,0,0,0,0,0,0,0,0,0,0,0,0
12,9,11,2,7,4,8,1,6,3,5,3,8,7,6,0,0,0,0,0,0,0,0,0,0,0,0,0,0,0,1,2,3,4,1,2,2,2,2,2,2,2,2,2,3,0,0,0,0,0,0,0,0,0,0,0,0,0,0,0,1,2,3,4,1,2,2,2,2,2,2,2,2,2,3,0,0,0,0,0,0,0,0,0,0,0,0,0,0,0
25,25,1,9,3,15,2,25,8,10,1,2,3,34,15,1,0,0,0,0,0,0,0,0,0,0,0,0,0,0,1,2,2,2,2,3,4,1,2,2,3,4,1,2,2,3,0,0,0,0,0,0,0,0,0,0,0,0,0,0,1,2,2,2,2,3,4,1,2,2,3,4,1,2,2,3,0,0,0,0,0,0,0,0,0,0,0,0,0,0
6,9,17,5,32,10,1,18,1,10,10,23,1,25,10,7,41,16,3,5,3,1,0,0,0,0,0,0,0,0,1,3,1,2,2,2,3,1,2,2,3,1,2,2,2,2,3,1,2,2,2,3,0,0,0,0,0,0,0,0,1,3,1,2,2,2,3,1,2,2,3,1,2,2,2,2,3,1,2,2,2,3,0,0,0,0,0,0,0,0
16,1,3,30,9,19,42,12,4,18,5,11,31,1,16,8,48,1,0,0,0,0,0,0,0,0,0,0,0,0,1,2,3,1,2,3,1,2,3,1,2,2,2,3,1,2,2,3,0,0,0,0,0,0,0,0,0,0,0,0,1,2,3,1,2,3,1,2,3,1,2,2,2,3,1,2,2,3,0,0,0,0,0,0,0,0,0,0,0,0
9,6,12,2,15,11,13,2,9,11,7,15,1,2,10,1,35,1,10,0,0,0,0,0,0,0,0,0,0,0,1,2,3,4,1,2,3,4,1,2,2,2,3,4,1,2,2,2,3,0,0,0,0,0,0,0,0,0,0,0,1,2,3,4,1,2,3,4,1,2,2,2,3,4,1,2,2,2,3,0,0,0,0,0,0,0,0,0,0,0
9,1,3,22,25,25,8,11,31,5,19,1,16,8,12,1,0,0,0,0,0,0,0,0,0,0,0,0,0,0,1,2,3,1,2,2,2,2,2,2,2,3,1,2,2,3,0,0,0,0,0,0,0,0,0,0,0,0,0,0,1,2,3,1,2,2,2,2,2,2,2,3,1,2,2,3,0,0,0,0,0,0,0,0,0,0,0,0,0,0
15,4,7,11,2,3,5,32,10,1,0,0,0,0,0,0,0,0,0,0,0,0,0,0,0,0,0,0,0,0,1,2,2,3,4,1,2,2,2,3,0,0,0,0,0,0,0,0,0,0,0,0,0,0,0,0,0,0,0,0,1,2,2,3,4,1,2,2,2,3,0,0,0,0,0,0,0,0,0,0,0,0,0,0,0,0,0,0,0,0
30,22,46,2,21,27,33,29,2,43,22,28,36,14,0,0,0,0,0,0,0,0,0,0,0,0,0,0,0,0,1,2,3,4,1,2,2,3,4,1,2,2,2,3,0,0,0,0,0,0,0,0,0,0,0,0,0,0,0,0,1,2,3,4,1,2,2,3,4,1,2,2,2,3,0,0,0,0,0,0,0,0,0,0,0,0,0,0,0,0
30,22,28,22,47,0,0,0,0,0,0,0,0,0,0,0,0,0,0,0,0,0,0,0,0,0,0,0,0,0,1,2,2,2,3,0,0,0,0,0,0,0,0,0,0,0,0,0,0,0,0,0,0,0,0,0,0,0,0,0,1,2,2,2,3,0,0,0,0,0,0,0,0,0,0,0,0,0,0,0,0,0,0,0,0,0,0,0,0,0
9,4,11,24,8,38,0,0,0,0,0,0,0,0,0,0,0,0,0,0,0,0,0,0,0,0,0,0,0,0,1,2,3,1,2,3,0,0,0,0,0,0,0,0,0,0,0,0,0,0,0,0,0,0,0,0,0,0,0,0,1,2,3,1,2,3,0,0,0,0,0,0,0,0,0,0,0,0,0,0,0,0,0,0,0,0,0,0,0,0
4,1,5,12,2,50,20,1,4,34,2,32,20,25,0,0,0,0,0,0,0,0,0,0,0,0,0,0,0,0,1,2,2,3,4,1,2,2,2,3,4,1,2,3,0,0,0,0,0,0,0,0,0,0,0,0,0,0,0,0,1,2,2,3,4,1,2,2,2,3,4,1,2,3,0,0,0,0,0,0,0,0,0,0,0,0,0,0,0,0
13,15,1,19,56,2,5,5,2,11,9,0,0,0,0,0,0,0,0,0,0,0,0,0,0,0,0,0,0,0,1,2,2,3,4,4,1,3,4,1,3,0,0,0,0,0,0,0,0,0,0,0,0,0,0,0,0,0,0,0,1,2,2,3,4,4,1,3,4,1,3,0,0,0,0,0,0,0,0,0,0,0,0,0,0,0,0,0,0,0
31,5,13,2,5,12,12,2,12,20,15,0,0,0,0,0,0,0,0,0,0,0,0,0,0,0,0,0,0,0,1,2,3,4,1,2,3,4,1,2,3,0,0,0,0,0,0,0,0,0,0,0,0,0,0,0,0,0,0,0,1,2,3,4,1,2,3,4,1,2,3,0,0,0,0,0,0,0,0,0,0,0,0,0,0,0,0,0,0,0
1,38,5,11,3,2,9,7,9,2,11,7,20,6,3,0,0,0,0,0,0,0,0,0,0,0,0,0,0,0,1,2,2,2,3,4,1,2,3,4,1,2,2,2,3,0,0,0,0,0,0,0,0,0,0,0,0,0,0,0,1,2,2,2,3,4,1,2,3,4,1,2,2,2,3,0,0,0,0,0,0,0,0,0,0,0,0,0,0,0
12,8,4,51,2,1,4,4,6,7,0,0,0,0,0,0,0,0,0,0,0,0,0,0,0,0,0,0,0,0,1,2,3,4,4,1,2,2,2,3,0,0,0,0,0,0,0,0,0,0,0,0,0,0,0,0,0,0,0,0,1,2,3,4,4,1,2,2,2,3,0,0,0,0,0,0,0,0,0,0,0,0,0,0,0,0,0,0,0,0
21,26,18,2,14,26,21,17,2,54,36,22,44,14,51,0,0,0,0,0,0,0,0,0,0,0,0,0,0,0,1,2,3,4,1,2,2,3,4,1,2,2,2,3,4,0,0,0,0,0,0,0,0,0,0,0,0,0,0,0,1,2,3,4,1,2,2,3,4,1,2,2,2,3,4,0,0,0,0,0,0,0,0,0,0,0,0,0,0,0
18,27,20,13,24,5,12,2,33,36,27,18,2,18,28,23,0,0,0,0,0,0,0,0,0,0,0,0,0,0,4,1,2,3,1,2,3,4,1,2,2,3,4,1,2,3,0,0,0,0,0,0,0,0,0,0,0,0,0,0,1,2,2,3,1,2,3,4,1,2,2,3,4,1,2,3,0,0,0,0,0,0,0,0,0,0,0,0,0,0
21,13,5,19,1,17,7,24,26,33,0,0,0,0,0,0,0,0,0,0,0,0,0,0,0,0,0,0,0,0,1,2,2,2,3,1,3,1,2,3,0,0,0,0,0,0,0,0,0,0,0,0,0,0,0,0,0,0,0,0,1,2,2,2,3,1,3,1,2,3,0,0,0,0,0,0,0,0,0,0,0,0,0,0,0,0,0,0,0,0
19,2,6,7,12,1,2,6,1,41,0,0,0,0,0,0,0,0,0,0,0,0,0,0,0,0,0,0,0,0,4,4,1,2,2,3,4,1,2,3,0,0,0,0,0,0,0,0,0,0,0,0,0,0,0,0,0,0,0,0,4,4,1,2,2,3,4,1,2,3,0,0,0,0,0,0,0,0,0,0,0,0,0,0,0,0,0,0,0,0
18,33,4,8,1,6,12,28,8,9,3,18,3,4,10,0,0,0,0,0,0,0,0,0,0,0,0,0,0,0,4,1,2,2,2,2,3,1,2,2,3,1,2,2,3,0,0,0,0,0,0,0,0,0,0,0,0,0,0,0,4,1,2,2,2,2,3,1,2,2,3,1,2,2,3,0,0,0,0,0,0,0,0,0,0,0,0,0,0,0
30,22,18,2,16,17,22,23,17,36,24,0,0,0,0,0,0,0,0,0,0,0,0,0,0,0,0,0,0,0,1,2,3,4,1,2,2,2,2,2,3,0,0,0,0,0,0,0,0,0,0,0,0,0,0,0,0,0,0,0,1,2,3,4,1,2,2,2,2,2,3,0,0,0,0,0,0,0,0,0,0,0,0,0,0,0,0,0,0,0
36,16,14,2,33,23,14,14,17,47,29,14,0,0,0,0,0,0,0,0,0,0,0,0,0,0,0,0,0,0,1,2,3,4,1,2,2,3,1,2,2,3,0,0,0,0,0,0,0,0,0,0,0,0,0,0,0,0,0,0,1,2,3,4,1,2,2,2,2,3,1,3,0,0,0,0,0,0,0,0,0,0,0,0,0,0,0,0,0,0
7,4,19,2,1,11,10,8,15,9,1,2,49,12,3,2,11,7,4,1,2,21,24,5,4,1,6,3,0,0,1,2,3,4,1,2,2,2,2,2,3,4,1,2,3,4,1,2,2,3,4,1,2,2,2,2,2,3,0,0,1,2,3,4,1,2,2,2,2,2,3,4,1,2,3,4,1,2,2,3,4,4,1,2,2,2,2,3,0,0
10,1,8,3,11,31,12,1,35,0,0,0,0,0,0,0,0,0,0,0,0,0,0,0,0,0,0,0,0,0,1,2,2,2,2,3,1,2,3,0,0,0,0,0,0,0,0,0,0,0,0,0,0,0,0,0,0,0,0,0,1,2,2,3,1,3,1,2,3,0,0,0,0,0,0,0,0,0,0,0,0,0,0,0,0,0,0,0,0,0
12,1,25,5,4,11,5,6,19,15,6,3,0,0,0,0,0,0,0,0,0,0,0,0,0,0,0,0,0,0,1,2,3,1,2,3,1,2,3,1,2,3,0,0,0,0,0,0,0,0,0,0,0,0,0,0,0,0,0,0,1,2,2,2,3,1,2,2,3,1,2,3,0,0,0,0,0,0,0,0,0,0,0,0,0,0,0,0,0,0
28,28,2,26,14,37,36,39,0,0,0,0,0,0,0,0,0,0,0,0,0,0,0,0,0,0,0,0,0,0,1,3,4,1,2,2,2,3,0,0,0,0,0,0,0,0,0,0,0,0,0,0,0,0,0,0,0,0,0,0,1,3,4,1,2,2,2,3,0,0,0,0,0,0,0,0,0,0,0,0,0,0,0,0,0,0,0,0,0,0
7,20,3,11,20,4,0,0,0,0,0,0,0,0,0,0,0,0,0,0,0,0,0,0,0,0,0,0,0,0,1,2,3,1,2,3,0,0,0,0,0,0,0,0,0,0,0,0,0,0,0,0,0,0,0,0,0,0,0,0,1,2,3,1,2,3,0,0,0,0,0,0,0,0,0,0,0,0,0,0,0,0,0,0,0,0,0,0,0,0
16,16,28,2,9,1,3,2,5,11,11,1,15,3,2,9,3,5,3,1,0,0,0,0,0,0,0,0,0,0,1,2,3,4,1,2,3,4,1,2,2,2,2,3,4,1,2,2,2,3,0,0,0,0,0,0,0,0,0,0,1,2,3,4,1,2,3,4,1,2,2,2,2,3,4,1,2,2,2,3,0,0,0,0,0,0,0,0,0,0
16,43,2,22,4,1,5,14,6,3,8,3,8,1,9,2,4,0,0,0,0,0,0,0,0,0,0,0,0,0,1,3,4,1,2,2,3,1,2,2,2,2,2,2,3,4,4,0,0,0,0,0,0,0,0,0,0,0,0,0,1,3,4,1,2,2,3,1,2,2,2,2,2,2,3,4,4,0,0,0,0,0,0,0,0,0,0,0,0,0
15,6,10,14,9,14,11,10,2,32,3,6,29,20,3,26,8,4,2,9,1,3,14,6,5,32,10,1,12,0,1,2,3,1,3,1,2,3,4,1,2,3,1,2,3,1,2,3,4,1,2,3,1,2,2,2,2,2,3,0,1,2,3,1,3,1,2,3,4,1,2,3,1,2,3,1,2,3,4,1,2,3,1,2,2,2,2,2,3,0
49,9,17,34,15,1,17,5,19,9,0,0,0,0,0,0,0,0,0,0,0,0,0,0,0,0,0,0,0,0,1,3,1,2,2,3,1,2,2,3,0,0,0,0,0,0,0,0,0,0,0,0,0,0,0,0,0,0,0,0,1,3,1,2,2,3,1,2,2,3,0,0,0,0,0,0,0,0,0,0,0,0,0,0,0,0,0,0,0,0
1,6,11,7,12,1,26,8,35,0,0,0,0,0,0,0,0,0,0,0,0,0,0,0,0,0,0,0,0,0,1,2,2,2,2,3,1,2,3,0,0,0,0,0,0,0,0,0,0,0,0,0,0,0,0,0,0,0,0,0,1,2,2,2,2,3,1,2,3,0,0,0,0,0,0,0,0,0,0,0,0,0,0,0,0,0,0,0,0,0
19,12,40,2,12,4,5,41,2,8,13,5,19,1,0,0,0,0,0,0,0,0,0,0,0,0,0,0,0,0,1,2,3,4,1,2,2,3,4,1,2,2,2,3,0,0,0,0,0,0,0,0,0,0,0,0,0,0,0,0,1,2,3,4,1,2,2,3,4,1,2,2,2,3,0,0,0,0,0,0,0,0,0,0,0,0,0,0,0,0
9,8,6,19,10,1,2,38,13,8,6,0,0,0,0,0,0,0,0,0,0,0,0,0,0,0,0,0,0,0,1,2,2,2,2,3,4,4,1,2,3,0,0,0,0,0,0,0,0,0,0,0,0,0,0,0,0,0,0,0,1,2,2,2,2,3,4,1,2,2,3,0,0,0,0,0,0,0,0,0,0,0,0,0,0,0,0,0,0,0
46,30,28,18,34,11,10,1,24,4,8,6,3,1,4,0,0,0,0,0,0,0,0,0,0,0,0,0,0,0,1,2,3,1,2,2,2,3,1,2,2,2,2,2,3,0,0,0,0,0,0,0,0,0,0,0,0,0,0,0,1,2,3,1,2,2,2,3,1,2,2,2,2,2,3,0,0,0,0,0,0,0,0,0,0,0,0,0,0,0
13,34,3,1,6,0,0,0,0,0,0,0,0,0,0,0,0,0,0,0,0,0,0,0,0,0,0,0,0,0,1,3,1,2,3,0,0,0,0,0,0,0,0,0,0,0,0,0,0,0,0,0,0,0,0,0,0,0,0,0,1,2,2,2,3,0,0,0,0,0,0,0,0,0,0,0,0,0,0,0,0,0,0,0,0,0,0,0,0,0
4,1,13,7,35,1,37,7,3,9,30,1,6,20,21,6,25,7,2,20,15,2,41,8,12,3,31,0,0,0,1,2,2,2,2,3,1,2,2,3,1,2,2,3,1,2,2,3,4,1,3,4,1,2,2,2,3,0,0,0,1,2,2,2,2,3,1,2,2,3,1,2,2,3,1,2,2,3,4,1,3,4,1,2,2,2,3,0,0,0
21,26,18,2,17,14,46,17,45,21,27,2,18,29,24,47,0,0,0,0,0,0,0,0,0,0,0,0,0,0,1,2,3,4,1,2,2,3,1,2,3,4,1,2,2,3,0,0,0,0,0,0,0,0,0,0,0,0,0,0,1,2,3,4,1,2,2,2,2,2,3,4,1,2,2,3,0,0,0,0,0,0,0,0,0,0,0,0,0,0
15,5,4,5,13,2,11,31,1,11,40,2,15,5,9,9,41,7,4,12,0,0,0,0,0,0,0,0,0,0,1,2,2,2,3,4,1,2,2,2,3,4,1,2,2,2,2,2,2,3,0,0,0,0,0,0,0,0,0,0,1,2,2,2,3,4,1,2,2,2,3,4,1,2,2,2,2,2,2,3,0,0,0,0,0,0,0,0,0,0
21,26,21,2,36,27,21,27,16,17,22,28,28,0,0,0,0,0,0,0,0,0,0,0,0,0,0,0,0,0,1,2,3,4,1,2,2,2,2,2,2,2,3,0,0,0,0,0,0,0,0,0,0,0,0,0,0,0,0,0,1,2,3,4,1,2,2,2,2,2,2,2,3,0,0,0,0,0,0,0,0,0,0,0,0,0,0,0,0,0
24,4,1,25,1,3,11,31,42,4,1,25,0,0,0,0,0,0,0,0,0,0,0,0,0,0,0,0,0,0,1,2,2,2,2,2,2,3,1,2,2,3,0,0,0,0,0,0,0,0,0,0,0,0,0,0,0,0,0,0,1,2,2,2,2,2,2,3,1,2,2,3,0,0,0,0,0,0,0,0,0,0,0,0,0,0,0,0,0,0
5,9,1,2,32,20,25,25,1,4,0,0,0,0,0,0,0,0,0,0,0,0,0,0,0,0,0,0,0,0,1,2,3,4,1,2,2,2,2,3,0,0,0,0,0,0,0,0,0,0,0,0,0,0,0,0,0,0,0,0,1,2,3,4,1,2,2,2,2,3,0,0,0,0,0,0,0,0,0,0,0,0,0,0,0,0,0,0,0,0
