9,4,12,24,7,40,0,0,0,0,0,0,0,0,0,0,0,0,0,0,0,0,0,0,0,0,0,0,0,0,1,2,3,1,2,3,0,0,0,0,0,0,0,0,0,0,0,0,0,0,0,0,0,0,0,0,0,0,0,0,1,2,3,1,2,3,0,0,0,0,0,0,0,0,0,0,0,0,0,0,0,0,0,0,0,0,0,0,0,0
18,5,4,3,7,3,7,6,8,10,8,3,4,38,26,35,17,1,11,2,8,28,3,31,0,0,0,0,0,0,1,2,2,2,2,2,2,2,3,1,2,2,2,3,1,2,3,4,1,2,2,2,2,3,0,0,0,0,0,0,1,2,2,2,2,2,2,2,3,1,2,2,2,3,1,2,3,4,1,2,2,2,2,3,0,0,0,0,0,0
36,2,3,44,13,20,9,10,8,5,32,11,2,16,0,0,0,0,0,0,0,0,0,0,0,0,0,0,0,0,1,2,3,1,2,2,3,1,2,2,2,2,2,3,0,0,0,0,0,0,0,0,0,0,0,0,0,0,0,0,1,2,3,1,3,1,3,1,2,2,2,2,2,3,0,0,0,0,0,0,0,0,0,0,0,0,0,0,0,0
19,17,20,8,30,6,1,13,10,26,34,13,20,36,23,10,27,0,0,0,0,0,0,0,0,0,0,0,0,0,1,3,1,2,2,3,4,1,2,2,3,1,2,2,2,2,3,0,0,0,0,0,0,0,0,0,0,0,0,0,1,3,1,2,2,3,4,1,2,2,3,1,2,2,2,2,3,0,0,0,0,0,0,0,0,0,0,0,0,0
28,4,7,16,1,40,5,40,7,9,1,12,7,4,12,25,11,5,4,1,31,21,3,0,0,0,0,0,0,0,1,2,2,3,4,4,1,2,2,3,4,1,2,2,2,2,2,2,3,4,1,2,3,0,0,0,0,0,0,0,1,2,2,3,4,1,2,2,2,3,4,1,2,2,2,2,2,2,3,4,1,2,3,0,0,0,0,0,0,0
12,11,2,5,8,25,18,1,2,11,3,0,0,0,0,0,0,0,0,0,0,0,0,0,0,0,0,0,0,0,1,2,2,2,2,2,3,4,1,2,3,0,0,0,0,0,0,0,0,0,0,0,0,0,0,0,0,0,0,0,1,2,2,2,2,2,3,4,1,2,3,0,0,0,0,0,0,0,0,0,0,0,0,0,0,0,0,0,0,0
8,9,44,4,7,3,2,33,8,7,12,31,5,4,13,2,28,21,2,8,3,34,25,8,0,0,0,0,0,0,1,3,1,2,2,2,3,1,2,2,2,2,2,3,1,2,2,2,2,2,3,1,2,3,0,0,0,0,0,0,1,3,1,2,2,2,3,1,2,2,2,2,2,3,1,2,2,2,2,2,3,1,2,3,0,0,0,0,0,0
24,27,1,15,10,14,33,15,23,27,10,34,17,33,26,14,0,0,0,0,0,0,0,0,0,0,0,0,0,0,1,3,4,1,2,2,2,2,3,1,2,2,2,2,2,3,0,0,0,0,0,0,0,0,0,0,0,0,0,0,1,3,4,1,2,2,2,2,3,1,2,3,1,2,2,3,0,0,0,0,0,0,0,0,0,0,0,0,0,0
12,4,2,5,3,2,48,29,13,17,16,5,18,3,2,4,0,0,0,0,0,0,0,0,0,0,0,0,0,0,1,2,2,2,2,3,1,2,3,1,2,2,2,2,2,3,0,0,0,0,0,0,0,0,0,0,0,0,0,0,1,2,2,2,2,3,1,2,3,1,2,2,2,2,2,3,0,0,0,0,0,0,0,0,0,0,0,0,0,0
21,5,18,18,2,16,33,7,13,3,4,7,8,28,1,5,25,3,6,13,25,4,4,6,25,8,16,0,0,0,1,2,2,2,2,3,1,3,1,2,2,2,2,3,4,1,2,2,3,1,2,2,2,2,2,2,3,0,0,0,1,2,2,2,2,3,1,3,1,2,2,2,2,3,4,1,2,2,3,1,2,2,2,2,2,2,3,0,0,0
6,25,3,35,25,30,1,21,35,25,30,1,34,7,11,11,0,0,0,0,0,0,0,0,0,0,0,0,0,0,1,2,3,1,2,3,4,4,1,2,3,4,1,2,2,3,0,0,0,0,0,0,0,0,0,0,0,0,0,0,1,2,3,1,2,3,4,4,1,2,3,4,1,2,2,3,0,0,0,0,0,0,0,0,0,0,0,0,0,0
33,20,1,26,6,5,16,17,4,2,8,5,9,0,0,0,0,0,0,0,0,0,0,0,0,0,0,0,0,0,1,3,4,1,2,2,3,1,2,2,2,2,3,0,0,0,0,0,0,0,0,0,0,0,0,0,0,0,0,0,1,3,4,1,2,2,3,1,2,2,2,2,3,0,0,0,0,0,0,0,0,0,0,0,0,0,0,0,0,0
27,35,1,43,10,15,35,1,19,39,46,24,22,20,23,14,0,0,0,0,0,0,0,0,0,0,0,0,0,0,1,3,4,1,2,2,3,4,1,2,2,2,2,2,2,3,0,0,0,0,0,0,0,0,0,0,0,0,0,0,1,3,4,1,2,2,3,4,1,2,2,2,2,2,2,3,0,0,0,0,0,0,0,0,0,0,0,0,0,0
3,42,1,9,18,31,2,4,2,0,0,0,0,0,0,0,0,0,0,0,0,0,0,0,0,0,0,0,0,0,1,3,4,1,2,2,2,2,3,0,0,0,0,0,0,0,0,0,0,0,0,0,0,0,0,0,0,0,0,0,1,3,4,1,2,2,2,2,3,0,0,0,0,0,0,0,0,0,0,0,0,0,0,0,0,0,0,0,0,0
42,30,1,12,32,13,7,51,2,0,0,0,0,0,0,0,0,0,0,0,0,0,0,0,0,0,0,0,0,0,1,3,4,1,3,1,2,2,3,0,0,0,0,0,0,0,0,0,0,0,0,0,0,0,0,0,0,0,0,0,1,3,4,1,3,1,2,2,3,0,0,0,0,0,0,0,0,0,0,0,0,0,0,0,0,0,0,0,0,0
16,2,30,5,4,12,5,8,28,18,8,3,0,0,0,0,0,0,0,0,0,0,0,0,0,0,0,0,0,0,1,2,3,1,2,3,1,2,3,1,2,3,0,0,0,0,0,0,0,0,0,0,0,0,0,0,0,0,0,0,1,2,2,2,3,1,2,2,3,1,2,3,0,0,0,0,0,0,0,0,0,0,0,0,0,0,0,0,0,0
11,16,5,18,1,2,4,4,56,9,3,4,7,8,28,0,0,0,0,0,0,0,0,0,0,0,0,0,0,0,1,2,2,3,4,1,2,3,4,1,2,2,2,2,3,0,0,0,0,0,0,0,0,0,0,0,0,0,0,0,1,2,2,3,4,1,2,3,4,1,2,2,2,2,3,0,0,0,0,0,0,0,0,0,0,0,0,0,0,0
48,13,1,45,27,15,19,13,3,4,7,8,28,0,0,0,0,0,0,0,0,0,0,0,0,0,0,0,0,0,1,3,4,1,2,2,3,1,2,2,2,2,3,0,0,0,0,0,0,0,0,0,0,0,0,0,0,0,0,0,1,3,4,1,2,2,3,1,2,2,2,2,3,0,0,0,0,0,0,0,0,0,0,0,0,0,0,0,0,0
9,12,5,8,26,6,12,5,11,4,2,30,0,0,0,0,0,0,0,0,0,0,0,0,0,0,0,0,0,0,1,2,2,3,1,2,2,2,3,1,2,3,0,0,0,0,0,0,0,0,0,0,0,0,0,0,0,0,0,0,1,2,2,3,1,2,2,2,3,1,2,3,0,0,0,0,0,0,0,0,0,0,0,0,0,0,0,0,0,0
18,4,7,21,5,4,38,1,28,7,16,0,0,0,0,0,0,0,0,0,0,0,0,0,0,0,0,0,0,0,1,2,2,2,2,2,3,4,1,2,3,0,0,0,0,0,0,0,0,0,0,0,0,0,0,0,0,0,0,0,1,2,2,2,2,2,3,4,1,2,3,0,0,0,0,0,0,0,0,0,0,0,0,0,0,0,0,0,0,0
8,30,19,6,21,18,15,2,18,0,0,0,0,0,0,0,0,0,0,0,0,0,0,0,0,0,0,0,0,0,1,3,1,2,2,3,1,2,3,0,0,0,0,0,0,0,0,0,0,0,0,0,0,0,0,0,0,0,0,0,1,3,1,2,2,3,1,2,3,0,0,0,0,0,0,0,0,0,0,0,0,0,0,0,0,0,0,0,0,0
23,13,1,23,2,42,36,2,8,2,4,7,12,29,6,16,25,11,2,0,0,0,0,0,0,0,0,0,0,0,1,3,4,1,2,3,1,2,2,2,2,2,3,1,2,2,2,2,3,0,0,0,0,0,0,0,0,0,0,0,1,3,4,1,2,3,1,2,2,2,2,2,3,1,2,2,2,2,3,0,0,0,0,0,0,0,0,0,0,0
25,1,17,1,44,31,7,12,31,20,22,1,25,3,1,7,8,1,6,25,3,1,18,25,3,1,3,1,54,0,4,4,4,4,1,2,2,2,3,1,3,4,1,3,4,1,3,4,1,2,3,4,1,2,3,4,4,4,4,0,4,4,4,4,1,2,2,2,3,1,3,4,1,3,4,1,3,4,1,2,3,4,1,2,3,4,4,4,4,0
9,38,8,12,2,16,0,0,0,0,0,0,0,0,0,0,0,0,0,0,0,0,0,0,0,0,0,0,0,0,1,2,2,2,2,3,0,0,0,0,0,0,0,0,0,0,0,0,0,0,0,0,0,0,0,0,0,0,0,0,1,2,2,2,2,3,0,0,0,0,0,0,0,0,0,0,0,0,0,0,0,0,0,0,0,0,0,0,0,0
8,9,27,22,29,10,37,2,8,3,36,4,6,25,18,0,0,0,0,0,0,0,0,0,0,0,0,0,0,0,1,3,1,2,3,1,2,2,2,3,1,2,2,2,3,0,0,0,0,0,0,0,0,0,0,0,0,0,0,0,1,3,1,2,3,1,2,2,2,3,1,2,2,2,3,0,0,0,0,0,0,0,0,0,0,0,0,0,0,0
48,5,37,5,56,22,32,49,2,12,3,14,38,18,2,19,6,8,37,2,4,3,2,4,0,0,0,0,0,0,1,2,2,3,4,1,2,2,2,2,3,1,2,2,3,1,2,2,2,2,2,2,2,3,0,0,0,0,0,0,1,2,2,3,4,1,2,2,2,2,3,1,2,2,3,1,2,2,2,2,2,2,2,3,0,0,0,0,0,0
25,8,9,2,3,34,7,11,2,23,5,21,2,0,0,0,0,0,0,0,0,0,0,0,0,0,0,0,0,0,1,2,2,2,3,1,2,2,3,1,2,2,3,0,0,0,0,0,0,0,0,0,0,0,0,0,0,0,0,0,1,2,2,2,3,1,2,2,3,1,2,2,3,0,0,0,0,0,0,0,0,0,0,0,0,0,0,0,0,0
3,4,5,18,1,10,17,1,10,8,16,15,2,28,25,11,5,4,0,0,0,0,0,0,0,0,0,0,0,0,1,2,2,3,4,1,3,4,1,2,3,1,2,2,2,2,2,3,0,0,0,0,0,0,0,0,0,0,0,0,1,2,2,3,4,1,3,4,1,2,3,1,2,2,2,2,2,3,0,0,0,0,0,0,0,0,0,0,0,0
35,6,6,11,2,5,8,10,19,27,0,0,0,0,0,0,0,0,0,0,0,0,0,0,0,0,0,0,0,0,1,2,2,2,2,2,3,1,2,3,0,0,0,0,0,0,0,0,0,0,0,0,0,0,0,0,0,0,0,0,1,2,2,2,2,2,3,1,2,3,0,0,0,0,0,0,0,0,0,0,0,0,0,0,0,0,0,0,0,0
32,28,11,7,28,31,3,0,0,0,0,0,0,0,0,0,0,0,0,0,0,0,0,0,0,0,0,0,0,0,1,3,1,2,2,2,3,0,0,0,0,0,0,0,0,0,0,0,0,0,0,0,0,0,0,0,0,0,0,0,1,3,1,2,2,2,3,0,0,0,0,0,0,0,0,0,0,0,0,0,0,0,0,0,0,0,0,0,0,0
37,21,40,1,9,9,18,0,0,0,0,0,0,0,0,0,0,0,0,0,0,0,0,0,0,0,0,0,0,0,1,2,3,4,1,2,3,0,0,0,0,0,0,0,0,0,0,0,0,0,0,0,0,0,0,0,0,0,0,0,1,2,3,4,1,2,3,0,0,0,0,0,0,0,0,0,0,0,0,0,0,0,0,0,0,0,0,0,0,0
9,35,2,28,7,8,26,7,8,2,13,3,4,7,8,28,0,0,0,0,0,0,0,0,0,0,0,0,0,0,4,1,2,2,2,3,1,2,2,3,1,2,2,2,2,3,0,0,0,0,0,0,0,0,0,0,0,0,0,0,4,1,2,2,2,3,1,2,2,3,1,2,2,2,2,3,0,0,0,0,0,0,0,0,0,0,0,0,0,0
39,13,6,25,8,16,9,24,4,2,30,2,4,2,8,12,2,24,5,8,2,11,0,0,0,0,0,0,0,0,1,2,2,2,2,2,3,1,2,2,2,2,2,2,2,2,3,1,2,2,2,3,0,0,0,0,0,0,0,0,1,2,2,2,2,2,3,1,2,2,2,2,2,2,2,2,3,1,2,2,2,3,0,0,0,0,0,0,0,0
21,18,2,28,58,16,2,21,25,40,1,21,6,37,7,2,1,9,7,51,2,0,0,0,0,0,0,0,0,0,1,2,2,3,4,1,2,2,2,3,4,1,2,2,2,3,4,1,2,2,3,0,0,0,0,0,0,0,0,0,1,2,2,3,4,1,2,2,2,3,4,1,2,2,2,3,4,1,2,2,3,0,0,0,0,0,0,0,0,0
21,16,1,42,5,7,3,2,4,1,9,2,21,0,0,0,0,0,0,0,0,0,0,0,0,0,0,0,0,0,1,3,4,1,2,2,2,2,3,4,1,2,3,0,0,0,0,0,0,0,0,0,0,0,0,0,0,0,0,0,1,3,4,1,2,2,2,2,3,4,1,2,3,0,0,0,0,0,0,0,0,0,0,0,0,0,0,0,0,0
19,34,17,4,4,5,38,19,4,2,5,3,2,29,25,3,5,32,11,2,0,0,0,0,0,0,0,0,0,0,1,3,1,2,2,2,3,1,2,2,2,2,3,1,2,2,2,2,2,3,0,0,0,0,0,0,0,0,0,0,1,3,1,2,2,2,3,1,2,2,2,2,3,1,2,2,2,2,2,3,0,0,0,0,0,0,0,0,0,0
33,8,7,8,9,3,5,11,11,19,6,8,16,25,7,3,0,0,0,0,0,0,0,0,0,0,0,0,0,0,1,2,2,2,2,2,2,2,3,1,2,2,2,2,2,3,0,0,0,0,0,0,0,0,0,0,0,0,0,0,1,2,2,2,2,2,2,2,3,1,2,2,2,2,2,3,0,0,0,0,0,0,0,0,0,0,0,0,0,0
42,3,38,18,2,0,0,0,0,0,0,0,0,0,0,0,0,0,0,0,0,0,0,0,0,0,0,0,0,0,1,2,2,2,3,0,0,0,0,0,0,0,0,0,0,0,0,0,0,0,0,0,0,0,0,0,0,0,0,0,1,2,2,2,3,0,0,0,0,0,0,0,0,0,0,0,0,0,0,0,0,0,0,0,0,0,0,0,0,0
4,2,30,39,16,4,0,0,0,0,0,0,0,0,0,0,0,0,0,0,0,0,0,0,0,0,0,0,0,0,1,2,3,1,2,3,0,0,0,0,0,0,0,0,0,0,0,0,0,0,0,0,0,0,0,0,0,0,0,0,1,2,3,1,2,3,0,0,0,0,0,0,0,0,0,0,0,0,0,0,0,0,0,0,0,0,0,0,0,0
48,13,29,13,36,1,35,17,27,1,14,47,24,10,0,0,0,0,0,0,0,0,0,0,0,0,0,0,0,0,1,3,1,2,3,4,1,2,3,4,1,2,2,3,0,0,0,0,0,0,0,0,0,0,0,0,0,0,0,0,1,2,2,2,3,4,1,2,3,4,1,2,2,3,0,0,0,0,0,0,0,0,0,0,0,0,0,0,0,0
16,5,38,22,30,44,2,2,41,22,30,54,9,3,0,0,0,0,0,0,0,0,0,0,0,0,0,0,0,0,1,2,3,1,3,1,2,2,3,1,3,1,2,3,0,0,0,0,0,0,0,0,0,0,0,0,0,0,0,0,1,2,3,1,3,1,2,2,3,1,2,2,2,3,0,0,0,0,0,0,0,0,0,0,0,0,0,0,0,0
12,11,7,2,8,3,1,18,4,6,12,9,1,12,6,18,38,1,30,6,4,0,0,0,0,0,0,0,0,0,1,2,2,2,2,3,4,1,2,2,2,3,4,1,2,2,3,4,1,2,3,0,0,0,0,0,0,0,0,0,1,2,2,2,2,3,4,1,2,2,2,3,4,1,2,2,3,4,1,2,3,0,0,0,0,0,0,0,0,0
44,29,1,13,10,14,34,22,19,33,13,0,0,0,0,0,0,0,0,0,0,0,0,0,0,0,0,0,0,0,1,3,4,1,2,3,1,2,2,2,3,0,0,0,0,0,0,0,0,0,0,0,0,0,0,0,0,0,0,0,1,3,4,1,2,3,1,2,2,2,3,0,0,0,0,0,0,0,0,0,0,0,0,0,0,0,0,0,0,0
36,2,3,14,4,5,8,9,30,2,4,4,7,8,28,13,4,12,19,6,25,8,3,0,0,0,0,0,0,0,1,2,3,1,2,2,2,2,2,2,2,2,2,2,3,1,2,3,1,2,2,2,3,0,0,0,0,0,0,0,1,2,3,1,2,2,2,2,2,2,2,2,2,2,3,1,2,3,1,2,2,2,3,0,0,0,0,0,0,0
50,42,28,11,27,2,11,2,3,2,19,6,8,3,2,40,3,0,0,0,0,0,0,0,0,0,0,0,0,0,1,2,2,3,1,2,2,2,2,3,1,2,2,2,2,2,3,0,0,0,0,0,0,0,0,0,0,0,0,0,1,2,2,3,1,2,2,2,2,3,1,2,2,2,2,2,3,0,0,0,0,0,0,0,0,0,0,0,0,0
19,4,2,5,3,2,20,21,5,18,29,5,8,5,28,2,29,5,7,11,17,12,12,6,25,8,3,33,4,11,1,2,2,2,2,3,1,2,2,3,1,2,2,2,2,3,1,2,2,3,1,2,2,2,2,2,3,1,2,3,1,2,2,2,2,3,1,2,2,3,1,2,2,2,2,3,1,2,2,3,1,2,2,2,2,2,3,1,2,3
25,9,2,4,19,6,8,8,0,0,0,0,0,0,0,0,0,0,0,0,0,0,0,0,0,0,0,0,0,0,1,2,2,3,1,2,2,3,0,0,0,0,0,0,0,0,0,0,0,0,0,0,0,0,0,0,0,0,0,0,1,2,2,3,1,2,2,3,0,0,0,0,0,0,0,0,0,0,0,0,0,0,0,0,0,0,0,0,0,0
29,17,20,1,17,14,46,1,14,47,24,10,1,23,17,29,10,1,26,10,23,0,0,0,0,0,0,0,0,0,1,2,3,4,1,2,3,4,1,2,2,3,4,1,2,2,3,4,1,2,3,0,0,0,0,0,0,0,0,0,1,2,3,4,1,2,3,4,1,2,2,3,4,1,2,2,3,4,1,2,3,0,0,0,0,0,0,0,0,0
13,2,4,37,2,4,19,6,8,30,1,13,10,23,13,10,1,35,22,27,47,1,13,14,10,24,0,0,0,0,1,2,2,2,2,3,1,2,2,3,4,1,2,2,2,3,4,1,2,2,3,4,1,2,2,3,0,0,0,0,1,2,2,2,2,3,1,2,2,3,4,1,2,2,2,3,4,1,2,2,3,4,1,2,2,3,0,0,0,0
25,7,16,1,12,6,18,38,0,0,0,0,0,0,0,0,0,0,0,0,0,0,0,0,0,0,0,0,0,0,1,2,3,4,1,2,2,3,0,0,0,0,0,0,0,0,0,0,0,0,0,0,0,0,0,0,0,0,0,0,1,2,3,4,1,2,2,3,0,0,0,0,0,0,0,0,0,0,0,0,0,0,0,0,0,0,0,0,0,0
14,31,4,6,42,19,22,29,10,4,4,6,4,0,0,0,0,0,0,0,0,0,0,0,0,0,0,0,0,0,1,2,2,2,3,1,2,3,1,2,2,2,3,0,0,0,0,0,0,0,0,0,0,0,0,0,0,0,0,0,1,2,2,2,3,1,2,3,1,2,2,2,3,0,0,0,0,0,0,0,0,0,0,0,0,0,0,0,0,0
18,5,8,28,6,1,12,6,37,2,4,5,28,2,1,8,2,42,0,0,0,0,0,0,0,0,0,0,0,0,1,2,2,2,3,4,1,2,2,2,2,2,2,3,4,1,2,3,0,0,0,0,0,0,0,0,0,0,0,0,1,2,2,2,3,4,1,2,2,2,2,2,2,3,4,1,2,3,0,0,0,0,0,0,0,0,0,0,0,0
45,62,55,61,1,23,17,29,10,1,12,21,18,0,0,0,0,0,0,0,0,0,0,0,0,0,0,0,0,0,4,1,2,3,4,1,2,2,3,4,1,2,3,0,0,0,0,0,0,0,0,0,0,0,0,0,0,0,0,0,1,2,2,3,4,1,2,2,3,4,1,2,3,0,0,0,0,0,0,0,0,0,0,0,0,0,0,0,0,0
24,15,22,24,13,1,34,20,26,10,1,27,10,34,0,0,0,0,0,0,0,0,0,0,0,0,0,0,0,0,1,2,2,2,3,4,1,2,2,3,4,1,2,3,0,0,0,0,0,0,0,0,0,0,0,0,0,0,0,0,1,2,2,2,3,4,1,2,2,3,4,1,2,3,0,0,0,0,0,0,0,0,0,0,0,0,0,0,0,0
6,11,16,24,6,9,22,8,19,25,4,4,2,8,3,26,7,8,2,0,0,0,0,0,0,0,0,0,0,0,1,2,3,1,2,3,1,3,1,2,2,2,2,2,3,1,2,2,3,0,0,0,0,0,0,0,0,0,0,0,1,2,3,1,2,3,1,3,1,2,2,2,2,2,3,1,2,2,3,0,0,0,0,0,0,0,0,0,0,0
12,31,2,12,41,1,31,6,9,3,9,1,2,50,25,7,37,0,0,0,0,0,0,0,0,0,0,0,0,0,1,2,2,2,3,4,1,2,2,2,3,4,1,2,2,2,3,0,0,0,0,0,0,0,0,0,0,0,0,0,1,2,2,2,3,4,1,2,2,2,3,4,1,2,2,2,3,0,0,0,0,0,0,0,0,0,0,0,0,0
28,4,7,16,19,6,21,18,6,8,2,8,3,9,0,0,0,0,0,0,0,0,0,0,0,0,0,0,0,0,1,2,2,3,1,2,2,2,2,2,2,2,2,3,0,0,0,0,0,0,0,0,0,0,0,0,0,0,0,0,1,2,2,3,1,2,2,2,2,2,2,2,2,3,0,0,0,0,0,0,0,0,0,0,0,0,0,0,0,0
35,29,24,10,8,12,6,16,2,26,7,8,2,0,0,0,0,0,0,0,0,0,0,0,0,0,0,0,0,0,1,2,3,1,2,2,2,2,3,1,2,2,3,0,0,0,0,0,0,0,0,0,0,0,0,0,0,0,0,0,1,2,3,1,2,2,2,2,3,1,2,2,3,0,0,0,0,0,0,0,0,0,0,0,0,0,0,0,0,0
48,13,1,36,2,3,34,4,5,21,2,17,8,8,6,3,5,3,7,6,8,0,0,0,0,0,0,0,0,0,1,3,4,1,2,3,1,2,2,2,3,1,2,2,2,2,2,2,2,2,3,0,0,0,0,0,0,0,0,0,1,3,4,1,2,3,1,2,2,2,3,1,2,2,2,2,2,2,2,2,3,0,0,0,0,0,0,0,0,0
20,27,19,1,13,24,20,23,1,43,13,19,17,26,10,0,0,0,0,0,0,0,0,0,0,0,0,0,0,0,1,2,3,4,1,2,2,3,4,4,1,2,2,2,3,0,0,0,0,0,0,0,0,0,0,0,0,0,0,0,1,2,3,4,1,2,2,3,4,1,2,2,2,2,3,0,0,0,0,0,0,0,0,0,0,0,0,0,0,0
27,25,21,21,38,26,7,9,3,33,20,0,0,0,0,0,0,0,0,0,0,0,0,0,0,0,0,0,0,0,1,2,2,2,3,1,2,2,3,1,3,0,0,0,0,0,0,0,0,0,0,0,0,0,0,0,0,0,0,0,1,2,2,2,3,1,2,2,3,1,3,0,0,0,0,0,0,0,0,0,0,0,0,0,0,0,0,0,0,0
6,25,3,18,25,3,22,4,28,9,0,0,0,0,0,0,0,0,0,0,0,0,0,0,0,0,0,0,0,0,1,2,2,2,2,3,1,2,2,3,0,0,0,0,0,0,0,0,0,0,0,0,0,0,0,0,0,0,0,0,1,2,3,1,2,3,1,2,2,3,0,0,0,0,0,0,0,0,0,0,0,0,0,0,0,0,0,0,0,0
39,44,29,1,36,15,22,33,24,0,0,0,0,0,0,0,0,0,0,0,0,0,0,0,0,0,0,0,0,0,1,2,3,4,1,2,2,2,3,0,0,0,0,0,0,0,0,0,0,0,0,0,0,0,0,0,0,0,0,0,1,2,3,4,1,2,2,2,3,0,0,0,0,0,0,0,0,0,0,0,0,0,0,0,0,0,0,0,0,0
3,5,32,13,25,18,2,4,24,4,6,30,7,11,2,9,0,0,0,0,0,0,0,0,0,0,0,0,0,0,1,2,3,1,2,2,2,3,1,2,2,2,2,2,2,3,0,0,0,0,0,0,0,0,0,0,0,0,0,0,1,2,3,1,2,2,2,3,1,2,2,2,2,2,2,3,0,0,0,0,0,0,0,0,0,0,0,0,0,0
49,18,2,28,1,12,6,8,9,25,21,2,1,7,8,18,25,3,0,0,0,0,0,0,0,0,0,0,0,0,1,2,2,3,4,1,2,2,2,2,2,3,4,1,2,2,2,3,0,0,0,0,0,0,0,0,0,0,0,0,1,2,2,3,4,1,2,2,2,2,2,3,4,1,2,2,2,3,0,0,0,0,0,0,0,0,0,0,0,0
2,50,1,30,25,8,12,0,0,0,0,0,0,0,0,0,0,0,0,0,0,0,0,0,0,0,0,0,0,0,1,3,4,1,2,2,3,0,0,0,0,0,0,0,0,0,0,0,0,0,0,0,0,0,0,0,0,0,0,0,1,3,4,1,2,2,3,0,0,0,0,0,0,0,0,0,0,0,0,0,0,0,0,0,0,0,0,0,0,0
8,9,6,12,41,9,0,0,0,0,0,0,0,0,0,0,0,0,0,0,0,0,0,0,0,0,0,0,0,0,4,1,2,2,2,3,0,0,0,0,0,0,0,0,0,0,0,0,0,0,0,0,0,0,0,0,0,0,0,0,3,1,2,2,2,3,0,0,0,0,0,0,0,0,0,0,0,0,0,0,0,0,0,0,0,0,0,0,0,0
13,2,3,29,5,40,33,18,11,6,5,16,0,0,0,0,0,0,0,0,0,0,0,0,0,0,0,0,0,0,1,2,3,1,2,3,1,2,2,2,2,3,0,0,0,0,0,0,0,0,0,0,0,0,0,0,0,0,0,0,1,2,3,1,2,3,1,2,2,2,2,3,0,0,0,0,0,0,0,0,0,0,0,0,0,0,0,0,0,0
21,6,16,1,21,6,16,1,6,18,0,0,0,0,0,0,0,0,0,0,0,0,0,0,0,0,0,0,0,0,1,2,3,4,1,2,3,4,1,3,0,0,0,0,0,0,0,0,0,0,0,0,0,0,0,0,0,0,0,0,1,2,3,4,1,2,3,4,1,3,0,0,0,0,0,0,0,0,0,0,0,0,0,0,0,0,0,0,0,0
18,16,30,1,32,2,28,7,8,1,5,9,7,16,2,0,0,0,0,0,0,0,0,0,0,0,0,0,0,0,1,2,3,4,1,2,2,2,3,4,1,2,2,2,3,0,0,0,0,0,0,0,0,0,0,0,0,0,0,0,1,2,3,4,1,2,2,2,3,4,1,2,2,2,3,0,0,0,0,0,0,0,0,0,0,0,0,0,0,0
12,9,2,4,37,2,4,0,0,0,0,0,0,0,0,0,0,0,0,0,0,0,0,0,0,0,0,0,0,0,4,1,2,2,2,2,3,0,0,0,0,0,0,0,0,0,0,0,0,0,0,0,0,0,0,0,0,0,0,0,4,1,2,2,2,2,3,0,0,0,0,0,0,0,0,0,0,0,0,0,0,0,0,0,0,0,0,0,0,0
8,2,42,13,3,4,2,5,21,34,7,11,3,2,4,17,12,3,7,6,8,0,0,0,0,0,0,0,0,0,1,2,3,1,2,2,2,2,3,1,2,2,2,2,3,1,2,2,2,2,3,0,0,0,0,0,0,0,0,0,1,2,3,1,2,2,2,2,3,1,2,2,2,2,3,1,2,2,2,2,3,0,0,0,0,0,0,0,0,0
7,3,2,21,26,5,9,3,0,0,0,0,0,0,0,0,0,0,0,0,0,0,0,0,0,0,0,0,0,0,1,2,2,3,1,2,2,3,0,0,0,0,0,0,0,0,0,0,0,0,0,0,0,0,0,0,0,0,0,0,1,2,2,3,1,2,2,3,0,0,0,0,0,0,0,0,0,0,0,0,0,0,0,0,0,0,0,0,0,0
6,25,3,20,30,5,12,2,34,25,8,12,20,21,18,11,0,0,0,0,0,0,0,0,0,0,0,0,0,0,1,2,3,1,2,2,2,3,1,2,2,3,1,2,2,3,0,0,0,0,0,0,0,0,0,0,0,0,0,0,1,2,3,1,2,2,2,3,1,2,2,3,1,2,2,3,0,0,0,0,0,0,0,0,0,0,0,0,0,0
46,10,15,23,1,24,17,20,15,1,46,24,47,0,0,0,0,0,0,0,0,0,0,0,0,0,0,0,0,0,1,2,2,3,4,1,2,2,3,4,1,2,3,0,0,0,0,0,0,0,0,0,0,0,0,0,0,0,0,0,1,2,2,3,4,1,2,2,3,4,1,2,3,0,0,0,0,0,0,0,0,0,0,0,0,0,0,0,0,0
13,10,19,46,10,47,46,2,38,27,35,39,5,8,16,11,2,0,0,0,0,0,0,0,0,0,0,0,0,0,1,2,2,2,2,3,1,2,3,1,3,1,2,2,2,2,3,0,0,0,0,0,0,0,0,0,0,0,0,0,1,2,2,2,2,3,1,2,3,1,3,1,2,2,2,2,3,0,0,0,0,0,0,0,0,0,0,0,0,0
23,13,1,34,15,17,29,10,1,14,15,17,19,10,1,15,10,34,26,22,44,1,22,33,14,0,0,0,0,0,1,3,4,1,2,2,2,3,4,1,2,2,2,3,4,1,2,2,2,2,3,4,1,2,3,0,0,0,0,0,1,3,4,1,2,2,2,3,4,1,2,2,2,3,4,1,2,2,2,2,3,4,1,2,3,0,0,0,0,0
8,6,16,2,9,3,5,3,2,33,8,7,3,9,1,5,16,16,10,11,2,21,2,8,3,0,0,0,0,0,1,2,2,3,1,2,2,2,3,1,2,2,2,3,4,1,2,3,1,2,2,2,2,2,3,0,0,0,0,0,1,2,2,2,2,2,2,2,3,1,2,2,2,3,4,1,2,3,1,2,2,2,2,2,3,0,0,0,0,0
3,6,3,5,11,1,32,38,3,2,9,1,4,12,37,16,0,0,0,0,0,0,0,0,0,0,0,0,0,0,1,2,2,2,3,4,1,2,2,2,3,4,1,2,2,3,0,0,0,0,0,0,0,0,0,0,0,0,0,0,1,2,2,2,3,4,1,2,2,2,3,4,1,2,2,3,0,0,0,0,0,0,0,0,0,0,0,0,0,0
17,43,20,1,10,15,15,1,22,24,10,23,0,0,0,0,0,0,0,0,0,0,0,0,0,0,0,0,0,0,1,2,3,4,1,2,3,4,1,2,2,3,0,0,0,0,0,0,0,0,0,0,0,0,0,0,0,0,0,0,1,2,3,4,1,2,3,4,1,2,2,3,0,0,0,0,0,0,0,0,0,0,0,0,0,0,0,0,0,0
32,5,9,2,1,9,6,25,4,12,2,1,30,7,11,2,8,5,21,2,9,0,0,0,0,0,0,0,0,0,1,2,2,3,4,1,2,2,2,2,3,4,1,2,2,2,2,2,2,2,3,0,0,0,0,0,0,0,0,0,1,2,2,3,4,1,2,2,2,2,3,4,1,2,2,2,2,2,2,2,3,0,0,0,0,0,0,0,0,0
9,49,28,1,21,5,51,2,0,0,0,0,0,0,0,0,0,0,0,0,0,0,0,0,0,0,0,0,0,0,1,2,3,4,1,2,2,3,0,0,0,0,0,0,0,0,0,0,0,0,0,0,0,0,0,0,0,0,0,0,1,2,3,4,1,2,2,3,0,0,0,0,0,0,0,0,0,0,0,0,0,0,0,0,0,0,0,0,0,0
48,13,1,23,10,44,1,26,22,19,46,0,0,0,0,0,0,0,0,0,0,0,0,0,0,0,0,0,0,0,1,3,4,1,2,3,4,1,2,2,3,0,0,0,0,0,0,0,0,0,0,0,0,0,0,0,0,0,0,0,1,3,4,1,2,3,4,1,2,2,3,0,0,0,0,0,0,0,0,0,0,0,0,0,0,0,0,0,0,0
18,25,3,1,18,7,40,2,11,9,54,60,1,21,11,7,32,0,0,0,0,0,0,0,0,0,0,0,0,0,1,2,3,4,1,2,2,2,2,3,1,3,4,4,1,2,3,0,0,0,0,0,0,0,0,0,0,0,0,0,1,2,3,4,1,2,2,2,2,3,1,3,4,1,2,2,3,0,0,0,0,0,0,0,0,0,0,0,0,0
4,31,9,1,21,13,3,5,4,3,24,5,28,2,23,25,21,0,0,0,0,0,0,0,0,0,0,0,0,0,1,2,3,4,4,1,2,2,2,3,1,2,2,3,1,2,3,0,0,0,0,0,0,0,0,0,0,0,0,0,1,2,3,4,4,1,2,2,2,3,1,2,2,3,1,2,3,0,0,0,0,0,0,0,0,0,0,0,0,0
42,4,5,18,18,2,16,13,3,21,3,1,2,40,2,12,25,3,2,33,18,16,5,3,2,0,0,0,0,0,1,2,2,2,2,2,3,1,2,2,3,4,1,2,2,2,2,2,3,1,2,2,2,2,3,0,0,0,0,0,1,2,2,2,2,2,3,1,2,2,3,4,1,2,2,2,2,2,3,1,2,2,2,2,3,0,0,0,0,0
20,8,7,3,14,31,4,2,5,16,0,0,0,0,0,0,0,0,0,0,0,0,0,0,0,0,0,0,0,0,1,2,2,3,1,2,2,2,2,3,0,0,0,0,0,0,0,0,0,0,0,0,0,0,0,0,0,0,0,0,1,2,2,3,1,2,2,2,2,3,0,0,0,0,0,0,0,0,0,0,0,0,0,0,0,0,0,0,0,0
39,14,14,24,27,1,33,13,10,15,0,0,0,0,0,0,0,0,0,0,0,0,0,0,0,0,0,0,0,0,1,2,2,2,3,4,1,2,2,3,0,0,0,0,0,0,0,0,0,0,0,0,0,0,0,0,0,0,0,0,1,2,2,2,3,4,1,2,2,3,0,0,0,0,0,0,0,0,0,0,0,0,0,0,0,0,0,0,0,0
18,5,4,5,21,9,1,16,2,30,0,0,0,0,0,0,0,0,0,0,0,0,0,0,0,0,0,0,0,0,1,2,2,2,2,3,4,1,2,3,0,0,0,0,0,0,0,0,0,0,0,0,0,0,0,0,0,0,0,0,1,2,2,2,2,3,4,1,2,3,0,0,0,0,0,0,0,0,0,0,0,0,0,0,0,0,0,0,0,0
10,13,14,15,17,23,36,10,26,22,1,13,47,15,20,17,19,0,0,0,0,0,0,0,0,0,0,0,0,0,1,2,2,2,2,2,2,2,2,3,4,1,2,2,2,2,3,0,0,0,0,0,0,0,0,0,0,0,0,0,1,2,2,2,2,2,2,2,2,3,4,1,2,2,2,2,3,0,0,0,0,0,0,0,0,0,0,0,0,0
39,17,43,10,1,10,23,27,20,17,23,1,39,0,0,0,0,0,0,0,0,0,0,0,0,0,0,0,0,0,1,2,2,3,4,1,2,2,2,2,3,4,4,0,0,0,0,0,0,0,0,0,0,0,0,0,0,0,0,0,1,2,2,3,4,1,2,2,2,2,3,4,1,0,0,0,0,0,0,0,0,0,0,0,0,0,0,0,0,0
21,5,41,2,1,12,6,8,9,3,1,5,4,4,5,38,0,0,0,0,0,0,0,0,0,0,0,0,0,0,1,2,2,3,4,1,2,2,2,3,4,1,2,2,2,3,0,0,0,0,0,0,0,0,0,0,0,0,0,0,1,2,2,3,4,1,2,2,2,3,4,1,2,2,2,3,0,0,0,0,0,0,0,0,0,0,0,0,0,0
21,1,9,7,51,2,39,16,4,20,21,28,26,7,9,3,20,12,6,8,1,12,38,0,0,0,0,0,0,0,4,4,1,2,2,3,1,2,3,1,2,3,1,2,2,3,1,2,2,3,4,1,3,0,0,0,0,0,0,0,4,4,1,2,2,3,1,2,3,1,2,3,1,2,2,3,1,2,2,3,4,1,3,0,0,0,0,0,0,0
3,40,3,23,25,21,15,7,28,31,3,0,0,0,0,0,0,0,0,0,0,0,0,0,0,0,0,0,0,0,1,2,3,1,2,3,1,2,2,2,3,0,0,0,0,0,0,0,0,0,0,0,0,0,0,0,0,0,0,0,1,2,3,1,2,3,1,2,2,2,3,0,0,0,0,0,0,0,0,0,0,0,0,0,0,0,0,0,0,0
5,25,16,7,6,1,9,3,4,2,4,4,6,4,0,0,0,0,0,0,0,0,0,0,0,0,0,0,0,0,1,2,2,2,3,4,1,2,3,1,2,2,2,3,0,0,0,0,0,0,0,0,0,0,0,0,0,0,0,0,1,2,2,2,3,4,1,3,1,2,2,2,2,3,0,0,0,0,0,0,0,0,0,0,0,0,0,0,0,0
28,1,4,2,3,25,4,8,1,7,30,1,30,5,7,11,0,0,0,0,0,0,0,0,0,0,0,0,0,0,4,4,1,2,2,2,2,3,4,1,3,4,1,2,2,3,0,0,0,0,0,0,0,0,0,0,0,0,0,0,4,4,1,2,2,2,2,3,4,1,3,4,1,2,2,3,0,0,0,0,0,0,0,0,0,0,0,0,0,0
8,25,21,32,2,4,6,30,2,4,4,6,4,28,4,6,25,18,9,0,0,0,0,0,0,0,0,0,0,0,1,2,2,2,2,3,1,3,1,2,2,2,3,1,2,2,2,2,3,0,0,0,0,0,0,0,0,0,0,0,1,2,2,2,2,2,2,2,2,2,2,2,2,2,2,2,2,2,3,0,0,0,0,0,0,0,0,0,0,0
5,25,3,31,8,6,41,2,38,0,0,0,0,0,0,0,0,0,0,0,0,0,0,0,0,0,0,0,0,0,1,2,2,3,1,3,1,2,3,0,0,0,0,0,0,0,0,0,0,0,0,0,0,0,0,0,0,0,0,0,1,2,2,3,1,2,2,2,3,0,0,0,0,0,0,0,0,0,0,0,0,0,0,0,0,0,0,0,0,0
2,40,3,4,5,11,7,8,2,9,0,0,0,0,0,0,0,0,0,0,0,0,0,0,0,0,0,0,0,0,1,2,2,2,3,1,2,2,2,3,0,0,0,0,0,0,0,0,0,0,0,0,0,0,0,0,0,0,0,0,1,2,2,2,2,2,2,2,2,3,0,0,0,0,0,0,0,0,0,0,0,0,0,0,0,0,0,0,0,0
39,7,9,3,6,28,4,5,21,19,6,8,30,7,28,0,0,0,0,0,0,0,0,0,0,0,0,0,0,0,1,2,2,2,2,2,2,2,3,1,2,2,2,2,3,0,0,0,0,0,0,0,0,0,0,0,0,0,0,0,1,2,2,2,2,2,2,2,3,1,2,2,2,2,3,0,0,0,0,0,0,0,0,0,0,0,0,0,0,0
30,6,4,21,5,3,24,6,9,0,0,0,0,0,0,0,0,0,0,0,0,0,0,0,0,0,0,0,0,0,1,2,2,2,2,3,1,2,3,0,0,0,0,0,0,0,0,0,0,0,0,0,0,0,0,0,0,0,0,0,1,2,2,2,2,3,1,2,3,0,0,0,0,0,0,0,0,0,0,0,0,0,0,0,0,0,0,0,0,0
16,2,12,11,26,5,21,32,16,5,0,0,0,0,0,0,0,0,0,0,0,0,0,0,0,0,0,0,0,0,1,2,2,3,1,2,2,2,2,3,0,0,0,0,0,0,0,0,0,0,0,0,0,0,0,0,0,0,0,0,1,2,2,3,1,2,2,2,2,3,0,0,0,0,0,0,0,0,0,0,0,0,0,0,0,0,0,0,0,0
6,25,3,18,25,3,47,29,7,8,0,0,0,0,0,0,0,0,0,0,0,0,0,0,0,0,0,0,0,0,1,2,2,2,2,3,4,1,2,3,0,0,0,0,0,0,0,0,0,0,0,0,0,0,0,0,0,0,0,0,1,2,2,2,2,3,1,2,2,3,0,0,0,0,0,0,0,0,0,0,0,0,0,0,0,0,0,0,0,0
26,27,17,24,1,33,15,26,1,10,15,15,1,35,17,27,13,19,22,24,10,0,0,0,0,0,0,0,0,0,1,2,2,3,4,1,2,3,4,1,2,3,4,1,2,3,1,2,2,2,3,0,0,0,0,0,0,0,0,0,1,2,2,3,4,1,2,3,4,1,2,3,4,1,2,2,2,2,2,2,3,0,0,0,0,0,0,0,0,0
21,9,28,42,7,8,0,0,0,0,0,0,0,0,0,0,0,0,0,0,0,0,0,0,0,0,0,0,0,0,1,2,3,1,2,3,0,0,0,0,0,0,0,0,0,0,0,0,0,0,0,0,0,0,0,0,0,0,0,0,1,2,3,1,2,3,0,0,0,0,0,0,0,0,0,0,0,0,0,0,0,0,0,0,0,0,0,0,0,0
4,2,12,37,1,21,5,40,1,18,5,4,9,2,16,1,18,5,28,2,1,8,6,0,0,0,0,0,0,0,1,2,2,3,4,1,2,3,4,1,2,2,2,2,3,4,1,2,2,3,4,1,3,0,0,0,0,0,0,0,1,2,2,3,4,1,2,3,4,1,2,2,2,2,3,4,1,2,2,3,4,1,3,0,0,0,0,0,0,0
37,2,4,9,7,6,8,2,8,16,0,0,0,0,0,0,0,0,0,0,0,0,0,0,0,0,0,0,0,0,1,2,2,2,2,2,3,1,2,3,0,0,0,0,0,0,0,0,0,0,0,0,0,0,0,0,0,0,0,0,1,2,2,2,2,2,3,1,2,3,0,0,0,0,0,0,0,0,0,0,0,0,0,0,0,0,0,0,0,0
50,28,11,29,5,18,36,4,7,16,56,30,0,0,0,0,0,0,0,0,0,0,0,0,0,0,0,0,0,0,1,2,3,1,2,3,1,2,2,3,4,4,0,0,0,0,0,0,0,0,0,0,0,0,0,0,0,0,0,0,1,2,3,1,2,3,1,2,2,3,4,4,0,0,0,0,0,0,0,0,0,0,0,0,0,0,0,0,0,0
5,19,6,8,9,3,4,25,12,3,6,4,19,20,27,0,0,0,0,0,0,0,0,0,0,0,0,0,0,0,4,1,2,2,2,2,2,2,2,2,2,3,1,2,3,0,0,0,0,0,0,0,0,0,0,0,0,0,0,0,4,1,2,2,2,2,2,2,2,2,2,3,1,2,3,0,0,0,0,0,0,0,0,0,0,0,0,0,0,0
29,20,23,1,24,15,22,35,17,35,20,26,20,14,47,0,0,0,0,0,0,0,0,0,0,0,0,0,0,0,1,2,3,4,1,2,2,2,2,2,2,2,2,2,3,0,0,0,0,0,0,0,0,0,0,0,0,0,0,0,1,2,3,4,1,2,2,2,2,2,2,2,2,2,3,0,0,0,0,0,0,0,0,0,0,0,0,0,0,0
12,31,4,6,21,5,1,32,11,25,2,1,40,0,0,0,0,0,0,0,0,0,0,0,0,0,0,0,0,0,1,2,2,2,2,3,4,1,2,2,3,4,4,0,0,0,0,0,0,0,0,0,0,0,0,0,0,0,0,0,1,2,2,2,2,3,4,1,2,2,3,4,4,0,0,0,0,0,0,0,0,0,0,0,0,0,0,0,0,0
53,34,33,26,26,1,34,15,17,36,15,10,19,22,15,27,1,10,15,15,22,15,0,0,0,0,0,0,0,0,4,1,2,2,3,4,1,2,2,3,1,2,2,2,2,3,4,1,2,2,2,3,0,0,0,0,0,0,0,0,1,2,2,2,3,4,1,2,2,2,2,2,2,2,2,3,4,1,2,2,2,3,0,0,0,0,0,0,0,0
36,37,18,0,0,0,0,0,0,0,0,0,0,0,0,0,0,0,0,0,0,0,0,0,0,0,0,0,0,0,1,2,3,0,0,0,0,0,0,0,0,0,0,0,0,0,0,0,0,0,0,0,0,0,0,0,0,0,0,0,1,2,3,0,0,0,0,0,0,0,0,0,0,0,0,0,0,0,0,0,0,0,0,0,0,0,0,0,0,0
7,19,19,24,1,14,47,24,10,0,0,0,0,0,0,0,0,0,0,0,0,0,0,0,0,0,0,0,0,0,4,1,2,3,4,1,2,2,3,0,0,0,0,0,0,0,0,0,0,0,0,0,0,0,0,0,0,0,0,0,3,1,2,3,4,1,2,2,3,0,0,0,0,0,0,0,0,0,0,0,0,0,0,0,0,0,0,0,0,0
3,21,18,12,31,5,4,0,0,0,0,0,0,0,0,0,0,0,0,0,0,0,0,0,0,0,0,0,0,0,1,2,3,1,2,2,3,0,0,0,0,0,0,0,0,0,0,0,0,0,0,0,0,0,0,0,0,0,0,0,1,2,3,1,2,2,3,0,0,0,0,0,0,0,0,0,0,0,0,0,0,0,0,0,0,0,0,0,0,0
33,23,20,23,13,14,17,26,26,1,34,17,20,26,10,27,0,0,0,0,0,0,0,0,0,0,0,0,0,0,1,2,2,2,2,2,2,2,3,4,1,2,2,2,2,3,0,0,0,0,0,0,0,0,0,0,0,0,0,0,1,2,2,2,2,2,2,2,3,4,1,2,2,2,2,3,0,0,0,0,0,0,0,0,0,0,0,0,0,0
12,25,4,39,16,4,0,0,0,0,0,0,0,0,0,0,0,0,0,0,0,0,0,0,0,0,0,0,0,0,1,2,3,1,2,3,0,0,0,0,0,0,0,0,0,0,0,0,0,0,0,0,0,0,0,0,0,0,0,0,1,2,3,1,2,3,0,0,0,0,0,0,0,0,0,0,0,0,0,0,0,0,0,0,0,0,0,0,0,0
3,31,7,9,1,6,18,3,7,6,8,5,11,13,25,18,2,4,12,11,5,9,9,14,38,18,2,0,0,0,1,2,2,3,4,1,2,2,2,2,2,2,3,1,2,2,2,2,2,2,2,2,3,1,2,2,3,0,0,0,1,2,2,3,4,1,2,2,2,2,2,2,3,1,2,2,2,2,2,2,2,2,3,1,2,2,3,0,0,0
12,11,7,2,8,3,31,5,8,16,11,2,4,0,0,0,0,0,0,0,0,0,0,0,0,0,0,0,0,0,1,2,2,2,2,3,1,2,2,2,2,2,3,0,0,0,0,0,0,0,0,0,0,0,0,0,0,0,0,0,1,2,2,2,2,3,1,2,2,2,2,2,3,0,0,0,0,0,0,0,0,0,0,0,0,0,0,0,0,0
28,4,2,2,8,15,36,35,0,0,0,0,0,0,0,0,0,0,0,0,0,0,0,0,0,0,0,0,0,0,1,2,2,2,3,1,2,3,0,0,0,0,0,0,0,0,0,0,0,0,0,0,0,0,0,0,0,0,0,0,1,2,2,2,3,1,2,3,0,0,0,0,0,0,0,0,0,0,0,0,0,0,0,0,0,0,0,0,0,0
28,2,3,12,6,11,6,4,0,0,0,0,0,0,0,0,0,0,0,0,0,0,0,0,0,0,0,0,0,0,1,2,3,1,2,2,2,3,0,0,0,0,0,0,0,0,0,0,0,0,0,0,0,0,0,0,0,0,0,0,1,2,3,1,2,2,2,3,0,0,0,0,0,0,0,0,0,0,0,0,0,0,0,0,0,0,0,0,0,0
15,10,36,10,23,33,29,1,19,39,20,26,27,15,10,23,0,0,0,0,0,0,0,0,0,0,0,0,0,0,1,2,3,1,2,2,3,4,1,2,2,2,2,2,2,3,0,0,0,0,0,0,0,0,0,0,0,0,0,0,1,2,2,2,2,2,3,4,1,2,2,2,2,2,2,3,0,0,0,0,0,0,0,0,0,0,0,0,0,0
18,9,30,1,28,2,3,1,30,7,11,2,11,2,8,1,30,16,0,0,0,0,0,0,0,0,0,0,0,0,1,2,3,4,1,2,3,4,1,2,2,3,1,2,3,4,1,3,0,0,0,0,0,0,0,0,0,0,0,0,1,2,3,4,1,2,3,4,1,2,2,2,2,2,3,4,1,3,0,0,0,0,0,0,0,0,0,0,0,0
19,26,20,10,23,14,1,13,13,26,0,0,0,0,0,0,0,0,0,0,0,0,0,0,0,0,0,0,0,0,1,2,2,2,2,3,4,1,2,3,0,0,0,0,0,0,0,0,0,0,0,0,0,0,0,0,0,0,0,0,1,2,2,2,2,3,4,1,2,3,0,0,0,0,0,0,0,0,0,0,0,0,0,0,0,0,0,0,0,0
9,30,13,3,4,7,8,28,1,9,0,0,0,0,0,0,0,0,0,0,0,0,0,0,0,0,0,0,0,0,1,3,1,2,2,2,2,3,4,4,0,0,0,0,0,0,0,0,0,0,0,0,0,0,0,0,0,0,0,0,1,3,1,2,2,2,2,3,4,4,0,0,0,0,0,0,0,0,0,0,0,0,0,0,0,0,0,0,0,0
15,10,36,20,13,14,10,15,10,27,35,47,1,17,27,1,15,2,30,2,4,2,8,12,2,1,20,27,0,0,1,2,2,2,2,2,2,2,2,3,1,3,4,1,3,4,1,2,2,2,2,2,2,2,3,4,1,3,0,0,1,2,2,2,2,2,2,2,2,3,1,3,4,1,3,4,1,2,2,2,2,2,2,2,3,4,1,3,0,0
36,13,23,1,34,13,17,24,24,10,23,27,19,22,23,34,0,0,0,0,0,0,0,0,0,0,0,0,0,0,1,2,3,4,1,3,1,2,2,2,2,3,1,2,2,3,0,0,0,0,0,0,0,0,0,0,0,0,0,0,1,2,3,4,1,3,1,2,2,2,2,3,1,2,2,3,0,0,0,0,0,0,0,0,0,0,0,0,0,0
21,27,2,30,5,25,11,3,23,5,21,2,9,18,5,12,2,20,27,0,0,0,0,0,0,0,0,0,0,0,4,1,2,2,2,2,2,3,1,2,2,2,2,2,2,2,3,1,3,0,0,0,0,0,0,0,0,0,0,0,4,1,2,2,2,2,2,3,1,2,2,2,2,2,2,2,3,1,3,0,0,0,0,0,0,0,0,0,0,0
5,18,7,13,12,5,8,15,2,12,0,0,0,0,0,0,0,0,0,0,0,0,0,0,0,0,0,0,0,0,1,2,3,1,2,2,3,1,2,3,0,0,0,0,0,0,0,0,0,0,0,0,0,0,0,0,0,0,0,0,1,2,3,1,2,2,3,1,2,3,0,0,0,0,0,0,0,0,0,0,0,0,0,0,0,0,0,0,0,0
49,5,37,5,1,12,11,5,9,9,1,6,4,1,7,8,9,3,5,8,12,2,0,0,0,0,0,0,0,0,1,2,2,3,4,1,2,2,2,3,4,1,3,4,1,2,2,2,2,2,2,3,0,0,0,0,0,0,0,0,1,2,2,3,4,1,2,2,2,3,4,1,3,4,1,2,2,2,2,2,2,3,0,0,0,0,0,0,0,0
7,21,28,39,2,7,28,31,3,0,0,0,0,0,0,0,0,0,0,0,0,0,0,0,0,0,0,0,0,0,1,2,3,1,2,2,2,2,3,0,0,0,0,0,0,0,0,0,0,0,0,0,0,0,0,0,0,0,0,0,1,2,3,1,2,2,2,2,3,0,0,0,0,0,0,0,0,0,0,0,0,0,0,0,0,0,0,0,0,0
13,13,26,1,10,15,15,22,15,1,15,45,1,33,23,46,23,22,44,23,1,17,26,10,15,14,0,0,0,0,1,2,3,4,1,2,2,2,3,4,1,3,4,1,2,2,2,2,2,3,4,1,2,2,2,3,0,0,0,0,1,2,3,4,1,2,2,2,3,4,1,3,4,1,2,2,2,2,2,3,4,1,2,2,2,3,0,0,0,0
8,25,21,1,30,7,40,2,16,1,9,7,51,2,9,0,0,0,0,0,0,0,0,0,0,0,0,0,0,0,1,2,3,4,1,2,2,2,3,4,1,2,2,2,3,0,0,0,0,0,0,0,0,0,0,0,0,0,0,0,1,2,3,4,1,2,2,2,3,4,1,2,2,2,3,0,0,0,0,0,0,0,0,0,0,0,0,0,0,0
12,1,11,11,1,12,6,4,8,2,4,0,0,0,0,0,0,0,0,0,0,0,0,0,0,0,0,0,0,0,4,4,1,3,4,1,2,2,2,2,3,0,0,0,0,0,0,0,0,0,0,0,0,0,0,0,0,0,0,0,4,4,1,3,4,1,2,2,2,2,3,0,0,0,0,0,0,0,0,0,0,0,0,0,0,0,0,0,0,0
18,4,2,37,1,18,7,37,6,3,1,40,0,0,0,0,0,0,0,0,0,0,0,0,0,0,0,0,0,0,1,2,2,3,4,1,2,2,2,3,4,4,0,0,0,0,0,0,0,0,0,0,0,0,0,0,0,0,0,0,1,2,2,3,4,1,2,2,2,3,4,4,0,0,0,0,0,0,0,0,0,0,0,0,0,0,0,0,0,0
22,8,22,18,3,7,6,8,27,7,9,5,32,11,2,16,0,0,0,0,0,0,0,0,0,0,0,0,0,0,1,3,1,2,2,2,2,3,1,2,2,2,2,2,2,3,0,0,0,0,0,0,0,0,0,0,0,0,0,0,1,3,1,2,2,2,2,3,1,2,2,2,2,2,2,3,0,0,0,0,0,0,0,0,0,0,0,0,0,0
3,31,2,2,8,16,0,0,0,0,0,0,0,0,0,0,0,0,0,0,0,0,0,0,0,0,0,0,0,0,1,2,3,1,2,3,0,0,0,0,0,0,0,0,0,0,0,0,0,0,0,0,0,0,0,0,0,0,0,0,1,2,2,2,2,3,0,0,0,0,0,0,0,0,0,0,0,0,0,0,0,0,0,0,0,0,0,0,0,0
7,8,7,3,43,3,32,11,0,0,0,0,0,0,0,0,0,0,0,0,0,0,0,0,0,0,0,0,0,0,1,2,2,3,4,1,2,3,0,0,0,0,0,0,0,0,0,0,0,0,0,0,0,0,0,0,0,0,0,0,1,2,2,3,1,2,2,3,0,0,0,0,0,0,0,0,0,0,0,0,0,0,0,0,0,0,0,0,0,0
41,14,2,11,25,28,25,0,0,0,0,0,0,0,0,0,0,0,0,0,0,0,0,0,0,0,0,0,0,0,4,1,2,2,2,2,3,0,0,0,0,0,0,0,0,0,0,0,0,0,0,0,0,0,0,0,0,0,0,0,3,1,2,2,2,2,3,0,0,0,0,0,0,0,0,0,0,0,0,0,0,0,0,0,0,0,0,0,0,0
30,4,6,21,24,4,2,12,25,4,9,6,4,24,4,6,3,2,7,8,0,0,0,0,0,0,0,0,0,0,1,2,2,3,1,2,2,2,2,2,2,2,3,1,2,2,2,2,2,3,0,0,0,0,0,0,0,0,0,0,1,2,2,3,1,2,2,2,2,2,2,2,3,1,2,2,2,2,2,3,0,0,0,0,0,0,0,0,0,0
4,42,1,2,40,12,2,18,3,7,6,8,0,0,0,0,0,0,0,0,0,0,0,0,0,0,0,0,0,0,1,3,4,1,2,2,2,2,2,2,2,3,0,0,0,0,0,0,0,0,0,0,0,0,0,0,0,0,0,0,1,3,4,1,2,2,2,2,2,2,2,3,0,0,0,0,0,0,0,0,0,0,0,0,0,0,0,0,0,0
21,24,5,3,31,1,21,26,2,8,0,0,0,0,0,0,0,0,0,0,0,0,0,0,0,0,0,0,0,0,4,1,2,2,3,4,4,1,2,3,0,0,0,0,0,0,0,0,0,0,0,0,0,0,0,0,0,0,0,0,4,1,2,2,3,4,4,1,2,3,0,0,0,0,0,0,0,0,0,0,0,0,0,0,0,0,0,0,0,0
32,5,12,41,30,7,11,11,1,6,25,3,9,7,16,2,1,11,7,32,2,4,3,38,1,18,6,9,0,0,1,2,2,2,2,2,2,3,4,1,2,2,2,2,2,3,4,1,2,2,2,2,2,3,4,1,2,3,0,0,1,2,2,2,2,2,2,3,4,1,2,2,2,2,2,3,4,1,2,2,2,2,2,3,4,1,2,3,0,0
21,38,24,27,5,38,17,26,0,0,0,0,0,0,0,0,0,0,0,0,0,0,0,0,0,0,0,0,0,0,1,3,1,2,2,3,1,3,0,0,0,0,0,0,0,0,0,0,0,0,0,0,0,0,0,0,0,0,0,0,1,3,1,2,2,3,1,3,0,0,0,0,0,0,0,0,0,0,0,0,0,0,0,0,0,0,0,0,0,0
28,15,6,6,3,17,3,41,22,32,49,2,12,3,0,0,0,0,0,0,0,0,0,0,0,0,0,0,0,0,4,1,2,2,3,1,2,3,1,2,2,2,2,3,0,0,0,0,0,0,0,0,0,0,0,0,0,0,0,0,4,1,2,2,3,1,2,3,1,2,2,2,2,3,0,0,0,0,0,0,0,0,0,0,0,0,0,0,0,0
18,22,16,27,2,9,12,4,24,4,6,18,2,4,3,38,0,0,0,0,0,0,0,0,0,0,0,0,0,0,4,1,3,1,2,2,2,3,1,2,2,2,2,2,2,3,0,0,0,0,0,0,0,0,0,0,0,0,0,0,4,1,3,1,2,2,2,3,1,2,2,2,2,2,2,3,0,0,0,0,0,0,0,0,0,0,0,0,0,0
21,27,22,29,10,37,2,8,3,26,2,37,2,11,0,0,0,0,0,0,0,0,0,0,0,0,0,0,0,0,4,1,2,3,1,2,2,2,3,1,2,2,2,3,0,0,0,0,0,0,0,0,0,0,0,0,0,0,0,0,4,1,2,3,1,2,2,2,3,1,2,2,2,3,0,0,0,0,0,0,0,0,0,0,0,0,0,0,0,0
7,9,43,5,11,7,16,48,27,35,19,14,38,18,2,0,0,0,0,0,0,0,0,0,0,0,0,0,0,0,1,3,1,2,2,2,3,1,2,2,3,1,2,2,3,0,0,0,0,0,0,0,0,0,0,0,0,0,0,0,1,3,1,2,2,2,3,1,2,2,3,1,2,2,3,0,0,0,0,0,0,0,0,0,0,0,0,0,0,0
21,1,18,41,56,11,2,8,0,0,0,0,0,0,0,0,0,0,0,0,0,0,0,0,0,0,0,0,0,0,4,4,1,3,4,1,2,3,0,0,0,0,0,0,0,0,0,0,0,0,0,0,0,0,0,0,0,0,0,0,4,4,1,3,1,2,2,3,0,0,0,0,0,0,0,0,0,0,0,0,0,0,0,0,0,0,0,0,0,0
22,8,35,8,19,11,7,12,41,2,16,19,11,6,9,2,12,31,5,3,0,0,0,0,0,0,0,0,0,0,1,3,1,3,1,2,2,2,2,2,3,1,2,2,2,3,1,2,2,3,0,0,0,0,0,0,0,0,0,0,1,3,1,3,1,2,2,2,2,2,3,1,2,2,2,2,2,2,2,3,0,0,0,0,0,0,0,0,0,0
23,13,13,24,25,32,11,7,12,46,2,38,1,34,7,8,16,19,2,4,3,7,30,7,12,5,3,2,9,0,1,2,3,1,2,2,2,2,3,1,2,3,4,1,2,2,3,1,2,2,2,2,2,2,2,2,2,2,3,0,1,2,3,1,2,2,2,2,3,1,2,3,4,1,2,2,3,1,2,2,2,2,2,2,2,2,2,2,3,0
18,5,4,9,2,27,2,30,26,7,8,2,0,0,0,0,0,0,0,0,0,0,0,0,0,0,0,0,0,0,1,2,2,2,3,1,2,3,1,2,2,3,0,0,0,0,0,0,0,0,0,0,0,0,0,0,0,0,0,0,1,2,2,2,3,1,2,3,1,2,2,3,0,0,0,0,0,0,0,0,0,0,0,0,0,0,0,0,0,0
36,16,41,10,37,2,8,3,13,12,4,6,11,11,0,0,0,0,0,0,0,0,0,0,0,0,0,0,0,0,1,2,3,1,2,2,2,3,1,2,2,2,2,3,0,0,0,0,0,0,0,0,0,0,0,0,0,0,0,0,1,2,3,1,2,2,2,3,1,2,2,2,2,3,0,0,0,0,0,0,0,0,0,0,0,0,0,0,0,0
30,6,4,21,5,3,43,34,13,33,4,7,0,0,0,0,0,0,0,0,0,0,0,0,0,0,0,0,0,0,1,2,2,2,2,3,1,2,3,1,2,3,0,0,0,0,0,0,0,0,0,0,0,0,0,0,0,0,0,0,1,2,2,2,2,3,1,2,3,1,2,3,0,0,0,0,0,0,0,0,0,0,0,0,0,0,0,0,0,0
28,8,25,1,32,6,8,6,32,6,1,13,3,6,4,5,28,2,39,2,11,18,2,4,1,42,4,7,3,2,1,2,3,4,1,2,2,2,2,3,4,1,2,2,2,2,2,3,1,2,2,2,2,3,4,1,2,2,2,3,1,2,3,4,1,2,2,2,2,3,4,1,2,2,2,2,2,3,1,2,2,2,2,3,4,1,2,2,2,3
9,2,12,1,16,2,9,12,1,9,7,51,2,0,0,0,0,0,0,0,0,0,0,0,0,0,0,0,0,0,1,2,3,4,1,2,2,3,4,1,2,2,3,0,0,0,0,0,0,0,0,0,0,0,0,0,0,0,0,0,1,2,3,4,1,2,2,3,4,1,2,2,3,0,0,0,0,0,0,0,0,0,0,0,0,0,0,0,0,0
10,19,1,28,4,6,25,18,1,30,18,0,0,0,0,0,0,0,0,0,0,0,0,0,0,0,0,0,0,0,1,3,4,1,2,2,2,3,4,1,3,0,0,0,0,0,0,0,0,0,0,0,0,0,0,0,0,0,0,0,1,3,4,1,2,2,2,3,4,1,3,0,0,0,0,0,0,0,0,0,0,0,0,0,0,0,0,0,0,0
9,30,12,5,16,49,0,0,0,0,0,0,0,0,0,0,0,0,0,0,0,0,0,0,0,0,0,0,0,0,1,2,3,1,2,3,0,0,0,0,0,0,0,0,0,0,0,0,0,0,0,0,0,0,0,0,0,0,0,0,1,2,3,1,2,3,0,0,0,0,0,0,0,0,0,0,0,0,0,0,0,0,0,0,0,0,0,0,0,0
22,8,23,24,24,33,15,26,23,6,3,7,30,38,0,0,0,0,0,0,0,0,0,0,0,0,0,0,0,0,1,3,1,2,3,1,2,3,1,2,2,2,2,3,0,0,0,0,0,0,0,0,0,0,0,0,0,0,0,0,1,3,1,2,2,2,2,3,1,2,2,2,2,3,0,0,0,0,0,0,0,0,0,0,0,0,0,0,0,0
12,21,16,1,6,18,1,30,7,11,11,1,4,2,12,3,1,9,31,6,4,3,0,0,0,0,0,0,0,0,1,2,3,4,1,3,4,1,2,2,3,4,1,2,2,3,4,1,2,2,2,3,0,0,0,0,0,0,0,0,1,2,3,4,1,3,4,1,2,2,3,4,1,2,2,3,4,1,2,2,2,3,0,0,0,0,0,0,0,0
32,6,16,38,8,5,21,2,0,0,0,0,0,0,0,0,0,0,0,0,0,0,0,0,0,0,0,0,0,0,1,2,2,3,1,2,2,3,0,0,0,0,0,0,0,0,0,0,0,0,0,0,0,0,0,0,0,0,0,0,1,2,2,3,1,2,2,3,0,0,0,0,0,0,0,0,0,0,0,0,0,0,0,0,0,0,0,0,0,0
23,13,1,26,22,17,27,10,15,1,27,17,14,17,1,17,26,26,22,19,1,13,14,10,24,0,0,0,0,0,1,3,4,1,2,2,2,2,3,4,1,2,2,3,4,1,2,2,2,3,4,1,2,2,3,0,0,0,0,0,1,3,4,1,2,2,2,2,3,4,1,2,2,3,4,1,2,2,2,3,4,1,2,2,3,0,0,0,0,0
20,8,8,1,9,3,41,0,0,0,0,0,0,0,0,0,0,0,0,0,0,0,0,0,0,0,0,0,0,0,1,2,3,4,1,2,3,0,0,0,0,0,0,0,0,0,0,0,0,0,0,0,0,0,0,0,0,0,0,0,1,2,3,4,1,2,3,0,0,0,0,0,0,0,0,0,0,0,0,0,0,0,0,0,0,0,0,0,0,0
28,1,42,2,5,18,6,8,15,2,9,18,5,42,8,1,7,8,3,2,28,2,4,0,0,0,0,0,0,0,4,4,1,2,2,2,2,3,1,2,2,2,2,2,3,4,1,2,2,2,2,2,3,0,0,0,0,0,0,0,4,4,1,2,2,2,2,3,1,2,2,2,2,2,3,4,1,2,2,2,2,2,3,0,0,0,0,0,0,0
23,13,1,29,17,14,39,29,26,1,24,13,10,33,27,22,1,33,23,20,14,1,26,13,24,17,19,10,0,0,1,3,4,1,2,2,2,2,3,4,1,2,2,2,2,3,4,1,2,2,3,4,1,2,2,2,2,3,0,0,1,3,4,1,2,2,2,2,3,4,1,2,2,2,2,3,4,1,2,2,3,4,1,2,2,2,2,3,0,0
16,30,3,24,4,6,18,9,0,0,0,0,0,0,0,0,0,0,0,0,0,0,0,0,0,0,0,0,0,0,1,2,3,1,2,2,2,3,0,0,0,0,0,0,0,0,0,0,0,0,0,0,0,0,0,0,0,0,0,0,1,2,3,1,2,2,2,3,0,0,0,0,0,0,0,0,0,0,0,0,0,0,0,0,0,0,0,0,0,0
6,3,31,2,4,1,2,40,18,4,0,0,0,0,0,0,0,0,0,0,0,0,0,0,0,0,0,0,0,0,1,2,2,2,3,4,1,2,2,3,0,0,0,0,0,0,0,0,0,0,0,0,0,0,0,0,0,0,0,0,1,2,2,2,3,4,1,2,2,3,0,0,0,0,0,0,0,0,0,0,0,0,0,0,0,0,0,0,0,0
8,9,46,2,38,24,5,7,4,20,8,30,6,13,3,4,0,0,0,0,0,0,0,0,0,0,0,0,0,0,1,3,1,2,3,1,2,2,3,1,2,2,3,1,2,3,0,0,0,0,0,0,0,0,0,0,0,0,0,0,1,3,1,2,3,1,2,2,3,1,2,2,3,1,2,3,0,0,0,0,0,0,0,0,0,0,0,0,0,0
24,6,37,15,2,30,11,2,12,3,7,6,8,36,2,8,2,20,21,18,11,0,0,0,0,0,0,0,0,0,1,2,3,1,2,2,2,2,2,2,2,2,3,1,2,2,3,1,2,2,3,0,0,0,0,0,0,0,0,0,1,2,3,1,2,2,2,2,2,2,2,2,3,1,2,2,3,1,2,2,3,0,0,0,0,0,0,0,0,0
4,12,12,31,41,0,0,0,0,0,0,0,0,0,0,0,0,0,0,0,0,0,0,0,0,0,0,0,0,0,1,3,1,2,3,0,0,0,0,0,0,0,0,0,0,0,0,0,0,0,0,0,0,0,0,0,0,0,0,0,1,3,1,2,3,0,0,0,0,0,0,0,0,0,0,0,0,0,0,0,0,0,0,0,0,0,0,0,0,0
48,21,7,19,31,5,8,28,2,13,2,3,0,0,0,0,0,0,0,0,0,0,0,0,0,0,0,0,0,0,1,2,3,1,2,2,2,2,3,1,2,3,0,0,0,0,0,0,0,0,0,0,0,0,0,0,0,0,0,0,1,2,3,1,2,2,2,2,3,1,2,3,0,0,0,0,0,0,0,0,0,0,0,0,0,0,0,0,0,0
49,9,16,1,36,2,3,24,4,6,18,2,4,3,38,43,5,4,17,4,28,13,11,6,3,0,0,0,0,0,1,2,3,4,1,2,3,1,2,2,2,2,2,2,3,1,2,3,1,2,3,1,2,2,3,0,0,0,0,0,1,2,3,4,1,2,3,1,2,2,2,2,2,2,3,1,2,3,1,2,3,1,2,2,3,0,0,0,0,0
43,57,26,56,1,19,17,24,1,14,20,29,10,24,10,15,34,15,17,29,10,0,0,0,0,0,0,0,0,0,4,4,4,4,4,1,2,3,4,1,2,2,3,1,2,3,1,2,2,2,3,0,0,0,0,0,0,0,0,0,1,3,1,3,4,1,2,3,4,1,2,2,3,1,2,3,1,2,2,2,3,0,0,0,0,0,0,0,0,0
28,2,3,14,32,11,22,37,2,4,11,5,18,0,0,0,0,0,0,0,0,0,0,0,0,0,0,0,0,0,1,2,3,1,2,3,1,2,2,2,2,2,3,0,0,0,0,0,0,0,0,0,0,0,0,0,0,0,0,0,1,2,3,1,2,3,1,2,2,2,2,2,3,0,0,0,0,0,0,0,0,0,0,0,0,0,0,0,0,0
26,43,35,46,20,29,17,36,10,0,0,0,0,0,0,0,0,0,0,0,0,0,0,0,0,0,0,0,0,0,1,2,2,3,1,2,2,2,3,0,0,0,0,0,0,0,0,0,0,0,0,0,0,0,0,0,0,0,0,0,1,2,3,1,2,2,2,2,3,0,0,0,0,0,0,0,0,0,0,0,0,0,0,0,0,0,0,0,0,0
16,7,4,47,6,30,30,9,2,3,0,0,0,0,0,0,0,0,0,0,0,0,0,0,0,0,0,0,0,0,1,2,3,4,1,2,2,2,2,3,0,0,0,0,0,0,0,0,0,0,0,0,0,0,0,0,0,0,0,0,1,2,3,4,1,2,2,2,2,3,0,0,0,0,0,0,0,0,0,0,0,0,0,0,0,0,0,0,0,0
44,20,34,13,20,36,23,17,26,10,27,0,0,0,0,0,0,0,0,0,0,0,0,0,0,0,0,0,0,0,1,2,3,1,2,2,2,2,2,2,3,0,0,0,0,0,0,0,0,0,0,0,0,0,0,0,0,0,0,0,1,2,3,1,2,2,2,2,2,2,3,0,0,0,0,0,0,0,0,0,0,0,0,0,0,0,0,0,0,0
20,27,19,1,29,10,14,17,23,17,29,10,0,0,0,0,0,0,0,0,0,0,0,0,0,0,0,0,0,0,1,2,3,4,1,2,2,3,1,2,2,3,0,0,0,0,0,0,0,0,0,0,0,0,0,0,0,0,0,0,1,2,3,4,1,2,2,2,2,2,2,3,0,0,0,0,0,0,0,0,0,0,0,0,0,0,0,0,0,0
16,32,17,4,4,5,38,0,0,0,0,0,0,0,0,0,0,0,0,0,0,0,0,0,0,0,0,0,0,0,1,3,1,2,2,2,3,0,0,0,0,0,0,0,0,0,0,0,0,0,0,0,0,0,0,0,0,0,0,0,1,3,1,2,2,2,3,0,0,0,0,0,0,0,0,0,0,0,0,0,0,0,0,0,0,0,0,0,0,0
24,29,5,3,4,7,40,15,2,8,16,2,4,2,4,0,0,0,0,0,0,0,0,0,0,0,0,0,0,0,4,1,2,2,2,2,3,1,2,2,2,2,2,2,3,0,0,0,0,0,0,0,0,0,0,0,0,0,0,0,1,1,2,2,2,2,3,1,2,2,2,2,2,2,3,0,0,0,0,0,0,0,0,0,0,0,0,0,0,0
27,2,8,6,7,9,2,34,34,14,44,7,8,16,6,42,0,0,0,0,0,0,0,0,0,0,0,0,0,0,1,2,2,2,2,2,3,1,2,3,1,2,2,2,2,3,0,0,0,0,0,0,0,0,0,0,0,0,0,0,1,2,2,2,2,2,3,1,2,3,1,2,2,2,2,3,0,0,0,0,0,0,0,0,0,0,0,0,0,0
18,6,4,3,14,38,18,2,23,5,21,2,9,18,5,12,2,0,0,0,0,0,0,0,0,0,0,0,0,0,1,2,2,3,1,2,2,3,1,2,2,2,2,2,2,2,3,0,0,0,0,0,0,0,0,0,0,0,0,0,1,2,2,3,1,2,2,3,1,2,2,2,2,2,2,2,3,0,0,0,0,0,0,0,0,0,0,0,0,0
35,20,14,62,1,39,0,0,0,0,0,0,0,0,0,0,0,0,0,0,0,0,0,0,0,0,0,0,0,0,1,2,3,4,4,4,0,0,0,0,0,0,0,0,0,0,0,0,0,0,0,0,0,0,0,0,0,0,0,0,1,2,3,4,4,1,0,0,0,0,0,0,0,0,0,0,0,0,0,0,0,0,0,0,0,0,0,0,0,0
13,23,27,1,13,10,52,1,10,43,10,23,14,1,20,23,13,14,15,1,26,20,13,14,0,0,0,0,0,0,1,2,3,4,1,2,3,4,1,2,2,2,3,4,1,2,2,2,3,4,1,2,2,3,0,0,0,0,0,0,1,2,3,4,1,2,3,4,1,2,2,2,3,4,1,2,2,2,3,4,1,2,2,3,0,0,0,0,0,0
16,7,49,0,0,0,0,0,0,0,0,0,0,0,0,0,0,0,0,0,0,0,0,0,0,0,0,0,0,0,1,2,3,0,0,0,0,0,0,0,0,0,0,0,0,0,0,0,0,0,0,0,0,0,0,0,0,0,0,0,1,2,3,0,0,0,0,0,0,0,0,0,0,0,0,0,0,0,0,0,0,0,0,0,0,0,0,0,0,0
49,5,37,5,0,0,0,0,0,0,0,0,0,0,0,0,0,0,0,0,0,0,0,0,0,0,0,0,0,0,1,2,2,3,0,0,0,0,0,0,0,0,0,0,0,0,0,0,0,0,0,0,0,0,0,0,0,0,0,0,1,2,2,3,0,0,0,0,0,0,0,0,0,0,0,0,0,0,0,0,0,0,0,0,0,0,0,0,0,0
3,31,7,9,1,12,32,13,7,51,2,1,9,2,3,13,2,11,2,12,3,2,16,20,8,16,2,40,0,0,1,2,2,3,4,1,3,1,2,2,3,4,1,2,3,1,2,2,2,2,2,2,3,1,2,2,2,3,0,0,1,2,2,3,4,1,3,1,2,2,3,4,1,2,3,1,2,2,2,2,2,2,3,1,2,2,2,3,0,0
4,12,16,9,1,11,2,8,28,3,31,0,0,0,0,0,0,0,0,0,0,0,0,0,0,0,0,0,0,0,1,2,2,3,4,1,2,2,2,2,3,0,0,0,0,0,0,0,0,0,0,0,0,0,0,0,0,0,0,0,1,2,2,3,4,1,2,2,2,2,3,0,0,0,0,0,0,0,0,0,0,0,0,0,0,0,0,0,0,0
5,28,16,1,9,2,4,37,1,9,3,4,25,12,3,1,30,41,3,0,0,0,0,0,0,0,0,0,0,0,1,2,3,4,1,2,2,3,4,1,2,2,2,2,3,4,1,2,3,0,0,0,0,0,0,0,0,0,0,0,1,2,3,4,1,2,2,3,4,1,2,2,2,2,3,4,1,2,3,0,0,0,0,0,0,0,0,0,0,0
34,6,8,3,23,5,21,2,14,6,14,38,18,2,59,19,21,5,18,23,5,21,2,0,0,0,0,0,0,0,1,2,2,3,1,2,2,3,1,3,1,2,2,3,4,1,2,2,3,1,2,2,3,0,0,0,0,0,0,0,1,2,2,3,1,2,2,3,1,3,1,2,2,3,4,1,2,2,3,1,2,2,3,0,0,0,0,0,0,0
7,8,30,6,1,4,2,30,11,2,8,28,3,31,0,0,0,0,0,0,0,0,0,0,0,0,0,0,0,0,1,2,2,3,4,1,2,3,1,2,2,2,2,3,0,0,0,0,0,0,0,0,0,0,0,0,0,0,0,0,1,2,2,3,4,1,2,3,1,2,2,2,2,3,0,0,0,0,0,0,0,0,0,0,0,0,0,0,0,0
30,1,12,25,4,25,8,7,3,0,0,0,0,0,0,0,0,0,0,0,0,0,0,0,0,0,0,0,0,0,4,4,1,2,3,1,2,2,3,0,0,0,0,0,0,0,0,0,0,0,0,0,0,0,0,0,0,0,0,0,3,4,1,2,3,1,2,2,3,0,0,0,0,0,0,0,0,0,0,0,0,0,0,0,0,0,0,0,0,0
43,19,34,25,11,11,23,5,21,2,24,4,6,18,0,0,0,0,0,0,0,0,0,0,0,0,0,0,0,0,1,3,1,2,2,3,1,2,2,3,1,2,2,3,0,0,0,0,0,0,0,0,0,0,0,0,0,0,0,0,1,3,1,2,2,3,1,2,2,3,1,2,2,3,0,0,0,0,0,0,0,0,0,0,0,0,0,0,0,0
29,17,45,1,43,17,26,33,10,1,28,2,3,29,7,8,25,3,2,9,0,0,0,0,0,0,0,0,0,0,1,2,3,4,1,2,2,2,3,4,1,2,3,1,2,2,2,2,2,3,0,0,0,0,0,0,0,0,0,0,1,2,3,4,1,2,2,2,3,4,1,2,3,1,2,2,2,2,2,3,0,0,0,0,0,0,0,0,0,0
28,9,11,1,9,30,1,11,5,21,32,2,4,3,1,44,21,54,0,0,0,0,0,0,0,0,0,0,0,0,1,2,3,4,1,3,4,1,2,2,2,2,2,3,4,1,3,4,0,0,0,0,0,0,0,0,0,0,0,0,1,2,3,4,1,3,4,1,2,2,2,2,2,3,4,1,3,1,0,0,0,0,0,0,0,0,0,0,0,0
3,21,18,1,6,18,2,8,2,16,1,3,5,32,11,2,9,0,0,0,0,0,0,0,0,0,0,0,0,0,1,2,3,4,1,2,2,2,2,3,4,1,2,2,2,2,3,0,0,0,0,0,0,0,0,0,0,0,0,0,1,2,3,4,1,2,2,2,2,3,4,1,2,2,2,2,3,0,0,0,0,0,0,0,0,0,0,0,0,0
8,9,27,4,5,42,7,8,28,13,25,4,30,5,12,2,24,31,0,0,0,0,0,0,0,0,0,0,0,0,1,3,1,2,2,2,2,2,3,1,2,2,2,2,2,3,1,3,0,0,0,0,0,0,0,0,0,0,0,0,1,3,1,2,2,2,2,2,3,1,2,2,2,2,2,3,1,3,0,0,0,0,0,0,0,0,0,0,0,0
7,8,12,15,33,0,0,0,0,0,0,0,0,0,0,0,0,0,0,0,0,0,0,0,0,0,0,0,0,0,1,2,3,1,3,0,0,0,0,0,0,0,0,0,0,0,0,0,0,0,0,0,0,0,0,0,0,0,0,0,1,2,3,1,3,0,0,0,0,0,0,0,0,0,0,0,0,0,0,0,0,0,0,0,0,0,0,0,0,0
13,1,20,13,29,24,35,0,0,0,0,0,0,0,0,0,0,0,0,0,0,0,0,0,0,0,0,0,0,0,4,4,1,2,2,2,3,0,0,0,0,0,0,0,0,0,0,0,0,0,0,0,0,0,0,0,0,0,0,0,3,4,1,2,2,2,3,0,0,0,0,0,0,0,0,0,0,0,0,0,0,0,0,0,0,0,0,0,0,0
8,5,3,25,4,5,11,26,6,28,35,5,9,2,0,0,0,0,0,0,0,0,0,0,0,0,0,0,0,0,1,2,2,2,2,2,3,1,2,3,1,2,2,3,0,0,0,0,0,0,0,0,0,0,0,0,0,0,0,0,1,2,2,2,2,2,3,1,2,3,1,2,2,3,0,0,0,0,0,0,0,0,0,0,0,0,0,0,0,0
3,2,21,18,35,28,19,6,11,6,4,0,0,0,0,0,0,0,0,0,0,0,0,0,0,0,0,0,0,0,1,2,2,3,1,3,1,2,2,2,3,0,0,0,0,0,0,0,0,0,0,0,0,0,0,0,0,0,0,0,1,2,2,3,1,3,1,2,2,2,3,0,0,0,0,0,0,0,0,0,0,0,0,0,0,0,0,0,0,0
4,2,3,1,9,25,32,0,0,0,0,0,0,0,0,0,0,0,0,0,0,0,0,0,0,0,0,0,0,0,1,2,3,4,1,2,3,0,0,0,0,0,0,0,0,0,0,0,0,0,0,0,0,0,0,0,0,0,0,0,1,2,3,4,1,2,3,0,0,0,0,0,0,0,0,0,0,0,0,0,0,0,0,0,0,0,0,0,0,0
18,38,1,3,16,32,1,31,8,16,1,31,5,9,1,41,2,38,0,0,0,0,0,0,0,0,0,0,0,0,1,3,4,1,2,3,4,1,2,3,4,1,2,3,4,1,2,3,0,0,0,0,0,0,0,0,0,0,0,0,1,3,4,1,2,3,4,1,2,3,4,1,2,3,4,1,2,3,0,0,0,0,0,0,0,0,0,0,0,0
20,45,24,5,3,31,24,4,6,12,2,9,9,6,4,0,0,0,0,0,0,0,0,0,0,0,0,0,0,0,1,3,1,2,2,3,1,2,2,2,2,2,2,2,3,0,0,0,0,0,0,0,0,0,0,0,0,0,0,0,1,3,1,2,2,3,1,2,2,2,2,2,2,2,3,0,0,0,0,0,0,0,0,0,0,0,0,0,0,0
9,7,1,58,35,25,3,3,6,8,19,6,8,30,7,4,21,0,0,0,0,0,0,0,0,0,0,0,0,0,1,3,4,4,1,2,2,2,2,3,1,2,2,2,2,2,3,0,0,0,0,0,0,0,0,0,0,0,0,0,1,3,4,4,1,2,2,2,2,3,1,2,2,2,2,2,3,0,0,0,0,0,0,0,0,0,0,0,0,0
33,13,14,15,1,13,20,53,10,0,0,0,0,0,0,0,0,0,0,0,0,0,0,0,0,0,0,0,0,0,4,1,2,3,4,1,2,2,3,0,0,0,0,0,0,0,0,0,0,0,0,0,0,0,0,0,0,0,0,0,1,2,2,3,4,1,2,2,3,0,0,0,0,0,0,0,0,0,0,0,0,0,0,0,0,0,0,0,0,0
43,25,2,20,21,5,28,2,0,0,0,0,0,0,0,0,0,0,0,0,0,0,0,0,0,0,0,0,0,0,1,2,3,1,2,2,2,3,0,0,0,0,0,0,0,0,0,0,0,0,0,0,0,0,0,0,0,0,0,0,1,2,3,1,2,2,2,3,0,0,0,0,0,0,0,0,0,0,0,0,0,0,0,0,0,0,0,0,0,0
9,3,39,6,9,3,14,6,24,7,8,28,17,16,16,4,0,0,0,0,0,0,0,0,0,0,0,0,0,0,1,3,1,2,2,3,1,3,1,2,2,3,1,2,2,3,0,0,0,0,0,0,0,0,0,0,0,0,0,0,1,3,1,2,2,3,1,3,1,2,2,3,1,2,2,3,0,0,0,0,0,0,0,0,0,0,0,0,0,0
12,5,8,10,16,7,3,17,9,33,9,2,4,17,16,21,7,8,0,0,0,0,0,0,0,0,0,0,0,0,1,2,3,1,2,2,3,1,3,1,2,2,3,1,2,2,2,3,0,0,0,0,0,0,0,0,0,0,0,0,1,2,3,1,2,2,3,1,3,1,2,2,3,1,2,2,2,3,0,0,0,0,0,0,0,0,0,0,0,0
16,7,37,1,4,0,0,0,0,0,0,0,0,0,0,0,0,0,0,0,0,0,0,0,0,0,0,0,0,0,1,2,3,4,4,0,0,0,0,0,0,0,0,0,0,0,0,0,0,0,0,0,0,0,0,0,0,0,0,0,1,2,3,4,1,0,0,0,0,0,0,0,0,0,0,0,0,0,0,0,0,0,0,0,0,0,0,0,0,0
19,22,27,10,19,1,29,13,53,39,0,0,0,0,0,0,0,0,0,0,0,0,0,0,0,0,0,0,0,0,1,2,2,2,3,4,1,2,2,3,0,0,0,0,0,0,0,0,0,0,0,0,0,0,0,0,0,0,0,0,1,2,2,2,3,4,1,2,2,3,0,0,0,0,0,0,0,0,0,0,0,0,0,0,0,0,0,0,0,0
3,40,29,6,16,2,0,0,0,0,0,0,0,0,0,0,0,0,0,0,0,0,0,0,0,0,0,0,0,0,1,3,1,2,2,3,0,0,0,0,0,0,0,0,0,0,0,0,0,0,0,0,0,0,0,0,0,0,0,0,1,3,1,2,2,3,0,0,0,0,0,0,0,0,0,0,0,0,0,0,0,0,0,0,0,0,0,0,0,0
41,2,4,4,6,4,0,0,0,0,0,0,0,0,0,0,0,0,0,0,0,0,0,0,0,0,0,0,0,0,4,1,2,2,2,3,0,0,0,0,0,0,0,0,0,0,0,0,0,0,0,0,0,0,0,0,0,0,0,0,3,1,2,2,2,3,0,0,0,0,0,0,0,0,0,0,0,0,0,0,0,0,0,0,0,0,0,0,0,0
9,2,3,14,21,19,31,7,11,16,0,0,0,0,0,0,0,0,0,0,0,0,0,0,0,0,0,0,0,0,1,2,3,1,3,1,2,2,2,3,0,0,0,0,0,0,0,0,0,0,0,0,0,0,0,0,0,0,0,0,1,2,3,1,3,1,2,2,2,3,0,0,0,0,0,0,0,0,0,0,0,0,0,0,0,0,0,0,0,0
12,2,54,1,16,7,37,0,0,0,0,0,0,0,0,0,0,0,0,0,0,0,0,0,0,0,0,0,0,0,1,3,4,4,1,2,3,0,0,0,0,0,0,0,0,0,0,0,0,0,0,0,0,0,0,0,0,0,0,0,1,3,4,4,1,2,3,0,0,0,0,0,0,0,0,0,0,0,0,0,0,0,0,0,0,0,0,0,0,0
40,3,43,2,4,9,7,6,8,0,0,0,0,0,0,0,0,0,0,0,0,0,0,0,0,0,0,0,0,0,1,3,1,2,2,2,2,2,3,0,0,0,0,0,0,0,0,0,0,0,0,0,0,0,0,0,0,0,0,0,1,3,1,2,2,2,2,2,3,0,0,0,0,0,0,0,0,0,0,0,0,0,0,0,0,0,0,0,0,0
21,1,8,13,4,12,14,5,32,0,0,0,0,0,0,0,0,0,0,0,0,0,0,0,0,0,0,0,0,0,4,4,4,1,2,3,1,2,3,0,0,0,0,0,0,0,0,0,0,0,0,0,0,0,0,0,0,0,0,0,4,4,4,1,2,3,1,2,3,0,0,0,0,0,0,0,0,0,0,0,0,0,0,0,0,0,0,0,0,0
28,4,5,21,1,37,9,5,0,0,0,0,0,0,0,0,0,0,0,0,0,0,0,0,0,0,0,0,0,0,1,2,2,3,4,1,2,3,0,0,0,0,0,0,0,0,0,0,0,0,0,0,0,0,0,0,0,0,0,0,1,2,2,3,4,1,2,3,0,0,0,0,0,0,0,0,0,0,0,0,0,0,0,0,0,0,0,0,0,0
9,2,5,4,12,31,13,7,3,2,35,25,3,3,6,8,24,41,0,0,0,0,0,0,0,0,0,0,0,0,1,2,2,2,2,3,1,2,2,3,1,2,2,2,2,3,1,3,0,0,0,0,0,0,0,0,0,0,0,0,1,2,2,2,2,3,1,2,2,3,1,2,2,2,2,3,1,3,0,0,0,0,0,0,0,0,0,0,0,0
27,10,13,1,19,35,19,1,27,2,12,4,38,18,3,7,6,8,0,0,0,0,0,0,0,0,0,0,0,0,1,2,3,4,1,2,3,4,1,2,2,2,2,2,2,2,2,3,0,0,0,0,0,0,0,0,0,0,0,0,1,2,3,4,1,2,3,4,1,2,2,2,2,2,2,2,2,3,0,0,0,0,0,0,0,0,0,0,0,0
13,22,33,23,27,14,15,17,19,46,1,44,10,17,14,39,10,15,17,29,35,20,10,23,19,10,0,0,0,0,1,2,2,2,2,2,2,2,2,3,4,1,2,2,2,2,2,3,1,2,2,2,2,2,2,3,0,0,0,0,1,2,2,2,2,2,2,2,2,3,4,1,2,2,2,2,2,3,1,2,2,2,2,2,2,3,0,0,0,0
43,7,9,25,5,11,19,5,11,20,8,3,2,4,18,4,2,3,2,4,0,0,0,0,0,0,0,0,0,0,1,2,2,2,2,3,1,2,3,1,2,2,2,2,2,2,2,2,2,3,0,0,0,0,0,0,0,0,0,0,1,2,2,2,2,3,1,2,3,1,2,2,2,2,2,2,2,2,2,3,0,0,0,0,0,0,0,0,0,0
7,21,31,5,8,16,0,0,0,0,0,0,0,0,0,0,0,0,0,0,0,0,0,0,0,0,0,0,0,0,1,3,1,2,2,3,0,0,0,0,0,0,0,0,0,0,0,0,0,0,0,0,0,0,0,0,0,0,0,0,1,3,1,2,2,3,0,0,0,0,0,0,0,0,0,0,0,0,0,0,0,0,0,0,0,0,0,0,0,0
7,8,7,3,7,5,11,19,11,2,5,4,17,18,5,4,9,0,0,0,0,0,0,0,0,0,0,0,0,0,1,2,2,2,2,2,3,1,2,2,2,3,1,2,2,2,3,0,0,0,0,0,0,0,0,0,0,0,0,0,1,2,2,2,2,2,3,1,2,2,2,3,1,2,2,2,3,0,0,0,0,0,0,0,0,0,0,0,0,0
24,15,1,39,22,29,10,1,17,27,27,15,10,13,13,1,19,22,33,23,14,15,47,1,44,0,0,0,0,0,1,3,4,1,2,2,3,4,1,2,2,2,2,2,3,4,1,2,2,2,2,2,3,4,4,0,0,0,0,0,1,3,4,1,2,2,3,4,1,2,2,2,2,2,3,4,1,2,2,2,2,2,3,4,1,0,0,0,0,0
36,2,3,13,12,4,7,18,3,29,5,8,5,28,2,4,43,5,4,7,5,32,11,2,0,0,0,0,0,0,1,2,3,1,2,2,2,2,3,1,2,2,2,2,2,3,1,2,2,2,2,2,2,3,0,0,0,0,0,0,1,2,3,1,2,2,2,2,3,1,2,2,2,2,2,3,1,2,2,2,2,2,2,3,0,0,0,0,0,0
7,8,7,3,1,4,2,18,11,38,1,11,6,6,41,25,18,1,8,5,21,2,9,0,0,0,0,0,0,0,1,2,2,3,4,1,2,2,2,3,4,1,2,2,2,2,3,4,1,2,2,2,3,0,0,0,0,0,0,0,1,2,2,3,4,1,2,2,2,3,4,1,2,2,2,2,3,4,1,2,2,2,3,0,0,0,0,0,0,0
4,28,32,57,0,0,0,0,0,0,0,0,0,0,0,0,0,0,0,0,0,0,0,0,0,0,0,0,0,0,1,2,3,4,0,0,0,0,0,0,0,0,0,0,0,0,0,0,0,0,0,0,0,0,0,0,0,0,0,0,1,2,3,4,0,0,0,0,0,0,0,0,0,0,0,0,0,0,0,0,0,0,0,0,0,0,0,0,0,0
3,4,11,15,2,11,19,6,8,0,0,0,0,0,0,0,0,0,0,0,0,0,0,0,0,0,0,0,0,0,1,2,3,1,2,3,1,2,3,0,0,0,0,0,0,0,0,0,0,0,0,0,0,0,0,0,0,0,0,0,1,2,3,1,2,3,1,2,3,0,0,0,0,0,0,0,0,0,0,0,0,0,0,0,0,0,0,0,0,0
41,27,22,29,20,21,18,11,2,21,2,8,3,5,3,7,6,8,19,20,27,0,0,0,0,0,0,0,0,0,4,1,2,3,1,2,2,2,2,2,2,2,2,2,2,2,2,3,1,2,3,0,0,0,0,0,0,0,0,0,4,1,2,3,1,2,2,2,2,2,2,2,2,2,2,2,2,3,1,2,3,0,0,0,0,0,0,0,0,0
3,21,18,27,35,46,2,38,1,16,5,3,5,0,0,0,0,0,0,0,0,0,0,0,0,0,0,0,0,0,1,2,3,1,3,1,2,3,4,1,2,2,3,0,0,0,0,0,0,0,0,0,0,0,0,0,0,0,0,0,1,2,3,1,3,1,2,3,4,1,2,2,3,0,0,0,0,0,0,0,0,0,0,0,0,0,0,0,0,0
19,44,19,6,11,6,4,21,5,18,0,0,0,0,0,0,0,0,0,0,0,0,0,0,0,0,0,0,0,0,1,3,1,2,2,2,3,1,2,3,0,0,0,0,0,0,0,0,0,0,0,0,0,0,0,0,0,0,0,0,1,3,1,2,2,2,2,2,2,3,0,0,0,0,0,0,0,0,0,0,0,0,0,0,0,0,0,0,0,0
36,2,3,24,5,9,9,42,6,4,16,46,2,38,19,5,11,11,32,5,12,41,0,0,0,0,0,0,0,0,1,2,3,1,2,2,2,2,2,2,3,1,2,3,1,2,2,2,2,2,2,3,0,0,0,0,0,0,0,0,1,2,3,1,2,2,2,2,2,2,3,1,2,3,1,2,2,2,2,2,2,3,0,0,0,0,0,0,0,0
20,27,13,1,39,13,17,43,0,0,0,0,0,0,0,0,0,0,0,0,0,0,0,0,0,0,0,0,0,0,1,2,3,4,1,2,2,3,0,0,0,0,0,0,0,0,0,0,0,0,0,0,0,0,0,0,0,0,0,0,1,2,3,4,1,2,2,3,0,0,0,0,0,0,0,0,0,0,0,0,0,0,0,0,0,0,0,0,0,0
24,15,20,23,14,10,15,1,10,23,33,29,1,26,22,19,17,26,0,0,0,0,0,0,0,0,0,0,0,0,1,2,2,2,2,2,3,4,1,2,2,3,4,1,2,2,2,3,0,0,0,0,0,0,0,0,0,0,0,0,1,2,2,2,2,2,3,4,1,2,2,3,4,1,2,2,2,3,0,0,0,0,0,0,0,0,0,0,0,0
22,34,16,2,30,20,22,9,0,0,0,0,0,0,0,0,0,0,0,0,0,0,0,0,0,0,0,0,0,0,1,3,1,2,3,1,2,3,0,0,0,0,0,0,0,0,0,0,0,0,0,0,0,0,0,0,0,0,0,0,1,3,1,2,3,1,2,3,0,0,0,0,0,0,0,0,0,0,0,0,0,0,0,0,0,0,0,0,0,0
8,9,17,13,3,4,7,8,28,64,64,12,31,5,4,1,3,38,18,2,0,0,0,0,0,0,0,0,0,0,1,3,4,1,2,2,2,2,3,4,1,2,2,2,3,4,1,2,2,3,0,0,0,0,0,0,0,0,0,0,1,3,1,2,2,2,2,2,3,1,3,1,2,2,3,4,1,2,2,3,0,0,0,0,0,0,0,0,0,0
41,35,6,24,6,29,6,34,6,22,4,16,2,4,20,16,19,20,27,0,0,0,0,0,0,0,0,0,0,0,4,1,3,1,3,1,3,1,3,1,2,2,2,3,1,3,1,2,3,0,0,0,0,0,0,0,0,0,0,0,4,1,3,1,3,1,3,1,3,1,2,2,2,3,1,3,1,2,3,0,0,0,0,0,0,0,0,0,0,0
19,26,17,13,13,14,47,24,10,1,34,15,20,10,23,27,1,19,26,17,13,13,10,13,0,0,0,0,0,0,1,2,2,2,3,1,2,2,3,4,1,2,2,2,2,3,4,1,2,2,2,2,2,3,0,0,0,0,0,0,1,2,2,2,2,2,2,2,3,4,1,2,2,2,2,3,4,1,2,2,2,2,2,3,0,0,0,0,0,0
13,2,3,15,2,9,26,6,5,16,0,0,0,0,0,0,0,0,0,0,0,0,0,0,0,0,0,0,0,0,1,2,3,1,2,3,1,2,2,3,0,0,0,0,0,0,0,0,0,0,0,0,0,0,0,0,0,0,0,0,1,2,3,1,2,3,1,2,2,3,0,0,0,0,0,0,0,0,0,0,0,0,0,0,0,0,0,0,0,0
20,14,10,29,1,14,10,45,14,13,14,47,26,10,1,13,39,17,27,22,44,10,27,29,22,15,10,0,0,0,1,2,2,3,4,1,2,2,3,1,2,2,2,3,4,1,2,2,2,2,2,2,3,1,2,2,3,0,0,0,1,2,2,3,4,1,2,2,3,1,2,2,2,3,4,1,2,2,2,2,2,2,2,2,2,2,3,0,0,0
25,8,16,7,4,2,12,3,2,16,0,0,0,0,0,0,0,0,0,0,0,0,0,0,0,0,0,0,0,0,1,2,2,2,2,2,2,2,2,3,0,0,0,0,0,0,0,0,0,0,0,0,0,0,0,0,0,0,0,0,1,2,2,2,2,2,2,2,2,3,0,0,0,0,0,0,0,0,0,0,0,0,0,0,0,0,0,0,0,0
24,46,54,54,1,13,10,14,17,14,14,15,13,0,0,0,0,0,0,0,0,0,0,0,0,0,0,0,0,0,1,3,1,3,4,1,2,3,1,2,2,2,3,0,0,0,0,0,0,0,0,0,0,0,0,0,0,0,0,0,1,3,1,3,4,1,2,2,2,2,2,2,3,0,0,0,0,0,0,0,0,0,0,0,0,0,0,0,0,0
31,3,3,18,24,4,6,3,6,12,6,11,43,2,4,9,7,6,8,0,0,0,0,0,0,0,0,0,0,0,1,2,2,3,1,2,2,2,2,2,2,3,1,2,2,2,2,2,3,0,0,0,0,0,0,0,0,0,0,0,1,2,2,3,1,2,2,2,2,2,2,3,1,2,2,2,2,2,3,0,0,0,0,0,0,0,0,0,0,0
16,7,4,2,12,3,1,30,4,5,21,2,1,12,6,18,38,0,0,0,0,0,0,0,0,0,0,0,0,0,1,2,2,2,2,3,4,1,2,2,2,3,4,1,2,2,3,0,0,0,0,0,0,0,0,0,0,0,0,0,1,2,2,2,2,3,4,1,2,2,2,3,4,1,2,2,3,0,0,0,0,0,0,0,0,0,0,0,0,0
21,13,3,38,11,2,20,8,37,5,11,7,16,0,0,0,0,0,0,0,0,0,0,0,0,0,0,0,0,0,4,1,2,2,2,3,1,2,2,2,2,2,3,0,0,0,0,0,0,0,0,0,0,0,0,0,0,0,0,0,4,1,2,2,2,3,1,2,2,2,2,2,3,0,0,0,0,0,0,0,0,0,0,0,0,0,0,0,0,0
9,42,18,22,46,0,0,0,0,0,0,0,0,0,0,0,0,0,0,0,0,0,0,0,0,0,0,0,0,0,1,2,3,1,3,0,0,0,0,0,0,0,0,0,0,0,0,0,0,0,0,0,0,0,0,0,0,0,0,0,1,2,3,1,3,0,0,0,0,0,0,0,0,0,0,0,0,0,0,0,0,0,0,0,0,0,0,0,0,0
9,8,16,1,12,3,11,1,2,11,2,21,1,7,8,30,6,1,28,2,3,1,8,25,21,7,16,0,0,0,1,2,3,4,1,2,3,4,1,2,2,3,4,1,2,2,3,4,1,2,3,4,1,2,3,1,3,0,0,0,1,2,3,4,1,2,3,4,1,2,2,3,4,1,2,2,3,4,1,2,3,4,1,2,2,2,3,0,0,0
18,12,21,4,2,3,0,0,0,0,0,0,0,0,0,0,0,0,0,0,0,0,0,0,0,0,0,0,0,0,1,2,3,1,2,3,0,0,0,0,0,0,0,0,0,0,0,0,0,0,0,0,0,0,0,0,0,0,0,0,1,2,3,1,2,3,0,0,0,0,0,0,0,0,0,0,0,0,0,0,0,0,0,0,0,0,0,0,0,0
32,9,1,42,4,7,3,2,1,25,2,0,0,0,0,0,0,0,0,0,0,0,0,0,0,0,0,0,0,0,1,3,4,1,2,2,2,3,4,1,3,0,0,0,0,0,0,0,0,0,0,0,0,0,0,0,0,0,0,0,1,3,4,1,2,2,2,3,4,1,3,0,0,0,0,0,0,0,0,0,0,0,0,0,0,0,0,0,0,0
49,9,16,1,20,9,43,5,11,25,2,24,4,7,21,7,3,7,37,2,0,0,0,0,0,0,0,0,0,0,1,2,3,4,1,3,1,2,2,2,3,1,2,2,2,2,2,2,2,3,0,0,0,0,0,0,0,0,0,0,1,2,3,4,1,3,1,2,2,2,3,1,2,2,2,2,2,2,2,3,0,0,0,0,0,0,0,0,0,0
37,50,28,2,8,0,0,0,0,0,0,0,0,0,0,0,0,0,0,0,0,0,0,0,0,0,0,0,0,0,1,3,1,2,3,0,0,0,0,0,0,0,0,0,0,0,0,0,0,0,0,0,0,0,0,0,0,0,0,0,1,3,1,2,3,0,0,0,0,0,0,0,0,0,0,0,0,0,0,0,0,0,0,0,0,0,0,0,0,0
19,32,12,5,11,12,0,0,0,0,0,0,0,0,0,0,0,0,0,0,0,0,0,0,0,0,0,0,0,0,1,3,1,2,2,3,0,0,0,0,0,0,0,0,0,0,0,0,0,0,0,0,0,0,0,0,0,0,0,0,1,3,1,2,2,3,0,0,0,0,0,0,0,0,0,0,0,0,0,0,0,0,0,0,0,0,0,0,0,0
4,12,19,11,7,2,8,3,1,32,6,3,3,6,21,0,0,0,0,0,0,0,0,0,0,0,0,0,0,0,1,3,1,2,2,2,2,3,4,1,2,2,2,2,3,0,0,0,0,0,0,0,0,0,0,0,0,0,0,0,1,3,1,2,2,2,2,3,4,1,2,2,2,2,3,0,0,0,0,0,0,0,0,0,0,0,0,0,0,0
18,5,4,5,21,24,5,4,9,2,34,7,11,2,0,0,0,0,0,0,0,0,0,0,0,0,0,0,0,0,1,2,2,2,3,1,2,2,2,3,1,2,2,3,0,0,0,0,0,0,0,0,0,0,0,0,0,0,0,0,1,2,2,2,3,1,2,2,2,3,1,2,2,3,0,0,0,0,0,0,0,0,0,0,0,0,0,0,0,0
5,19,5,11,11,32,5,12,41,0,0,0,0,0,0,0,0,0,0,0,0,0,0,0,0,0,0,0,0,0,4,1,2,2,3,1,2,2,3,0,0,0,0,0,0,0,0,0,0,0,0,0,0,0,0,0,0,0,0,0,4,1,2,2,2,2,2,2,3,0,0,0,0,0,0,0,0,0,0,0,0,0,0,0,0,0,0,0,0,0
9,8,16,1,18,12,21,1,4,6,25,3,2,1,3,3,5,32,11,2,1,2,8,3,4,38,1,3,0,0,1,2,3,4,1,2,3,4,1,2,2,2,3,4,4,1,2,2,2,3,4,1,2,2,2,3,4,4,0,0,1,2,3,4,1,2,3,4,1,2,2,2,3,4,1,2,2,2,2,3,4,1,2,2,2,3,4,4,0,0
18,13,6,12,41,24,4,6,37,13,2,4,37,0,0,0,0,0,0,0,0,0,0,0,0,0,0,0,0,0,4,1,2,2,3,1,2,2,3,1,2,2,3,0,0,0,0,0,0,0,0,0,0,0,0,0,0,0,0,0,4,1,2,2,3,1,2,2,3,1,2,2,3,0,0,0,0,0,0,0,0,0,0,0,0,0,0,0,0,0
28,1,50,2,28,11,6,32,5,11,9,1,16,1,3,2,4,4,5,7,8,23,6,7,9,2,14,38,18,2,4,4,1,3,1,2,2,2,2,2,3,4,4,4,1,2,2,2,2,2,3,1,2,2,2,3,1,2,2,3,4,4,1,2,2,2,2,2,2,2,3,4,4,4,1,2,2,2,2,2,3,1,2,2,2,3,1,2,2,3
5,7,12,31,3,5,28,0,0,0,0,0,0,0,0,0,0,0,0,0,0,0,0,0,0,0,0,0,0,0,1,2,2,2,2,2,3,0,0,0,0,0,0,0,0,0,0,0,0,0,0,0,0,0,0,0,0,0,0,0,1,2,3,1,2,2,3,0,0,0,0,0,0,0,0,0,0,0,0,0,0,0,0,0,0,0,0,0,0,0
16,32,4,2,28,1,7,8,7,3,1,18,4,7,8,3,0,0,0,0,0,0,0,0,0,0,0,0,0,0,1,2,2,2,3,4,1,2,2,3,4,1,2,2,2,3,0,0,0,0,0,0,0,0,0,0,0,0,0,0,1,2,2,2,3,4,1,2,2,3,4,1,2,2,2,3,0,0,0,0,0,0,0,0,0,0,0,0,0,0
4,25,8,7,50,25,2,20,16,0,0,0,0,0,0,0,0,0,0,0,0,0,0,0,0,0,0,0,0,0,4,1,2,2,2,2,3,1,3,0,0,0,0,0,0,0,0,0,0,0,0,0,0,0,0,0,0,0,0,0,1,2,2,2,2,2,3,1,3,0,0,0,0,0,0,0,0,0,0,0,0,0,0,0,0,0,0,0,0,0
29,41,16,7,4,20,8,9,3,5,11,11,22,18,0,0,0,0,0,0,0,0,0,0,0,0,0,0,0,0,1,3,1,2,3,1,2,2,2,2,2,3,1,3,0,0,0,0,0,0,0,0,0,0,0,0,0,0,0,0,1,2,2,2,3,1,2,2,2,2,2,3,1,3,0,0,0,0,0,0,0,0,0,0,0,0,0,0,0,0
9,2,3,1,21,5,9,3,2,4,1,12,6,11,25,21,8,0,0,0,0,0,0,0,0,0,0,0,0,0,1,2,3,4,1,2,2,2,2,3,4,1,2,2,2,2,3,0,0,0,0,0,0,0,0,0,0,0,0,0,1,2,3,4,1,2,2,2,2,3,4,1,2,2,2,2,3,0,0,0,0,0,0,0,0,0,0,0,0,0
37,21,18,4,7,8,3,30,2,9,0,0,0,0,0,0,0,0,0,0,0,0,0,0,0,0,0,0,0,0,1,2,2,2,2,2,2,2,2,3,0,0,0,0,0,0,0,0,0,0,0,0,0,0,0,0,0,0,0,0,1,2,3,1,2,2,3,1,2,3,0,0,0,0,0,0,0,0,0,0,0,0,0,0,0,0,0,0,0,0
9,51,34,7,11,2,20,16,7,36,2,3,15,2,16,7,4,2,12,3,0,0,0,0,0,0,0,0,0,0,1,3,1,2,2,3,1,2,3,1,2,3,1,2,2,2,2,2,2,3,0,0,0,0,0,0,0,0,0,0,1,3,1,2,2,3,1,2,3,1,2,3,1,2,2,2,2,2,2,3,0,0,0,0,0,0,0,0,0,0
6,3,31,2,4,6,42,8,2,4,9,0,0,0,0,0,0,0,0,0,0,0,0,0,0,0,0,0,0,0,1,2,2,2,3,1,2,2,2,2,3,0,0,0,0,0,0,0,0,0,0,0,0,0,0,0,0,0,0,0,1,2,2,2,3,1,2,2,2,2,3,0,0,0,0,0,0,0,0,0,0,0,0,0,0,0,0,0,0,0
8,9,9,24,46,20,45,17,3,3,4,7,32,25,3,2,1,13,2,3,14,38,18,2,0,0,0,0,0,0,1,2,3,1,2,2,3,1,2,2,2,2,2,2,2,3,4,1,2,3,1,2,2,3,0,0,0,0,0,0,1,2,3,1,2,2,3,1,2,2,2,2,2,2,2,3,4,1,2,3,1,2,2,3,0,0,0,0,0,0
9,2,3,17,30,30,7,12,31,5,28,2,13,7,16,2,0,0,0,0,0,0,0,0,0,0,0,0,0,0,1,2,3,1,2,2,2,2,2,2,2,3,1,2,2,3,0,0,0,0,0,0,0,0,0,0,0,0,0,0,1,2,3,1,2,2,2,2,2,2,2,3,1,2,2,3,0,0,0,0,0,0,0,0,0,0,0,0,0,0
28,2,8,2,4,5,3,2,13,31,5,16,6,42,9,14,6,45,29,26,0,0,0,0,0,0,0,0,0,0,1,2,2,2,2,2,2,3,1,2,2,2,2,2,3,1,3,1,2,3,0,0,0,0,0,0,0,0,0,0,1,2,2,2,2,2,2,3,1,2,2,2,2,2,3,1,3,1,2,3,0,0,0,0,0,0,0,0,0,0
14,14,1,15,6,25,8,16,1,14,6,1,36,4,7,16,0,0,0,0,0,0,0,0,0,0,0,0,0,0,1,3,4,1,2,2,2,3,4,1,3,4,1,2,2,3,0,0,0,0,0,0,0,0,0,0,0,0,0,0,1,3,4,1,2,2,2,3,4,1,3,4,1,2,2,3,0,0,0,0,0,0,0,0,0,0,0,0,0,0
12,5,11,11,7,8,28,18,4,2,9,0,0,0,0,0,0,0,0,0,0,0,0,0,0,0,0,0,0,0,1,2,2,2,2,2,3,1,2,2,3,0,0,0,0,0,0,0,0,0,0,0,0,0,0,0,0,0,0,0,1,2,2,2,2,2,3,1,2,2,3,0,0,0,0,0,0,0,0,0,0,0,0,0,0,0,0,0,0,0
14,14,14,22,23,14,14,20,29,10,0,0,0,0,0,0,0,0,0,0,0,0,0,0,0,0,0,0,0,0,1,2,3,1,3,4,1,2,2,3,0,0,0,0,0,0,0,0,0,0,0,0,0,0,0,0,0,0,0,0,1,2,3,1,2,3,1,2,2,3,0,0,0,0,0,0,0,0,0,0,0,0,0,0,0,0,0,0,0,0
12,6,21,21,6,8,1,31,2,5,16,2,4,1,11,2,8,0,0,0,0,0,0,0,0,0,0,0,0,0,1,2,2,2,2,3,4,1,2,2,2,2,3,4,1,2,3,0,0,0,0,0,0,0,0,0,0,0,0,0,1,2,2,2,2,3,4,1,2,2,2,2,3,4,1,2,3,0,0,0,0,0,0,0,0,0,0,0,0,0
14,46,1,14,44,20,27,27,26,10,0,0,0,0,0,0,0,0,0,0,0,0,0,0,0,0,0,0,0,0,1,3,4,1,2,2,2,2,2,3,0,0,0,0,0,0,0,0,0,0,0,0,0,0,0,0,0,0,0,0,1,3,4,1,3,1,2,2,2,3,0,0,0,0,0,0,0,0,0,0,0,0,0,0,0,0,0,0,0,0
14,2,9,3,14,5,32,11,2,23,6,8,20,28,8,6,4,5,32,11,2,0,0,0,0,0,0,0,0,0,1,2,2,3,1,2,2,2,3,1,2,3,1,2,2,2,2,2,2,2,3,0,0,0,0,0,0,0,0,0,1,2,2,3,1,2,2,2,3,1,2,3,1,2,2,2,2,2,2,2,3,0,0,0,0,0,0,0,0,0
16,6,1,25,8,11,7,8,41,0,0,0,0,0,0,0,0,0,0,0,0,0,0,0,0,0,0,0,0,0,1,3,4,1,2,2,2,2,3,0,0,0,0,0,0,0,0,0,0,0,0,0,0,0,0,0,0,0,0,0,1,3,4,1,2,2,2,2,3,0,0,0,0,0,0,0,0,0,0,0,0,0,0,0,0,0,0,0,0,0
3,31,7,9,1,7,8,2,3,19,6,8,8,1,28,2,3,13,2,11,2,12,3,2,16,20,8,16,2,40,1,2,2,3,4,1,2,2,3,1,2,2,3,4,1,2,3,1,2,2,2,2,2,2,3,1,2,2,2,3,1,2,2,3,4,1,2,2,3,1,2,2,3,4,1,2,3,1,2,2,2,2,2,2,3,1,2,2,2,3
4,1,31,5,9,1,9,3,38,18,2,0,0,0,0,0,0,0,0,0,0,0,0,0,0,0,0,0,0,0,4,4,1,2,3,4,1,2,2,2,3,0,0,0,0,0,0,0,0,0,0,0,0,0,0,0,0,0,0,0,4,4,1,2,3,4,1,2,2,2,3,0,0,0,0,0,0,0,0,0,0,0,0,0,0,0,0,0,0,0
30,30,1,21,18,2,28,54,1,30,7,8,16,1,30,4,5,21,2,1,2,8,16,0,0,0,0,0,0,0,1,3,4,1,2,2,3,4,4,1,2,2,3,4,1,2,2,2,3,4,1,2,3,0,0,0,0,0,0,0,1,3,4,1,2,2,3,4,4,1,2,2,3,4,1,2,2,2,3,4,1,2,3,0,0,0,0,0,0,0
21,5,9,41,1,12,12,6,11,6,4,1,18,5,3,3,2,4,8,0,0,0,0,0,0,0,0,0,0,0,1,2,2,3,4,4,1,2,2,2,3,4,1,2,2,2,2,2,3,0,0,0,0,0,0,0,0,0,0,0,1,2,2,3,4,1,2,2,2,2,3,4,1,2,2,2,2,2,3,0,0,0,0,0,0,0,0,0,0,0
19,4,5,42,11,2,4,1,44,10,35,0,0,0,0,0,0,0,0,0,0,0,0,0,0,0,0,0,0,0,1,2,2,2,2,2,3,4,1,2,3,0,0,0,0,0,0,0,0,0,0,0,0,0,0,0,0,0,0,0,1,2,2,2,2,2,3,4,1,2,3,0,0,0,0,0,0,0,0,0,0,0,0,0,0,0,0,0,0,0
11,6,6,18,7,8,30,6,0,0,0,0,0,0,0,0,0,0,0,0,0,0,0,0,0,0,0,0,0,0,1,2,2,3,1,2,2,3,0,0,0,0,0,0,0,0,0,0,0,0,0,0,0,0,0,0,0,0,0,0,1,2,2,3,1,2,2,3,0,0,0,0,0,0,0,0,0,0,0,0,0,0,0,0,0,0,0,0,0,0
20,9,63,32,7,3,23,6,8,17,9,12,7,7,13,3,4,7,8,28,0,0,0,0,0,0,0,0,0,0,1,3,4,1,2,3,1,2,3,1,2,2,2,3,1,2,2,2,2,3,0,0,0,0,0,0,0,0,0,0,1,2,3,1,2,3,1,2,3,1,2,2,2,3,1,2,2,2,2,3,0,0,0,0,0,0,0,0,0,0
24,15,22,24,1,33,13,10,1,19,27,1,33,23,20,14,13,1,27,10,34,17,33,26,14,0,0,0,0,0,1,2,2,3,4,1,2,3,4,1,3,4,1,2,2,2,3,4,1,2,2,2,2,2,3,0,0,0,0,0,1,2,2,3,4,1,2,3,4,1,3,4,1,2,2,2,3,4,1,2,2,2,2,2,3,0,0,0,0,0
27,15,20,43,10,1,15,10,29,22,43,17,35,26,10,0,0,0,0,0,0,0,0,0,0,0,0,0,0,0,1,2,2,2,3,4,1,2,2,2,2,2,2,2,3,0,0,0,0,0,0,0,0,0,0,0,0,0,0,0,1,2,2,2,3,4,1,2,2,2,2,2,2,2,3,0,0,0,0,0,0,0,0,0,0,0,0,0,0,0
45,43,20,27,1,29,10,1,52,33,17,15,14,10,15,24,10,26,15,10,34,20,23,10,59,1,15,27,0,0,1,2,2,3,4,1,3,4,1,2,2,2,2,2,3,1,2,3,1,2,2,2,2,3,4,4,1,3,0,0,1,2,2,3,4,1,3,4,1,2,2,2,2,2,3,1,2,2,2,2,2,2,2,3,4,4,1,3,0,0
4,2,30,52,25,2,25,2,20,8,30,6,0,0,0,0,0,0,0,0,0,0,0,0,0,0,0,0,0,0,1,2,3,1,2,2,2,3,1,2,2,3,0,0,0,0,0,0,0,0,0,0,0,0,0,0,0,0,0,0,1,2,3,1,2,2,2,3,1,2,2,3,0,0,0,0,0,0,0,0,0,0,0,0,0,0,0,0,0,0
5,37,28,1,18,7,40,2,11,9,59,1,7,42,21,21,40,3,0,0,0,0,0,0,0,0,0,0,0,0,1,2,3,4,1,2,2,2,2,3,4,4,1,2,2,2,2,3,0,0,0,0,0,0,0,0,0,0,0,0,1,2,3,4,1,2,2,2,2,3,4,4,1,2,2,2,2,3,0,0,0,0,0,0,0,0,0,0,0,0
29,23,36,1,34,23,1,44,15,20,14,10,1,48,27,17,14,0,0,0,0,0,0,0,0,0,0,0,0,0,1,2,3,4,1,3,4,1,2,2,2,3,4,1,2,2,3,0,0,0,0,0,0,0,0,0,0,0,0,0,1,2,3,4,1,3,4,1,2,2,2,3,4,1,2,2,3,0,0,0,0,0,0,0,0,0,0,0,0,0
30,7,40,9,31,6,4,3,0,0,0,0,0,0,0,0,0,0,0,0,0,0,0,0,0,0,0,0,0,0,1,2,3,1,2,2,2,3,0,0,0,0,0,0,0,0,0,0,0,0,0,0,0,0,0,0,0,0,0,0,1,2,3,1,2,2,2,3,0,0,0,0,0,0,0,0,0,0,0,0,0,0,0,0,0,0,0,0,0,0
29,17,24,1,43,20,10,44,1,19,10,23,14,15,10,1,26,22,23,36,0,0,0,0,0,0,0,0,0,0,1,2,3,4,1,2,2,3,4,1,2,2,2,2,3,4,1,2,2,3,0,0,0,0,0,0,0,0,0,0,1,2,3,4,1,2,2,3,4,1,2,2,2,2,3,4,1,2,2,3,0,0,0,0,0,0,0,0,0,0
52,1,7,9,5,11,18,31,5,0,0,0,0,0,0,0,0,0,0,0,0,0,0,0,0,0,0,0,0,0,4,4,1,3,1,2,2,2,3,0,0,0,0,0,0,0,0,0,0,0,0,0,0,0,0,0,0,0,0,0,3,4,1,2,2,3,1,2,3,0,0,0,0,0,0,0,0,0,0,0,0,0,0,0,0,0,0,0,0,0
18,5,4,5,21,9,1,25,9,2,1,28,31,7,3,9,0,0,0,0,0,0,0,0,0,0,0,0,0,0,1,2,2,2,2,3,4,1,2,3,4,4,1,2,2,3,0,0,0,0,0,0,0,0,0,0,0,0,0,0,1,2,2,2,2,3,4,1,2,3,4,1,2,2,2,3,0,0,0,0,0,0,0,0,0,0,0,0,0,0
24,15,1,29,27,1,22,24,10,23,1,34,20,26,10,0,0,0,0,0,0,0,0,0,0,0,0,0,0,0,1,3,4,1,3,4,1,2,2,3,4,1,2,2,3,0,0,0,0,0,0,0,0,0,0,0,0,0,0,0,1,3,4,1,3,4,1,2,2,3,4,1,2,2,3,0,0,0,0,0,0,0,0,0,0,0,0,0,0,0
49,18,2,28,14,5,28,9,0,0,0,0,0,0,0,0,0,0,0,0,0,0,0,0,0,0,0,0,0,0,1,2,2,3,1,2,2,3,0,0,0,0,0,0,0,0,0,0,0,0,0,0,0,0,0,0,0,0,0,0,1,2,2,3,1,2,2,3,0,0,0,0,0,0,0,0,0,0,0,0,0,0,0,0,0,0,0,0,0,0
45,24,14,1,23,2,42,45,27,15,13,3,5,3,2,0,0,0,0,0,0,0,0,0,0,0,0,0,0,0,1,2,3,4,1,2,3,1,2,3,1,2,2,2,3,0,0,0,0,0,0,0,0,0,0,0,0,0,0,0,1,2,3,4,1,2,3,1,2,3,1,2,2,2,3,0,0,0,0,0,0,0,0,0,0,0,0,0,0,0
19,13,13,1,13,14,17,14,10,1,27,10,26,10,14,10,27,0,0,0,0,0,0,0,0,0,0,0,0,0,1,2,3,4,1,2,2,2,3,4,1,2,2,2,2,2,3,0,0,0,0,0,0,0,0,0,0,0,0,0,1,2,3,4,1,2,2,2,3,4,1,2,2,2,2,2,3,0,0,0,0,0,0,0,0,0,0,0,0,0
41,29,9,28,17,12,12,6,25,8,3,29,5,8,5,28,2,4,19,20,27,0,0,0,0,0,0,0,0,0,4,1,2,3,1,2,2,2,2,2,3,1,2,2,2,2,2,3,1,2,3,0,0,0,0,0,0,0,0,0,4,1,2,3,1,2,2,2,2,2,3,1,2,2,2,2,2,3,1,2,3,0,0,0,0,0,0,0,0,0
48,17,43,17,1,13,20,36,23,17,14,33,15,10,1,33,23,46,23,22,44,23,0,0,0,0,0,0,0,0,1,2,2,3,4,1,2,2,2,2,2,2,2,3,4,1,2,2,2,2,2,3,0,0,0,0,0,0,0,0,1,2,2,3,4,1,2,2,2,2,2,2,2,3,4,1,2,2,2,2,2,3,0,0,0,0,0,0,0,0
28,22,37,2,4,11,5,38,1,3,31,2,1,28,25,7,0,0,0,0,0,0,0,0,0,0,0,0,0,0,4,1,2,2,2,2,2,3,4,1,2,3,4,1,2,3,0,0,0,0,0,0,0,0,0,0,0,0,0,0,4,1,2,2,2,2,2,3,4,1,2,3,4,1,2,3,0,0,0,0,0,0,0,0,0,0,0,0,0,0
36,2,3,29,7,8,15,6,42,39,2,7,28,31,3,0,0,0,0,0,0,0,0,0,0,0,0,0,0,0,1,2,3,1,2,3,1,2,3,1,2,2,2,2,3,0,0,0,0,0,0,0,0,0,0,0,0,0,0,0,1,2,3,1,2,3,1,2,3,1,2,2,2,2,3,0,0,0,0,0,0,0,0,0,0,0,0,0,0,0
9,42,7,8,28,17,12,3,7,6,8,9,1,26,17,34,0,0,0,0,0,0,0,0,0,0,0,0,0,0,1,2,2,2,3,1,2,2,2,2,2,3,4,1,2,3,0,0,0,0,0,0,0,0,0,0,0,0,0,0,1,2,2,2,3,1,2,2,2,2,2,3,4,1,2,3,0,0,0,0,0,0,0,0,0,0,0,0,0,0
28,2,3,24,39,24,24,4,6,49,2,12,3,9,0,0,0,0,0,0,0,0,0,0,0,0,0,0,0,0,1,2,3,1,2,3,1,2,2,2,2,2,2,3,0,0,0,0,0,0,0,0,0,0,0,0,0,0,0,0,1,2,3,1,2,3,1,2,2,2,2,2,2,3,0,0,0,0,0,0,0,0,0,0,0,0,0,0,0,0
9,30,9,32,31,6,21,2,0,0,0,0,0,0,0,0,0,0,0,0,0,0,0,0,0,0,0,0,0,0,1,2,2,3,1,2,2,3,0,0,0,0,0,0,0,0,0,0,0,0,0,0,0,0,0,0,0,0,0,0,1,2,3,1,2,2,2,3,0,0,0,0,0,0,0,0,0,0,0,0,0,0,0,0,0,0,0,0,0,0
16,2,37,1,18,4,6,12,1,30,7,11,11,1,21,5,9,41,0,0,0,0,0,0,0,0,0,0,0,0,1,2,3,4,1,2,2,3,4,1,2,2,3,4,1,2,2,3,0,0,0,0,0,0,0,0,0,0,0,0,1,2,3,4,1,2,2,3,4,1,2,2,3,4,1,2,2,3,0,0,0,0,0,0,0,0,0,0,0,0
17,23,27,1,10,45,24,1,17,13,14,1,26,20,23,10,1,13,14,17,15,14,0,0,0,0,0,0,0,0,1,2,3,4,1,2,3,4,1,2,3,4,1,2,2,3,4,1,2,2,2,3,0,0,0,0,0,0,0,0,1,2,3,4,1,2,3,4,1,2,3,4,1,2,2,3,4,1,2,2,2,3,0,0,0,0,0,0,0,0
34,34,10,13,14,15,1,30,7,4,9,3,17,19,19,10,24,14,0,0,0,0,0,0,0,0,0,0,0,0,1,2,3,1,2,3,4,1,2,2,2,3,1,2,2,2,2,3,0,0,0,0,0,0,0,0,0,0,0,0,1,2,2,2,2,3,4,1,2,2,2,3,1,2,2,2,2,3,0,0,0,0,0,0,0,0,0,0,0,0
23,23,14,24,1,26,22,36,20,23,1,15,10,13,24,22,23,13,10,0,0,0,0,0,0,0,0,0,0,0,1,2,2,3,4,1,2,2,2,3,4,1,2,2,2,2,2,2,3,0,0,0,0,0,0,0,0,0,0,0,1,2,2,3,4,1,2,2,2,3,4,1,2,2,2,2,2,2,3,0,0,0,0,0,0,0,0,0,0,0
16,42,1,21,6,16,2,0,0,0,0,0,0,0,0,0,0,0,0,0,0,0,0,0,0,0,0,0,0,0,1,3,4,1,2,2,3,0,0,0,0,0,0,0,0,0,0,0,0,0,0,0,0,0,0,0,0,0,0,0,1,3,4,1,2,2,3,0,0,0,0,0,0,0,0,0,0,0,0,0,0,0,0,0,0,0,0,0,0,0
18,9,1,12,6,21,1,12,6,11,0,0,0,0,0,0,0,0,0,0,0,0,0,0,0,0,0,0,0,0,1,3,4,1,2,3,4,1,2,3,0,0,0,0,0,0,0,0,0,0,0,0,0,0,0,0,0,0,0,0,1,3,4,1,2,3,4,1,2,3,0,0,0,0,0,0,0,0,0,0,0,0,0,0,0,0,0,0,0,0
3,31,2,27,2,5,3,31,27,35,1,25,18,16,5,3,2,34,7,16,35,38,24,3,7,16,0,0,0,0,1,2,3,1,2,2,2,3,1,3,4,1,2,2,2,2,3,1,2,3,1,3,1,2,2,3,0,0,0,0,1,2,3,1,2,2,2,3,1,3,4,1,2,2,2,2,3,1,2,3,1,3,1,2,2,3,0,0,0,0
23,10,44,36,15,22,33,24,13,1,14,20,29,10,1,22,34,34,13,10,14,0,0,0,0,0,0,0,0,0,1,2,2,2,2,2,2,2,3,4,1,2,2,3,4,1,2,2,2,2,3,0,0,0,0,0,0,0,0,0,1,2,2,2,2,2,2,2,3,4,1,2,2,3,4,1,2,2,2,2,3,0,0,0,0,0,0,0,0,0
52,33,22,14,1,10,23,14,20,14,47,0,0,0,0,0,0,0,0,0,0,0,0,0,0,0,0,0,0,0,1,2,2,3,4,1,2,2,2,2,3,0,0,0,0,0,0,0,0,0,0,0,0,0,0,0,0,0,0,0,1,2,2,3,4,1,2,2,2,2,3,0,0,0,0,0,0,0,0,0,0,0,0,0,0,0,0,0,0,0
2,13,38,9,3,2,21,34,6,8,3,1,14,6,6,11,3,7,18,9,0,0,0,0,0,0,0,0,0,0,4,1,2,2,2,2,3,1,2,2,3,4,1,2,2,2,2,2,2,3,0,0,0,0,0,0,0,0,0,0,4,1,2,2,2,2,3,1,2,2,3,4,1,2,2,2,2,2,2,3,0,0,0,0,0,0,0,0,0,0
31,5,37,2,1,2,40,3,0,0,0,0,0,0,0,0,0,0,0,0,0,0,0,0,0,0,0,0,0,0,1,2,2,3,4,1,2,3,0,0,0,0,0,0,0,0,0,0,0,0,0,0,0,0,0,0,0,0,0,0,1,2,2,3,4,1,2,3,0,0,0,0,0,0,0,0,0,0,0,0,0,0,0,0,0,0,0,0,0,0
24,15,1,20,23,13,10,15,14,1,26,20,23,46,0,0,0,0,0,0,0,0,0,0,0,0,0,0,0,0,1,3,4,1,2,2,2,2,3,4,1,2,2,3,0,0,0,0,0,0,0,0,0,0,0,0,0,0,0,0,1,3,4,1,2,2,2,2,3,4,1,2,2,3,0,0,0,0,0,0,0,0,0,0,0,0,0,0,0,0
40,9,11,33,4,7,34,6,4,46,2,38,0,0,0,0,0,0,0,0,0,0,0,0,0,0,0,0,0,0,1,2,3,1,2,3,1,2,3,1,2,3,0,0,0,0,0,0,0,0,0,0,0,0,0,0,0,0,0,0,1,2,3,1,2,3,1,2,3,1,2,3,0,0,0,0,0,0,0,0,0,0,0,0,0,0,0,0,0,0
35,5,9,2,10,40,12,0,0,0,0,0,0,0,0,0,0,0,0,0,0,0,0,0,0,0,0,0,0,0,1,2,2,3,1,2,3,0,0,0,0,0,0,0,0,0,0,0,0,0,0,0,0,0,0,0,0,0,0,0,1,2,2,3,1,2,3,0,0,0,0,0,0,0,0,0,0,0,0,0,0,0,0,0,0,0,0,0,0,0
24,13,47,1,17,26,24,39,17,1,43,10,15,13,20,22,23,0,0,0,0,0,0,0,0,0,0,0,0,0,1,2,3,4,1,2,2,2,3,4,1,2,2,2,2,2,3,0,0,0,0,0,0,0,0,0,0,0,0,0,1,2,3,4,1,2,2,2,3,4,1,2,2,2,2,2,3,0,0,0,0,0,0,0,0,0,0,0,0,0
8,9,22,25,3,18,25,3,13,3,4,2,5,21,15,2,5,16,38,10,37,2,8,3,0,0,0,0,0,0,1,3,1,2,2,2,2,3,1,2,2,2,2,3,1,2,2,2,3,1,2,2,2,3,0,0,0,0,0,0,1,3,1,2,2,2,2,3,1,2,2,2,2,3,1,2,2,2,3,1,2,2,2,3,0,0,0,0,0,0
13,10,19,1,10,15,15,22,15,1,24,46,19,13,54,56,1,20,23,43,17,26,20,27,1,29,17,19,0,0,1,2,3,4,1,2,2,2,3,4,1,2,2,3,1,3,4,1,2,2,2,2,2,3,4,1,2,3,0,0,1,2,3,4,1,2,2,2,3,4,1,2,2,3,1,3,4,1,2,2,2,2,2,3,4,1,2,3,0,0
23,27,35,1,26,10,1,13,3,5,4,3,24,31,5,9,2,19,6,21,18,11,2,3,2,16,0,0,0,0,1,2,3,4,1,3,4,1,2,2,2,3,1,2,2,2,3,1,2,2,2,2,2,2,2,3,0,0,0,0,1,2,3,4,1,3,4,1,2,2,2,3,1,2,2,2,3,1,2,2,2,2,2,2,2,3,0,0,0,0
9,8,16,1,9,2,50,1,50,25,2,25,2,1,3,7,21,2,4,1,3,0,0,0,0,0,0,0,0,0,1,2,3,4,1,2,3,4,1,2,2,2,3,4,1,2,2,2,3,4,4,0,0,0,0,0,0,0,0,0,1,2,3,4,1,2,3,4,1,2,2,2,3,4,1,2,2,2,3,4,4,0,0,0,0,0,0,0,0,0
26,27,17,24,1,13,20,53,10,26,20,29,20,14,1,10,45,19,10,10,27,10,27,0,0,0,0,0,0,0,1,2,2,3,4,1,2,2,3,1,2,2,2,3,4,1,2,2,2,2,2,2,3,0,0,0,0,0,0,0,1,2,2,3,4,1,2,2,2,2,2,2,2,3,4,1,2,2,2,2,2,2,3,0,0,0,0,0,0,0
19,6,8,9,3,14,7,18,6,29,2,8,9,5,49,2,9,1,22,35,48,1,23,33,10,43,22,0,0,0,1,2,2,2,3,1,2,2,3,1,2,2,2,2,2,2,3,4,1,2,3,4,1,2,2,2,3,0,0,0,1,2,2,2,3,1,2,2,3,1,2,2,2,2,2,2,3,4,1,2,3,4,1,2,2,2,3,0,0,0
7,8,7,3,1,50,1,5,25,3,31,1,56,0,0,0,0,0,0,0,0,0,0,0,0,0,0,0,0,0,1,2,2,3,4,4,4,1,2,2,3,4,4,0,0,0,0,0,0,0,0,0,0,0,0,0,0,0,0,0,1,2,2,3,4,4,4,1,2,2,3,4,4,0,0,0,0,0,0,0,0,0,0,0,0,0,0,0,0,0
33,13,10,1,36,10,23,10,15,20,19,0,0,0,0,0,0,0,0,0,0,0,0,0,0,0,0,0,0,0,1,2,3,4,1,2,2,2,2,2,3,0,0,0,0,0,0,0,0,0,0,0,0,0,0,0,0,0,0,0,1,2,3,4,1,2,2,2,2,2,3,0,0,0,0,0,0,0,0,0,0,0,0,0,0,0,0,0,0,0
31,18,32,1,7,6,27,7,4,20,27,0,0,0,0,0,0,0,0,0,0,0,0,0,0,0,0,0,0,0,1,2,3,4,1,3,1,2,3,1,3,0,0,0,0,0,0,0,0,0,0,0,0,0,0,0,0,0,0,0,1,2,3,4,1,3,1,2,3,1,3,0,0,0,0,0,0,0,0,0,0,0,0,0,0,0,0,0,0,0
21,9,28,24,4,7,6,4,7,3,38,0,0,0,0,0,0,0,0,0,0,0,0,0,0,0,0,0,0,0,1,2,3,1,2,2,2,2,2,2,3,0,0,0,0,0,0,0,0,0,0,0,0,0,0,0,0,0,0,0,1,2,3,1,2,2,2,2,2,2,3,0,0,0,0,0,0,0,0,0,0,0,0,0,0,0,0,0,0,0
9,41,2,11,1,9,38,9,1,5,12,11,1,28,2,3,1,18,2,4,21,0,0,0,0,0,0,0,0,0,1,2,2,3,4,1,2,3,4,1,2,3,4,1,2,3,4,1,2,2,3,0,0,0,0,0,0,0,0,0,1,2,2,3,4,1,2,3,4,1,2,3,4,1,2,3,4,1,2,2,3,0,0,0,0,0,0,0,0,0
15,10,13,55,1,19,0,0,0,0,0,0,0,0,0,0,0,0,0,0,0,0,0,0,0,0,0,0,0,0,1,2,3,4,4,4,0,0,0,0,0,0,0,0,0,0,0,0,0,0,0,0,0,0,0,0,0,0,0,0,1,2,2,3,4,1,0,0,0,0,0,0,0,0,0,0,0,0,0,0,0,0,0,0,0,0,0,0,0,0
41,34,7,4,9,3,27,7,4,13,7,51,2,0,0,0,0,0,0,0,0,0,0,0,0,0,0,0,0,0,4,1,2,2,2,3,1,2,3,1,2,2,3,0,0,0,0,0,0,0,0,0,0,0,0,0,0,0,0,0,4,1,2,2,2,3,1,2,3,1,2,2,3,0,0,0,0,0,0,0,0,0,0,0,0,0,0,0,0,0
20,27,19,1,14,10,45,14,44,20,23,1,19,22,24,47,0,0,0,0,0,0,0,0,0,0,0,0,0,0,1,2,3,4,1,2,2,3,1,2,3,4,1,2,2,3,0,0,0,0,0,0,0,0,0,0,0,0,0,0,1,2,3,4,1,2,2,3,1,2,3,4,1,2,2,3,0,0,0,0,0,0,0,0,0,0,0,0,0,0
39,17,43,10,1,27,10,19,26,1,13,47,13,1,13,20,36,26,20,13,14,0,0,0,0,0,0,0,0,0,1,2,2,3,4,1,2,2,3,4,1,2,3,4,1,2,3,1,2,2,3,0,0,0,0,0,0,0,0,0,1,2,2,3,4,1,2,2,3,4,1,2,3,4,1,2,2,2,2,2,3,0,0,0,0,0,0,0,0,0
3,42,6,9,7,16,2,16,0,0,0,0,0,0,0,0,0,0,0,0,0,0,0,0,0,0,0,0,0,0,1,2,3,1,2,2,2,3,0,0,0,0,0,0,0,0,0,0,0,0,0,0,0,0,0,0,0,0,0,0,1,2,3,1,2,2,2,3,0,0,0,0,0,0,0,0,0,0,0,0,0,0,0,0,0,0,0,0,0,0
24,17,36,10,1,33,24,0,0,0,0,0,0,0,0,0,0,0,0,0,0,0,0,0,0,0,0,0,0,0,1,2,2,3,4,1,3,0,0,0,0,0,0,0,0,0,0,0,0,0,0,0,0,0,0,0,0,0,0,0,1,2,2,3,4,1,3,0,0,0,0,0,0,0,0,0,0,0,0,0,0,0,0,0,0,0,0,0,0,0
18,4,6,30,27,2,32,25,3,24,11,5,28,2,0,0,0,0,0,0,0,0,0,0,0,0,0,0,0,0,1,2,2,3,1,2,2,2,3,1,2,2,2,3,0,0,0,0,0,0,0,0,0,0,0,0,0,0,0,0,1,2,2,3,1,2,2,2,3,1,2,2,2,3,0,0,0,0,0,0,0,0,0,0,0,0,0,0,0,0
21,7,8,15,2,9,7,16,25,5,11,19,5,18,5,12,7,3,38,0,0,0,0,0,0,0,0,0,0,0,1,2,3,1,2,2,2,2,2,2,3,1,2,2,2,2,2,2,3,0,0,0,0,0,0,0,0,0,0,0,1,2,3,1,2,2,2,2,2,2,3,1,2,2,2,2,2,2,3,0,0,0,0,0,0,0,0,0,0,0
5,12,58,1,32,7,3,1,5,11,11,6,12,5,3,7,6,8,1,16,32,41,8,2,2,0,0,0,0,0,1,3,4,4,1,2,3,4,1,2,2,2,2,2,2,2,2,3,4,1,3,1,2,2,3,0,0,0,0,0,1,3,4,4,1,2,3,4,1,2,2,2,2,2,2,2,2,3,4,1,2,2,2,2,3,0,0,0,0,0
28,2,3,13,7,8,28,11,2,33,9,2,4,17,18,7,0,0,0,0,0,0,0,0,0,0,0,0,0,0,1,2,3,1,2,2,2,2,3,1,2,2,3,1,2,3,0,0,0,0,0,0,0,0,0,0,0,0,0,0,1,2,3,1,2,2,2,2,3,1,2,2,3,1,2,3,0,0,0,0,0,0,0,0,0,0,0,0,0,0
4,2,21,6,3,2,1,18,11,5,38,11,7,9,3,1,16,2,11,2,3,2,0,0,0,0,0,0,0,0,1,2,2,2,2,3,4,1,2,2,2,2,2,2,3,4,1,2,2,2,2,3,0,0,0,0,0,0,0,0,1,2,2,2,2,3,4,1,2,2,2,2,2,2,3,4,1,2,2,2,2,3,0,0,0,0,0,0,0,0
11,12,18,24,3,4,1,7,0,0,0,0,0,0,0,0,0,0,0,0,0,0,0,0,0,0,0,0,0,0,1,2,3,1,2,3,4,4,0,0,0,0,0,0,0,0,0,0,0,0,0,0,0,0,0,0,0,0,0,0,1,2,3,1,2,3,4,4,0,0,0,0,0,0,0,0,0,0,0,0,0,0,0,0,0,0,0,0,0,0
5,9,3,1,9,5,38,1,16,5,3,2,3,7,21,2,0,0,0,0,0,0,0,0,0,0,0,0,0,0,1,2,3,4,1,2,3,4,1,2,2,3,1,2,2,3,0,0,0,0,0,0,0,0,0,0,0,0,0,0,1,2,3,4,1,2,3,4,1,2,2,2,2,2,2,3,0,0,0,0,0,0,0,0,0,0,0,0,0,0
4,2,21,20,8,37,29,25,26,0,0,0,0,0,0,0,0,0,0,0,0,0,0,0,0,0,0,0,0,0,1,2,3,1,2,3,1,3,4,0,0,0,0,0,0,0,0,0,0,0,0,0,0,0,0,0,0,0,0,0,1,2,3,1,2,3,1,3,1,0,0,0,0,0,0,0,0,0,0,0,0,0,0,0,0,0,0,0,0,0
19,13,3,38,11,2,14,6,41,2,8,0,0,0,0,0,0,0,0,0,0,0,0,0,0,0,0,0,0,0,4,1,2,2,2,3,1,2,2,2,3,0,0,0,0,0,0,0,0,0,0,0,0,0,0,0,0,0,0,0,1,3,1,2,2,3,1,2,2,2,3,0,0,0,0,0,0,0,0,0,0,0,0,0,0,0,0,0,0,0
38,38,11,2,40,0,0,0,0,0,0,0,0,0,0,0,0,0,0,0,0,0,0,0,0,0,0,0,0,0,1,3,1,2,3,0,0,0,0,0,0,0,0,0,0,0,0,0,0,0,0,0,0,0,0,0,0,0,0,0,1,3,1,2,3,0,0,0,0,0,0,0,0,0,0,0,0,0,0,0,0,0,0,0,0,0,0,0,0,0
15,20,27,1,26,22,19,0,0,0,0,0,0,0,0,0,0,0,0,0,0,0,0,0,0,0,0,0,0,0,1,2,3,4,1,2,3,0,0,0,0,0,0,0,0,0,0,0,0,0,0,0,0,0,0,0,0,0,0,0,1,2,3,4,1,2,3,0,0,0,0,0,0,0,0,0,0,0,0,0,0,0,0,0,0,0,0,0,0,0
12,2,11,3,38,18,2,0,0,0,0,0,0,0,0,0,0,0,0,0,0,0,0,0,0,0,0,0,0,0,1,2,3,1,2,2,3,0,0,0,0,0,0,0,0,0,0,0,0,0,0,0,0,0,0,0,0,0,0,0,1,2,3,1,2,2,3,0,0,0,0,0,0,0,0,0,0,0,0,0,0,0,0,0,0,0,0,0,0,0
5,11,9,5,1,11,7,9,18,1,3,0,0,0,0,0,0,0,0,0,0,0,0,0,0,0,0,0,0,0,1,2,2,3,4,1,2,2,3,4,4,0,0,0,0,0,0,0,0,0,0,0,0,0,0,0,0,0,0,0,1,2,2,3,4,1,2,2,3,4,4,0,0,0,0,0,0,0,0,0,0,0,0,0,0,0,0,0,0,0
2,18,1,21,7,8,12,5,12,31,2,1,9,51,0,0,0,0,0,0,0,0,0,0,0,0,0,0,0,0,1,3,4,1,2,3,1,2,2,2,3,4,1,3,0,0,0,0,0,0,0,0,0,0,0,0,0,0,0,0,1,3,4,1,2,3,1,2,2,2,3,4,1,3,0,0,0,0,0,0,0,0,0,0,0,0,0,0,0,0
21,9,25,18,0,0,0,0,0,0,0,0,0,0,0,0,0,0,0,0,0,0,0,0,0,0,0,0,0,0,1,2,2,3,0,0,0,0,0,0,0,0,0,0,0,0,0,0,0,0,0,0,0,0,0,0,0,0,0,0,1,2,2,3,0,0,0,0,0,0,0,0,0,0,0,0,0,0,0,0,0,0,0,0,0,0,0,0,0,0
8,9,26,27,17,24,13,13,26,19,6,8,8,2,12,3,0,0,0,0,0,0,0,0,0,0,0,0,0,0,1,3,1,2,2,3,1,2,3,1,2,2,2,2,2,3,0,0,0,0,0,0,0,0,0,0,0,0,0,0,1,3,1,2,2,2,2,2,3,1,2,2,2,2,2,3,0,0,0,0,0,0,0,0,0,0,0,0,0,0
5,9,21,1,31,7,28,31,1,11,5,32,2,11,0,0,0,0,0,0,0,0,0,0,0,0,0,0,0,0,1,2,3,4,1,2,2,3,4,1,2,2,2,3,0,0,0,0,0,0,0,0,0,0,0,0,0,0,0,0,1,2,3,4,1,2,2,3,4,1,2,2,2,3,0,0,0,0,0,0,0,0,0,0,0,0,0,0,0,0
30,3,1,12,11,2,5,8,25,18,1,9,3,5,12,41,1,16,6,8,2,0,0,0,0,0,0,0,0,0,1,3,4,1,2,2,2,2,2,3,4,1,2,2,2,3,4,1,2,2,3,0,0,0,0,0,0,0,0,0,1,3,4,1,2,2,2,2,2,3,4,1,2,2,2,3,4,1,2,2,3,0,0,0,0,0,0,0,0,0
12,9,1,30,7,11,2,1,9,2,12,0,0,0,0,0,0,0,0,0,0,0,0,0,0,0,0,0,0,0,1,3,4,1,2,2,3,4,1,2,3,0,0,0,0,0,0,0,0,0,0,0,0,0,0,0,0,0,0,0,1,3,4,1,2,2,3,4,1,2,3,0,0,0,0,0,0,0,0,0,0,0,0,0,0,0,0,0,0,0
5,18,5,12,31,2,13,3,6,18,35,34,10,0,0,0,0,0,0,0,0,0,0,0,0,0,0,0,0,0,1,2,2,2,2,3,1,2,2,3,1,2,3,0,0,0,0,0,0,0,0,0,0,0,0,0,0,0,0,0,1,2,2,2,2,3,1,2,2,3,1,2,3,0,0,0,0,0,0,0,0,0,0,0,0,0,0,0,0,0
39,5,8,16,11,2,33,8,4,2,28,7,9,3,2,4,33,15,26,10,12,31,6,10,37,2,8,3,0,0,1,2,2,2,2,3,1,2,2,2,2,2,2,2,2,3,1,2,3,1,2,2,3,1,2,2,2,3,0,0,1,2,2,2,2,3,1,2,2,2,2,2,2,2,2,3,1,2,3,1,2,2,3,1,2,2,2,3,0,0
23,14,26,29,13,13,24,1,23,10,36,22,14,20,17,14,10,1,23,14,26,29,0,0,0,0,0,0,0,0,1,2,2,2,2,2,3,4,1,2,2,2,2,2,2,2,3,4,1,2,2,3,0,0,0,0,0,0,0,0,1,2,3,1,2,2,3,4,1,2,2,2,2,2,2,2,3,4,1,2,2,3,0,0,0,0,0,0,0,0
46,2,38,34,5,11,11,32,5,12,41,0,0,0,0,0,0,0,0,0,0,0,0,0,0,0,0,0,0,0,1,2,3,1,2,2,2,2,2,2,3,0,0,0,0,0,0,0,0,0,0,0,0,0,0,0,0,0,0,0,1,2,3,1,2,2,2,2,2,2,3,0,0,0,0,0,0,0,0,0,0,0,0,0,0,0,0,0,0,0
8,9,1,37,7,7,16,0,0,0,0,0,0,0,0,0,0,0,0,0,0,0,0,0,0,0,0,0,0,0,1,3,4,1,3,1,3,0,0,0,0,0,0,0,0,0,0,0,0,0,0,0,0,0,0,0,0,0,0,0,1,3,4,1,3,1,3,0,0,0,0,0,0,0,0,0,0,0,0,0,0,0,0,0,0,0,0,0,0,0
41,2,38,3,2,40,3,0,0,0,0,0,0,0,0,0,0,0,0,0,0,0,0,0,0,0,0,0,0,0,1,2,3,1,2,2,3,0,0,0,0,0,0,0,0,0,0,0,0,0,0,0,0,0,0,0,0,0,0,0,1,2,3,1,2,2,3,0,0,0,0,0,0,0,0,0,0,0,0,0,0,0,0,0,0,0,0,0,0,0
12,31,5,4,32,25,30,30,0,0,0,0,0,0,0,0,0,0,0,0,0,0,0,0,0,0,0,0,0,0,1,2,2,3,1,2,2,3,0,0,0,0,0,0,0,0,0,0,0,0,0,0,0,0,0,0,0,0,0,0,1,2,2,3,1,2,2,3,0,0,0,0,0,0,0,0,0,0,0,0,0,0,0,0,0,0,0,0,0,0
18,4,7,8,3,24,4,2,35,11,6,12,41,10,40,18,4,2,9,9,7,6,8,0,0,0,0,0,0,0,1,2,2,2,3,1,2,3,1,2,2,2,3,1,2,2,2,2,2,2,2,2,3,0,0,0,0,0,0,0,1,2,2,2,3,1,2,3,1,2,2,2,3,1,2,2,2,2,2,2,2,2,3,0,0,0,0,0,0,0
12,5,11,12,39,2,7,28,31,3,0,0,0,0,0,0,0,0,0,0,0,0,0,0,0,0,0,0,0,0,1,2,2,3,1,2,2,2,2,3,0,0,0,0,0,0,0,0,0,0,0,0,0,0,0,0,0,0,0,0,1,2,2,3,1,2,2,2,2,3,0,0,0,0,0,0,0,0,0,0,0,0,0,0,0,0,0,0,0,0
26,22,19,46,10,27,1,27,35,14,0,0,0,0,0,0,0,0,0,0,0,0,0,0,0,0,0,0,0,0,1,2,2,2,2,3,4,1,2,3,0,0,0,0,0,0,0,0,0,0,0,0,0,0,0,0,0,0,0,0,1,2,2,2,2,3,4,1,2,3,0,0,0,0,0,0,0,0,0,0,0,0,0,0,0,0,0,0,0,0
13,18,4,5,42,16,51,14,38,18,38,13,41,11,5,16,8,7,41,6,42,0,0,0,0,0,0,0,0,0,1,2,2,2,2,2,3,1,2,2,3,1,2,2,2,2,2,2,2,2,3,0,0,0,0,0,0,0,0,0,1,2,2,2,2,2,3,1,2,2,3,1,2,2,2,2,2,2,2,2,3,0,0,0,0,0,0,0,0,0
